Workbook

Sheet aluno 01
B1: PLANILHA DE TREINAMENTO
B2: NOME | C2: Aluno Exemplo
B3: OBJETIVO | C3: Exemplo fictício para teste do template
B5: SEGUNDA | C5: TERÇA | D5: QUARTA | E5: QUINTA | F5: SEXTA
B6: T01 | D6: T02 | F6: T03
A8: OBS
A9: Exemplo fictício: dados criados só para testar o layout.
A11: AQC
B12: SETS | C12: REPS / TEMPO | D12: KG | E12: OBS
A13: Mobilidade de quadril | B13: 2 | C13: 10 | E13: https://www.youtube.com/watch?v=exemplo
A14: Prancha | B14: 3 | C14: 30s
A15: Agachamento goblet | B15: 2 | C15: 10 | D15: 12
A16: ='bloco 01'!C3
A17: SEMANA 01
A18: TREINO 01
B19: SETS | C19: REPS | D19: KG | E19: %1RM / PSE | F19: OBS
A20: ='bloco 01'!$B$6 | B20: ='bloco 01'!C6 | C20: ='bloco 01'!D6 | D20: ='bloco 01'!E6 | E20: =IFERROR(('bloco 01'!F6),"") | F20: ='bloco 01'!G6
A21: ='bloco 01'!$B$7 | B21: ='bloco 01'!C7 | C21: ='bloco 01'!D7 | D21: ='bloco 01'!E7 | E21: =IFERROR(('bloco 01'!F7),"") | F21: ='bloco 01'!G7
A22: ='bloco 01'!$B$8 | B22: ='bloco 01'!C8 | C22: ='bloco 01'!D8 | D22: ='bloco 01'!E8 | E22: =IFERROR(('bloco 01'!F8),"") | F22: ='bloco 01'!G8
A23: ='bloco 01'!$B$9 | B23: ='bloco 01'!C9 | C23: ='bloco 01'!D9 | D23: ='bloco 01'!E9 | E23: =IFERROR(('bloco 01'!F9),"") | F23: ='bloco 01'!G9
A24: ='bloco 01'!$B$10 | B24: ='bloco 01'!C10 | C24: ='bloco 01'!D10 | D24: ='bloco 01'!E10 | E24: =IFERROR(('bloco 01'!F10),"") | F24: ='bloco 01'!G10
A25: ='bloco 01'!$B$11 | B25: ='bloco 01'!C11 | C25: ='bloco 01'!D11 | D25: ='bloco 01'!E11 | E25: =IFERROR(('bloco 01'!F11),"") | F25: ='bloco 01'!G11
A26: ='bloco 01'!$B$12 | B26: ='bloco 01'!C12 | C26: ='bloco 01'!D12 | D26: ='bloco 01'!E12 | E26: =IFERROR(('bloco 01'!F12),"") | F26: ='bloco 01'!G12
A27: ='bloco 01'!$B$13 | B27: ='bloco 01'!C13 | C27: ='bloco 01'!D13 | D27: ='bloco 01'!E13 | E27: =IFERROR(('bloco 01'!F13),"") | F27: ='bloco 01'!G13
A28: ='bloco 01'!$B$14 | B28: ='bloco 01'!C14 | C28: ='bloco 01'!D14 | D28: ='bloco 01'!E14 | E28: =IFERROR(('bloco 01'!F14),"") | F28: ='bloco 01'!G14
A29: ='bloco 01'!$B$15 | B29: ='bloco 01'!C15 | C29: ='bloco 01'!D15 | D29: ='bloco 01'!E15 | E29: =IFERROR(('bloco 01'!F15),"") | F29: ='bloco 01'!G15
A30: TREINO 02
B31: SETS | C31: REPS | D31: KG | E31: %1RM / PSE | F31: OBS
A32: ='bloco 01'!$B$21 | B32: ='bloco 01'!C21 | C32: ='bloco 01'!D21 | D32: ='bloco 01'!E21 | E32: =IFERROR(('bloco 01'!F21),"") | F32: ='bloco 01'!G21
A33: ='bloco 01'!$B$22 | B33: ='bloco 01'!C22 | C33: ='bloco 01'!D22 | D33: ='bloco 01'!E22 | E33: =IFERROR(('bloco 01'!F22),"") | F33: ='bloco 01'!G22
A34: ='bloco 01'!$B$23 | B34: ='bloco 01'!C23 | C34: ='bloco 01'!D23 | D34: ='bloco 01'!E23 | E34: =IFERROR(('bloco 01'!F23),"") | F34: ='bloco 01'!G23
A35: ='bloco 01'!$B$24 | B35: ='bloco 01'!C24 | C35: ='bloco 01'!D24 | D35: ='bloco 01'!E24 | E35: =IFERROR(('bloco 01'!F24),"") | F35: ='bloco 01'!G24
A36: ='bloco 01'!$B$25 | B36: ='bloco 01'!C25 | C36: ='bloco 01'!D25 | D36: ='bloco 01'!E25 | E36: =IFERROR(('bloco 01'!F25),"") | F36: ='bloco 01'!G25
A37: ='bloco 01'!$B$26 | B37: ='bloco 01'!C26 | C37: ='bloco 01'!D26 | D37: ='bloco 01'!E26 | E37: =IFERROR(('bloco 01'!F26),"") | F37: ='bloco 01'!G26
A38: ='bloco 01'!$B$27 | B38: ='bloco 01'!C27 | C38: ='bloco 01'!D27 | D38: ='bloco 01'!E27 | E38: =IFERROR(('bloco 01'!F27),"") | F38: ='bloco 01'!G27
A39: ='bloco 01'!$B$28 | B39: ='bloco 01'!C28 | C39: ='bloco 01'!D28 | D39: ='bloco 01'!E28 | E39: =IFERROR(('bloco 01'!F28),"") | F39: ='bloco 01'!G28
A40: ='bloco 01'!$B$29 | B40: ='bloco 01'!C29 | C40: ='bloco 01'!D29 | D40: ='bloco 01'!E29 | E40: =IFERROR(('bloco 01'!F29),"") | F40: ='bloco 01'!G29
A41: ='bloco 01'!$B$30 | B41: ='bloco 01'!C30 | C41: ='bloco 01'!D30 | D41: ='bloco 01'!E30 | E41: =IFERROR(('bloco 01'!F30),"") | F41: ='bloco 01'!G30
A42: TREINO 03
B43: SETS | C43: REPS | D43: KG | E43: %1RM / PSE | F43: OBS
A44: ='bloco 01'!$B$36 | B44: ='bloco 01'!C36 | C44: ='bloco 01'!D36 | D44: ='bloco 01'!E36 | E44: =IFERROR(('bloco 01'!F36),"") | F44: ='bloco 01'!G36
A45: ='bloco 01'!$B$37 | B45: ='bloco 01'!C37 | C45: ='bloco 01'!D37 | D45: ='bloco 01'!E37 | E45: =IFERROR(('bloco 01'!F37),"") | F45: ='bloco 01'!G37
A46: ='bloco 01'!$B$38 | B46: ='bloco 01'!C38 | C46: ='bloco 01'!D38 | D46: ='bloco 01'!E38 | E46: =IFERROR(('bloco 01'!F38),"") | F46: ='bloco 01'!G38
A47: ='bloco 01'!$B$39 | B47: ='bloco 01'!C39 | C47: ='bloco 01'!D39 | D47: ='bloco 01'!E39 | E47: =IFERROR(('bloco 01'!F39),"") | F47: ='bloco 01'!G39
A48: ='bloco 01'!$B$40 | B48: ='bloco 01'!C40 | C48: ='bloco 01'!D40 | D48: ='bloco 01'!E40 | E48: =IFERROR(('bloco 01'!F40),"") | F48: ='bloco 01'!G40
A49: ='bloco 01'!$B$41 | B49: ='bloco 01'!C41 | C49: ='bloco 01'!D41 | D49: ='bloco 01'!E41 | E49: =IFERROR(('bloco 01'!F41),"") | F49: ='bloco 01'!G41
A50: ='bloco 01'!$B$42 | B50: ='bloco 01'!C42 | C50: ='bloco 01'!D42 | D50: ='bloco 01'!E42 | E50: =IFERROR(('bloco 01'!F42),"") | F50: ='bloco 01'!G42
A51: ='bloco 01'!$B$43 | B51: ='bloco 01'!C43 | C51: ='bloco 01'!D43 | D51: ='bloco 01'!E43 | E51: =IFERROR(('bloco 01'!F43),"") | F51: ='bloco 01'!G43
A52: ='bloco 01'!$B$44 | B52: ='bloco 01'!C44 | C52: ='bloco 01'!D44 | D52: ='bloco 01'!E44 | E52: =IFERROR(('bloco 01'!F44),"") | F52: ='bloco 01'!G44
A53: ='bloco 01'!$B$45 | B53: ='bloco 01'!C45 | C53: ='bloco 01'!D45 | D53: ='bloco 01'!E45 | E53: =IFERROR(('bloco 01'!F45),"") | F53: ='bloco 01'!G45
A54: ='bloco 01'!I3
A55: SEMANA 02
A56: TREINO 01
B57: SETS | C57: REPS | D57: KG | E57: %1RM / PSE | F57: OBS
A58: ='bloco 01'!$B$6 | B58: ='bloco 01'!I6 | C58: ='bloco 01'!J6 | D58: ='bloco 01'!K6 | E58: =IFERROR(('bloco 01'!L6),"") | F58: ='bloco 01'!M6
A59: ='bloco 01'!$B$7 | B59: ='bloco 01'!I7 | C59: ='bloco 01'!J7 | D59: ='bloco 01'!K7 | E59: =IFERROR(('bloco 01'!L7),"") | F59: ='bloco 01'!M7
A60: ='bloco 01'!$B$8 | B60: ='bloco 01'!I8 | C60: ='bloco 01'!J8 | D60: ='bloco 01'!K8 | E60: =IFERROR(('bloco 01'!L8),"") | F60: ='bloco 01'!M8
A61: ='bloco 01'!$B$9 | B61: ='bloco 01'!I9 | C61: ='bloco 01'!J9 | D61: ='bloco 01'!K9 | E61: =IFERROR(('bloco 01'!L9),"") | F61: ='bloco 01'!M9
A62: ='bloco 01'!$B$10 | B62: ='bloco 01'!I10 | C62: ='bloco 01'!J10 | D62: ='bloco 01'!K10 | E62: =IFERROR(('bloco 01'!L10),"") | F62: ='bloco 01'!M10
A63: ='bloco 01'!$B$11 | B63: ='bloco 01'!I11 | C63: ='bloco 01'!J11 | D63: ='bloco 01'!K11 | E63: =IFERROR(('bloco 01'!L11),"") | F63: ='bloco 01'!M11
A64: ='bloco 01'!$B$12 | B64: ='bloco 01'!I12 | C64: ='bloco 01'!J12 | D64: ='bloco 01'!K12 | E64: =IFERROR(('bloco 01'!L12),"") | F64: ='bloco 01'!M12
A65: ='bloco 01'!$B$13 | B65: ='bloco 01'!I13 | C65: ='bloco 01'!J13 | D65: ='bloco 01'!K13 | E65: =IFERROR(('bloco 01'!L13),"") | F65: ='bloco 01'!M13
A66: ='bloco 01'!$B$14 | B66: ='bloco 01'!I14 | C66: ='bloco 01'!J14 | D66: ='bloco 01'!K14 | E66: =IFERROR(('bloco 01'!L14),"") | F66: ='bloco 01'!M14
A67: ='bloco 01'!$B$15 | B67: ='bloco 01'!I15 | C67: ='bloco 01'!J15 | D67: ='bloco 01'!K15 | E67: =IFERROR(('bloco 01'!L15),"") | F67: ='bloco 01'!M15
A68: TREINO 02
B69: SETS | C69: REPS | D69: KG | E69: %1RM / PSE | F69: OBS
A70: ='bloco 01'!$B$21 | B70: ='bloco 01'!I21 | C70: ='bloco 01'!J21 | D70: ='bloco 01'!K21 | E70: =IFERROR(('bloco 01'!L21),"") | F70: ='bloco 01'!M21
A71: ='bloco 01'!$B$22 | B71: ='bloco 01'!I22 | C71: ='bloco 01'!J22 | D71: ='bloco 01'!K22 | E71: =IFERROR(('bloco 01'!L22),"") | F71: ='bloco 01'!M22
A72: ='bloco 01'!$B$23 | B72: ='bloco 01'!I23 | C72: ='bloco 01'!J23 | D72: ='bloco 01'!K23 | E72: =IFERROR(('bloco 01'!L23),"") | F72: ='bloco 01'!M23
A73: ='bloco 01'!$B$24 | B73: ='bloco 01'!I24 | C73: ='bloco 01'!J24 | D73: ='bloco 01'!K24 | E73: =IFERROR(('bloco 01'!L24),"") | F73: ='bloco 01'!M24
A74: ='bloco 01'!$B$25 | B74: ='bloco 01'!I25 | C74: ='bloco 01'!J25 | D74: ='bloco 01'!K25 | E74: =IFERROR(('bloco 01'!L25),"") | F74: ='bloco 01'!M25
A75: ='bloco 01'!$B$26 | B75: ='bloco 01'!I26 | C75: ='bloco 01'!J26 | D75: ='bloco 01'!K26 | E75: =IFERROR(('bloco 01'!L26),"") | F75: ='bloco 01'!M26
A76: ='bloco 01'!$B$27 | B76: ='bloco 01'!I27 | C76: ='bloco 01'!J27 | D76: ='bloco 01'!K27 | E76: =IFERROR(('bloco 01'!L27),"") | F76: ='bloco 01'!M27
A77: ='bloco 01'!$B$28 | B77: ='bloco 01'!I28 | C77: ='bloco 01'!J28 | D77: ='bloco 01'!K28 | E77: =IFERROR(('bloco 01'!L28),"") | F77: ='bloco 01'!M28
A78: ='bloco 01'!$B$29 | B78: ='bloco 01'!I29 | C78: ='bloco 01'!J29 | D78: ='bloco 01'!K29 | E78: =IFERROR(('bloco 01'!L29),"") | F78: ='bloco 01'!M29
A79: ='bloco 01'!$B$30 | B79: ='bloco 01'!I30 | C79: ='bloco 01'!J30 | D79: ='bloco 01'!K30 | E79: =IFERROR(('bloco 01'!L30),"") | F79: ='bloco 01'!M30
A80: TREINO 03
B81: SETS | C81: REPS | D81: KG | E81: %1RM / PSE | F81: OBS
A82: ='bloco 01'!$B$36 | B82: ='bloco 01'!I36 | C82: ='bloco 01'!J36 | D82: ='bloco 01'!K36 | E82: =IFERROR(('bloco 01'!L36),"") | F82: ='bloco 01'!M36
A83: ='bloco 01'!$B$37 | B83: ='bloco 01'!I37 | C83: ='bloco 01'!J37 | D83: ='bloco 01'!K37 | E83: =IFERROR(('bloco 01'!L37),"") | F83: ='bloco 01'!M37
A84: ='bloco 01'!$B$38 | B84: ='bloco 01'!I38 | C84: ='bloco 01'!J38 | D84: ='bloco 01'!K38 | E84: =IFERROR(('bloco 01'!L38),"") | F84: ='bloco 01'!M38
A85: ='bloco 01'!$B$39 | B85: ='bloco 01'!I39 | C85: ='bloco 01'!J39 | D85: ='bloco 01'!K39 | E85: =IFERROR(('bloco 01'!L39),"") | F85: ='bloco 01'!M39
A86: ='bloco 01'!$B$40 | B86: ='bloco 01'!I40 | C86: ='bloco 01'!J40 | D86: ='bloco 01'!K40 | E86: =IFERROR(('bloco 01'!L40),"") | F86: ='bloco 01'!M40
A87: ='bloco 01'!$B$41 | B87: ='bloco 01'!I41 | C87: ='bloco 01'!J41 | D87: ='bloco 01'!K41 | E87: =IFERROR(('bloco 01'!L41),"") | F87: ='bloco 01'!M41
A88: ='bloco 01'!$B$42 | B88: ='bloco 01'!I42 | C88: ='bloco 01'!J42 | D88: ='bloco 01'!K42 | E88: =IFERROR(('bloco 01'!L42),"") | F88: ='bloco 01'!M42
A89: ='bloco 01'!$B$43 | B89: ='bloco 01'!I43 | C89: ='bloco 01'!J43 | D89: ='bloco 01'!K43 | E89: =IFERROR(('bloco 01'!L43),"") | F89: ='bloco 01'!M43
A90: ='bloco 01'!$B$44 | B90: ='bloco 01'!I44 | C90: ='bloco 01'!J44 | D90: ='bloco 01'!K44 | E90: =IFERROR(('bloco 01'!L44),"") | F90: ='bloco 01'!M44
A91: ='bloco 01'!$B$45 | B91: ='bloco 01'!I45 | C91: ='bloco 01'!J45 | D91: ='bloco 01'!K45 | E91: =IFERROR(('bloco 01'!L45),"") | F91: ='bloco 01'!M45
A109: ='bloco 01'!O3
A110: SEMANA 03
A111: TREINO 01
B112: SETS | C112: REPS | D112: KG | E112: %1RM / PSE | F112: OBS
A113: ='bloco 01'!$B$6 | B113: ='bloco 01'!O6 | C113: ='bloco 01'!P6 | D113: ='bloco 01'!Q6 | E113: =IFERROR(('bloco 01'!R6),"") | F113: ='bloco 01'!S6
A114: ='bloco 01'!$B$7 | B114: ='bloco 01'!O7 | C114: ='bloco 01'!P7 | D114: ='bloco 01'!Q7 | E114: =IFERROR(('bloco 01'!R7),"") | F114: ='bloco 01'!S7
A115: ='bloco 01'!$B$8 | B115: ='bloco 01'!O8 | C115: ='bloco 01'!P8 | D115: ='bloco 01'!Q8 | E115: =IFERROR(('bloco 01'!R8),"") | F115: ='bloco 01'!S8
A116: ='bloco 01'!$B$9 | B116: ='bloco 01'!O9 | C116: ='bloco 01'!P9 | D116: ='bloco 01'!Q9 | E116: =IFERROR(('bloco 01'!R9),"") | F116: ='bloco 01'!S9
A117: ='bloco 01'!$B$10 | B117: ='bloco 01'!O10 | C117: ='bloco 01'!P10 | D117: ='bloco 01'!Q10 | E117: =IFERROR(('bloco 01'!R10),"") | F117: ='bloco 01'!S10
A118: ='bloco 01'!$B$11 | B118: ='bloco 01'!O11 | C118: ='bloco 01'!P11 | D118: ='bloco 01'!Q11 | E118: =IFERROR(('bloco 01'!R11),"") | F118: ='bloco 01'!S11
A119: ='bloco 01'!$B$12 | B119: ='bloco 01'!O12 | C119: ='bloco 01'!P12 | D119: ='bloco 01'!Q12 | E119: =IFERROR(('bloco 01'!R12),"") | F119: ='bloco 01'!S12
A120: ='bloco 01'!$B$13 | B120: ='bloco 01'!O13 | C120: ='bloco 01'!P13 | D120: ='bloco 01'!Q13 | E120: =IFERROR(('bloco 01'!R13),"") | F120: ='bloco 01'!S13
...

Sheet bloco 01
A1: BLOCO 01
A3: TREINO 01 | C3: 46027 | I3: 46034 | O3: 46041 | U3: 46048
C4: SETS | D4: REPS | E4: KG | F4: %1RM | G4: OBS | I4: SETS | J4: REPS | K4: KG | L4: %1RM | M4: OBS | O4: SETS | P4: REPS | Q4: KG | R4: %1RM | S4: OBS | U4: SETS | V4: REPS | W4: KG | X4: %1RM | Y4: OBS
B5: exercícios | F5: pse | L5: pse | R5: pse | X5: pse
B6: Agachamento | C6: 3 | D6: 5 | E6: 60 | F6: 0.5333 | G6: aquecimento | L6: =IFERROR(__xludf.DUMMYFUNCTION("IFERROR( $K6/ VLOOKUP( IF( REGEXMATCH($B6,""(?i)agachamento""),""Agachamento"", IF( REGEXMATCH($B6,""(?i)supino""),""Supino"", IF( REGEXMATCH($B6,""(?i)terra""),""Terra"", IF( REGEXMATCH($B6,""(?i)desenvolvimento""),""Desenvolvimento"", "&" IF( REGEXMATCH($B6,""(?i)remada""),""Remada"", IF(REGEXMATCH($B6,""(?i)arranco""),""Arranco"",IF(REGEXMATCH($B6,""(?i)arremesso""),""Arremesso"","""")) ) ) ) ) ), prs!$A$6:$D$12, 4, FALSE ) ,"""")"),"") | R6: =IFERROR(__xludf.DUMMYFUNCTION("IFERROR( $Q6/ VLOOKUP( IF( REGEXMATCH($B6,""(?i)agachamento""),""Agachamento"", IF( REGEXMATCH($B6,""(?i)supino""),""Supino"", IF( REGEXMATCH($B6,""(?i)terra""),""Terra"", IF( REGEXMATCH($B6,""(?i)desenvolvimento""),""Desenvolvimento"", "&" IF( REGEXMATCH($B6,""(?i)remada""),""Remada"", IF(REGEXMATCH($B6,""(?i)arranco""),""Arranco"",IF(REGEXMATCH($B6,""(?i)arremesso""),""Arremesso"","""")) ) ) ) ) ), prs!$A$6:$D$12, 4, FALSE ) ,"""")"),"") | X6: =IFERROR(__xludf.DUMMYFUNCTION("IFERROR( $W6/ VLOOKUP( IF( REGEXMATCH($B6,""(?i)agachamento""),""Agachamento"", IF( REGEXMATCH($B6,""(?i)supino""),""Supino"", IF( REGEXMATCH($B6,""(?i)terra""),""Terra"", IF( REGEXMATCH($B6,""(?i)desenvolvimento""),""Desenvolvimento"", "&" IF( REGEXMATCH($B6,""(?i)remada""),""Remada"", IF(REGEXMATCH($B6,""(?i)arranco""),""Arranco"",IF(REGEXMATCH($B6,""(?i)arremesso""),""Arremesso"","""")) ) ) ) ) ), prs!$A$6:$D$12, 4, FALSE ) ,"""")"),"")
B7: Agachamento | C7: 4 | D7: 5 | E7: 85 | F7: 0.7555 | G7: principal | L7: =IFERROR(__xludf.DUMMYFUNCTION("IFERROR( $K7/ VLOOKUP( IF( REGEXMATCH($B7,""(?i)agachamento""),""Agachamento"", IF( REGEXMATCH($B7,""(?i)supino""),""Supino"", IF( REGEXMATCH($B7,""(?i)terra""),""Terra"", IF( REGEXMATCH($B7,""(?i)desenvolvimento""),""Desenvolvimento"", "&" IF( REGEXMATCH($B7,""(?i)remada""),""Remada"", IF(REGEXMATCH($B7,""(?i)arranco""),""Arranco"",IF(REGEXMATCH($B7,""(?i)arremesso""),""Arremesso"","""")) ) ) ) ) ), prs!$A$6:$D$12, 4, FALSE ) ,"""")"),"") | R7: =IFERROR(__xludf.DUMMYFUNCTION("IFERROR( $Q7/ VLOOKUP( IF( REGEXMATCH($B7,""(?i)agachamento""),""Agachamento"", IF( REGEXMATCH($B7,""(?i)supino""),""Supino"", IF( REGEXMATCH($B7,""(?i)terra""),""Terra"", IF( REGEXMATCH($B7,""(?i)desenvolvimento""),""Desenvolvimento"", "&" IF( REGEXMATCH($B7,""(?i)remada""),""Remada"", IF(REGEXMATCH($B7,""(?i)arranco""),""Arranco"",IF(REGEXMATCH($B7,""(?i)arremesso""),""Arremesso"","""")) ) ) ) ) ), prs!$A$6:$D$12, 4, FALSE ) ,"""")"),"") | X7: =IFERROR(__xludf.DUMMYFUNCTION("IFERROR( $W7/ VLOOKUP( IF( REGEXMATCH($B7,""(?i)agachamento""),""Agachamento"", IF( REGEXMATCH($B7,""(?i)supino""),""Supino"", IF( REGEXMATCH($B7,""(?i)terra""),""Terra"", IF( REGEXMATCH($B7,""(?i)desenvolvimento""),""Desenvolvimento"", "&" IF( REGEXMATCH($B7,""(?i)remada""),""Remada"", IF(REGEXMATCH($B7,""(?i)arranco""),""Arranco"",IF(REGEXMATCH($B7,""(?i)arremesso""),""Arremesso"","""")) ) ) ) ) ), prs!$A$6:$D$12, 4, FALSE ) ,"""")"),"")
B8: Supino | C8: 4 | D8: 6 | E8: 60 | F8: 0.7618 | L8: =IFERROR(__xludf.DUMMYFUNCTION("IFERROR( $K8/ VLOOKUP( IF( REGEXMATCH($B8,""(?i)agachamento""),""Agachamento"", IF( REGEXMATCH($B8,""(?i)supino""),""Supino"", IF( REGEXMATCH($B8,""(?i)terra""),""Terra"", IF( REGEXMATCH($B8,""(?i)desenvolvimento""),""Desenvolvimento"", "&" IF( REGEXMATCH($B8,""(?i)remada""),""Remada"", IF(REGEXMATCH($B8,""(?i)arranco""),""Arranco"",IF(REGEXMATCH($B8,""(?i)arremesso""),""Arremesso"","""")) ) ) ) ) ), prs!$A$6:$D$12, 4, FALSE ) ,"""")"),"") | R8: =IFERROR(__xludf.DUMMYFUNCTION("IFERROR( $Q8/ VLOOKUP( IF( REGEXMATCH($B8,""(?i)agachamento""),""Agachamento"", IF( REGEXMATCH($B8,""(?i)supino""),""Supino"", IF( REGEXMATCH($B8,""(?i)terra""),""Terra"", IF( REGEXMATCH($B8,""(?i)desenvolvimento""),""Desenvolvimento"", "&" IF( REGEXMATCH($B8,""(?i)remada""),""Remada"", IF(REGEXMATCH($B8,""(?i)arranco""),""Arranco"",IF(REGEXMATCH($B8,""(?i)arremesso""),""Arremesso"","""")) ) ) ) ) ), prs!$A$6:$D$12, 4, FALSE ) ,"""")"),"") | X8: =IFERROR(__xludf.DUMMYFUNCTION("IFERROR( $W8/ VLOOKUP( IF( REGEXMATCH($B8,""(?i)agachamento""),""Agachamento"", IF( REGEXMATCH($B8,""(?i)supino""),""Supino"", IF( REGEXMATCH($B8,""(?i)terra""),""Terra"", IF( REGEXMATCH($B8,""(?i)desenvolvimento""),""Desenvolvimento"", "&" IF( REGEXMATCH($B8,""(?i)remada""),""Remada"", IF(REGEXMATCH($B8,""(?i)arranco""),""Arranco"",IF(REGEXMATCH($B8,""(?i)arremesso""),""Arremesso"","""")) ) ) ) ) ), prs!$A$6:$D$12, 4, FALSE ) ,"""")"),"")
B9: Remada curvada | C9: 3 | D9: 10 | E9: 40 | G9: biset | L9: =IFERROR(__xludf.DUMMYFUNCTION("IFERROR( $K9/ VLOOKUP( IF( REGEXMATCH($B9,""(?i)agachamento""),""Agachamento"", IF( REGEXMATCH($B9,""(?i)supino""),""Supino"", IF( REGEXMATCH($B9,""(?i)terra""),""Terra"", IF( REGEXMATCH($B9,""(?i)desenvolvimento""),""Desenvolvimento"", "&" IF( REGEXMATCH($B9,""(?i)remada""),""Remada"", IF(REGEXMATCH($B9,""(?i)arranco""),""Arranco"",IF(REGEXMATCH($B9,""(?i)arremesso""),""Arremesso"","""")) ) ) ) ) ), prs!$A$6:$D$12, 4, FALSE ) ,"""")"),"") | R9: =IFERROR(__xludf.DUMMYFUNCTION("IFERROR( $Q9/ VLOOKUP( IF( REGEXMATCH($B9,""(?i)agachamento""),""Agachamento"", IF( REGEXMATCH($B9,""(?i)supino""),""Supino"", IF( REGEXMATCH($B9,""(?i)terra""),""Terra"", IF( REGEXMATCH($B9,""(?i)desenvolvimento""),""Desenvolvimento"", "&" IF( REGEXMATCH($B9,""(?i)remada""),""Remada"", IF(REGEXMATCH($B9,""(?i)arranco""),""Arranco"",IF(REGEXMATCH($B9,""(?i)arremesso""),""Arremesso"","""")) ) ) ) ) ), prs!$A$6:$D$12, 4, FALSE ) ,"""")"),"") | X9: =IFERROR(__xludf.DUMMYFUNCTION("IFERROR( $W9/ VLOOKUP( IF( REGEXMATCH($B9,""(?i)agachamento""),""Agachamento"", IF( REGEXMATCH($B9,""(?i)supino""),""Supino"", IF( REGEXMATCH($B9,""(?i)terra""),""Terra"", IF( REGEXMATCH($B9,""(?i)desenvolvimento""),""Desenvolvimento"", "&" IF( REGEXMATCH($B9,""(?i)remada""),""Remada"", IF(REGEXMATCH($B9,""(?i)arranco""),""Arranco"",IF(REGEXMATCH($B9,""(?i)arremesso""),""Arremesso"","""")) ) ) ) ) ), prs!$A$6:$D$12, 4, FALSE ) ,"""")"),"")
B10: Prancha lateral | C10: 3 | D10: 30s | G10: biset | L10: =IFERROR(__xludf.DUMMYFUNCTION("IFERROR( $K10/ VLOOKUP( IF( REGEXMATCH($B10,""(?i)agachamento""),""Agachamento"", IF( REGEXMATCH($B10,""(?i)supino""),""Supino"", IF( REGEXMATCH($B10,""(?i)terra""),""Terra"", IF( REGEXMATCH($B10,""(?i)desenvolvimento""),""Desenvolvimento"&""", IF( REGEXMATCH($B10,""(?i)remada""),""Remada"", IF(REGEXMATCH($B10,""(?i)arranco""),""Arranco"",IF(REGEXMATCH($B10,""(?i)arremesso""),""Arremesso"","""")) ) ) ) ) ), prs!$A$6:$D$12, 4, FALSE ) ,"""")"),"") | R10: =IFERROR(__xludf.DUMMYFUNCTION("IFERROR( $Q10/ VLOOKUP( IF( REGEXMATCH($B10,""(?i)agachamento""),""Agachamento"", IF( REGEXMATCH($B10,""(?i)supino""),""Supino"", IF( REGEXMATCH($B10,""(?i)terra""),""Terra"", IF( REGEXMATCH($B10,""(?i)desenvolvimento""),""Desenvolvimento"&""", IF( REGEXMATCH($B10,""(?i)remada""),""Remada"", IF(REGEXMATCH($B10,""(?i)arranco""),""Arranco"",IF(REGEXMATCH($B10,""(?i)arremesso""),""Arremesso"","""")) ) ) ) ) ), prs!$A$6:$D$12, 4, FALSE ) ,"""")"),"") | X10: =IFERROR(__xludf.DUMMYFUNCTION("IFERROR( $W10/ VLOOKUP( IF( REGEXMATCH($B10,""(?i)agachamento""),""Agachamento"", IF( REGEXMATCH($B10,""(?i)supino""),""Supino"", IF( REGEXMATCH($B10,""(?i)terra""),""Terra"", IF( REGEXMATCH($B10,""(?i)desenvolvimento""),""Desenvolvimento"&""", IF( REGEXMATCH($B10,""(?i)remada""),""Remada"", IF(REGEXMATCH($B10,""(?i)arranco""),""Arranco"",IF(REGEXMATCH($B10,""(?i)arremesso""),""Arremesso"","""")) ) ) ) ) ), prs!$A$6:$D$12, 4, FALSE ) ,"""")"),"")
F11: =IFERROR(__xludf.DUMMYFUNCTION("IFERROR( $E11/ VLOOKUP( IF( REGEXMATCH($B11,""(?i)agachamento""),""Agachamento"", IF( REGEXMATCH($B11,""(?i)supino""),""Supino"", IF( REGEXMATCH($B11,""(?i)terra""),""Terra"", IF( REGEXMATCH($B11,""(?i)desenvolvimento""),""Desenvolvimento"&""", IF( REGEXMATCH($B11,""(?i)remada""),""Remada"", IF(REGEXMATCH($B11,""(?i)arranco""),""Arranco"",IF(REGEXMATCH($B11,""(?i)arremesso""),""Arremesso"","""")) ) ) ) ) ), prs!$A$6:$D$12, 4, FALSE ) ,"""")"),"") | L11: =IFERROR(__xludf.DUMMYFUNCTION("IFERROR( $K11/ VLOOKUP( IF( REGEXMATCH($B11,""(?i)agachamento""),""Agachamento"", IF( REGEXMATCH($B11,""(?i)supino""),""Supino"", IF( REGEXMATCH($B11,""(?i)terra""),""Terra"", IF( REGEXMATCH($B11,""(?i)desenvolvimento""),""Desenvolvimento"&""", IF( REGEXMATCH($B11,""(?i)remada""),""Remada"", IF(REGEXMATCH($B11,""(?i)arranco""),""Arranco"",IF(REGEXMATCH($B11,""(?i)arremesso""),""Arremesso"","""")) ) ) ) ) ), prs!$A$6:$D$12, 4, FALSE ) ,"""")"),"") | R11: =IFERROR(__xludf.DUMMYFUNCTION("IFERROR( $Q11/ VLOOKUP( IF( REGEXMATCH($B11,""(?i)agachamento""),""Agachamento"", IF( REGEXMATCH($B11,""(?i)supino""),""Supino"", IF( REGEXMATCH($B11,""(?i)terra""),""Terra"", IF( REGEXMATCH($B11,""(?i)desenvolvimento""),""Desenvolvimento"&""", IF( REGEXMATCH($B11,""(?i)remada""),""Remada"", IF(REGEXMATCH($B11,""(?i)arranco""),""Arranco"",IF(REGEXMATCH($B11,""(?i)arremesso""),""Arremesso"","""")) ) ) ) ) ), prs!$A$6:$D$12, 4, FALSE ) ,"""")"),"") | X11: =IFERROR(__xludf.DUMMYFUNCTION("IFERROR( $W11/ VLOOKUP( IF( REGEXMATCH($B11,""(?i)agachamento""),""Agachamento"", IF( REGEXMATCH($B11,""(?i)supino""),""Supino"", IF( REGEXMATCH($B11,""(?i)terra""),""Terra"", IF( REGEXMATCH($B11,""(?i)desenvolvimento""),""Desenvolvimento"&""", IF( REGEXMATCH($B11,""(?i)remada""),""Remada"", IF(REGEXMATCH($B11,""(?i)arranco""),""Arranco"",IF(REGEXMATCH($B11,""(?i)arremesso""),""Arremesso"","""")) ) ) ) ) ), prs!$A$6:$D$12, 4, FALSE ) ,"""")"),"")
F12: =IFERROR(__xludf.DUMMYFUNCTION("IFERROR( $E12/ VLOOKUP( IF( REGEXMATCH($B12,""(?i)agachamento""),""Agachamento"", IF( REGEXMATCH($B12,""(?i)supino""),""Supino"", IF( REGEXMATCH($B12,""(?i)terra""),""Terra"", IF( REGEXMATCH($B12,""(?i)desenvolvimento""),""Desenvolvimento"&""", IF( REGEXMATCH($B12,""(?i)remada""),""Remada"", IF(REGEXMATCH($B12,""(?i)arranco""),""Arranco"",IF(REGEXMATCH($B12,""(?i)arremesso""),""Arremesso"","""")) ) ) ) ) ), prs!$A$6:$D$12, 4, FALSE ) ,"""")"),"") | L12: =IFERROR(__xludf.DUMMYFUNCTION("IFERROR( $K12/ VLOOKUP( IF( REGEXMATCH($B12,""(?i)agachamento""),""Agachamento"", IF( REGEXMATCH($B12,""(?i)supino""),""Supino"", IF( REGEXMATCH($B12,""(?i)terra""),""Terra"", IF( REGEXMATCH($B12,""(?i)desenvolvimento""),""Desenvolvimento"&""", IF( REGEXMATCH($B12,""(?i)remada""),""Remada"", IF(REGEXMATCH($B12,""(?i)arranco""),""Arranco"",IF(REGEXMATCH($B12,""(?i)arremesso""),""Arremesso"","""")) ) ) ) ) ), prs!$A$6:$D$12, 4, FALSE ) ,"""")"),"") | R12: =IFERROR(__xludf.DUMMYFUNCTION("IFERROR( $Q12/ VLOOKUP( IF( REGEXMATCH($B12,""(?i)agachamento""),""Agachamento"", IF( REGEXMATCH($B12,""(?i)supino""),""Supino"", IF( REGEXMATCH($B12,""(?i)terra""),""Terra"", IF( REGEXMATCH($B12,""(?i)desenvolvimento""),""Desenvolvimento"&""", IF( REGEXMATCH($B12,""(?i)remada""),""Remada"", IF(REGEXMATCH($B12,""(?i)arranco""),""Arranco"",IF(REGEXMATCH($B12,""(?i)arremesso""),""Arremesso"","""")) ) ) ) ) ), prs!$A$6:$D$12, 4, FALSE ) ,"""")"),"") | X12: =IFERROR(__xludf.DUMMYFUNCTION("IFERROR( $W12/ VLOOKUP( IF( REGEXMATCH($B12,""(?i)agachamento""),""Agachamento"", IF( REGEXMATCH($B12,""(?i)supino""),""Supino"", IF( REGEXMATCH($B12,""(?i)terra""),""Terra"", IF( REGEXMATCH($B12,""(?i)desenvolvimento""),""Desenvolvimento"&""", IF( REGEXMATCH($B12,""(?i)remada""),""Remada"", IF(REGEXMATCH($B12,""(?i)arranco""),""Arranco"",IF(REGEXMATCH($B12,""(?i)arremesso""),""Arremesso"","""")) ) ) ) ) ), prs!$A$6:$D$12, 4, FALSE ) ,"""")"),"")
F13: =IFERROR(__xludf.DUMMYFUNCTION("IFERROR( $E13/ VLOOKUP( IF( REGEXMATCH($B13,""(?i)agachamento""),""Agachamento"", IF( REGEXMATCH($B13,""(?i)supino""),""Supino"", IF( REGEXMATCH($B13,""(?i)terra""),""Terra"", IF( REGEXMATCH($B13,""(?i)desenvolvimento""),""Desenvolvimento"&""", IF( REGEXMATCH($B13,""(?i)remada""),""Remada"", IF(REGEXMATCH($B13,""(?i)arranco""),""Arranco"",IF(REGEXMATCH($B13,""(?i)arremesso""),""Arremesso"","""")) ) ) ) ) ), prs!$A$6:$D$12, 4, FALSE ) ,"""")"),"") | L13: =IFERROR(__xludf.DUMMYFUNCTION("IFERROR( $K13/ VLOOKUP( IF( REGEXMATCH($B13,""(?i)agachamento""),""Agachamento"", IF( REGEXMATCH($B13,""(?i)supino""),""Supino"", IF( REGEXMATCH($B13,""(?i)terra""),""Terra"", IF( REGEXMATCH($B13,""(?i)desenvolvimento""),""Desenvolvimento"&""", IF( REGEXMATCH($B13,""(?i)remada""),""Remada"", IF(REGEXMATCH($B13,""(?i)arranco""),""Arranco"",IF(REGEXMATCH($B13,""(?i)arremesso""),""Arremesso"","""")) ) ) ) ) ), prs!$A$6:$D$12, 4, FALSE ) ,"""")"),"") | R13: =IFERROR(__xludf.DUMMYFUNCTION("IFERROR( $Q13/ VLOOKUP( IF( REGEXMATCH($B13,""(?i)agachamento""),""Agachamento"", IF( REGEXMATCH($B13,""(?i)supino""),""Supino"", IF( REGEXMATCH($B13,""(?i)terra""),""Terra"", IF( REGEXMATCH($B13,""(?i)desenvolvimento""),""Desenvolvimento"&""", IF( REGEXMATCH($B13,""(?i)remada""),""Remada"", IF(REGEXMATCH($B13,""(?i)arranco""),""Arranco"",IF(REGEXMATCH($B13,""(?i)arremesso""),""Arremesso"","""")) ) ) ) ) ), prs!$A$6:$D$12, 4, FALSE ) ,"""")"),"") | X13: =IFERROR(__xludf.DUMMYFUNCTION("IFERROR( $W13/ VLOOKUP( IF( REGEXMATCH($B13,""(?i)agachamento""),""Agachamento"", IF( REGEXMATCH($B13,""(?i)supino""),""Supino"", IF( REGEXMATCH($B13,""(?i)terra""),""Terra"", IF( REGEXMATCH($B13,""(?i)desenvolvimento""),""Desenvolvimento"&""", IF( REGEXMATCH($B13,""(?i)remada""),""Remada"", IF(REGEXMATCH($B13,""(?i)arranco""),""Arranco"",IF(REGEXMATCH($B13,""(?i)arremesso""),""Arremesso"","""")) ) ) ) ) ), prs!$A$6:$D$12, 4, FALSE ) ,"""")"),"")
F14: =IFERROR(__xludf.DUMMYFUNCTION("IFERROR( $E14/ VLOOKUP( IF( REGEXMATCH($B14,""(?i)agachamento""),""Agachamento"", IF( REGEXMATCH($B14,""(?i)supino""),""Supino"", IF( REGEXMATCH($B14,""(?i)terra""),""Terra"", IF( REGEXMATCH($B14,""(?i)desenvolvimento""),""Desenvolvimento"&""", IF( REGEXMATCH($B14,""(?i)remada""),""Remada"", IF(REGEXMATCH($B14,""(?i)arranco""),""Arranco"",IF(REGEXMATCH($B14,""(?i)arremesso""),""Arremesso"","""")) ) ) ) ) ), prs!$A$6:$D$12, 4, FALSE ) ,"""")"),"") | L14: =IFERROR(__xludf.DUMMYFUNCTION("IFERROR( $K14/ VLOOKUP( IF( REGEXMATCH($B14,""(?i)agachamento""),""Agachamento"", IF( REGEXMATCH($B14,""(?i)supino""),""Supino"", IF( REGEXMATCH($B14,""(?i)terra""),""Terra"", IF( REGEXMATCH($B14,""(?i)desenvolvimento""),""Desenvolvimento"&""", IF( REGEXMATCH($B14,""(?i)remada""),""Remada"", IF(REGEXMATCH($B14,""(?i)arranco""),""Arranco"",IF(REGEXMATCH($B14,""(?i)arremesso""),""Arremesso"","""")) ) ) ) ) ), prs!$A$6:$D$12, 4, FALSE ) ,"""")"),"") | R14: =IFERROR(__xludf.DUMMYFUNCTION("IFERROR( $Q14/ VLOOKUP( IF( REGEXMATCH($B14,""(?i)agachamento""),""Agachamento"", IF( REGEXMATCH($B14,""(?i)supino""),""Supino"", IF( REGEXMATCH($B14,""(?i)terra""),""Terra"", IF( REGEXMATCH($B14,""(?i)desenvolvimento""),""Desenvolvimento"&""", IF( REGEXMATCH($B14,""(?i)remada""),""Remada"", IF(REGEXMATCH($B14,""(?i)arranco""),""Arranco"",IF(REGEXMATCH($B14,""(?i)arremesso""),""Arremesso"","""")) ) ) ) ) ), prs!$A$6:$D$12, 4, FALSE ) ,"""")"),"") | X14: =IFERROR(__xludf.DUMMYFUNCTION("IFERROR( $W14/ VLOOKUP( IF( REGEXMATCH($B14,""(?i)agachamento""),""Agachamento"", IF( REGEXMATCH($B14,""(?i)supino""),""Supino"", IF( REGEXMATCH($B14,""(?i)terra""),""Terra"", IF( REGEXMATCH($B14,""(?i)desenvolvimento""),""Desenvolvimento"&""", IF( REGEXMATCH($B14,""(?i)remada""),""Remada"", IF(REGEXMATCH($B14,""(?i)arranco""),""Arranco"",IF(REGEXMATCH($B14,""(?i)arremesso""),""Arremesso"","""")) ) ) ) ) ), prs!$A$6:$D$12, 4, FALSE ) ,"""")"),"")
F15: =IFERROR(__xludf.DUMMYFUNCTION("IFERROR( $E15/ VLOOKUP( IF( REGEXMATCH($B15,""(?i)agachamento""),""Agachamento"", IF( REGEXMATCH($B15,""(?i)supino""),""Supino"", IF( REGEXMATCH($B15,""(?i)terra""),""Terra"", IF( REGEXMATCH($B15,""(?i)desenvolvimento""),""Desenvolvimento"&""", IF( REGEXMATCH($B15,""(?i)remada""),""Remada"", IF(REGEXMATCH($B15,""(?i)arranco""),""Arranco"",IF(REGEXMATCH($B15,""(?i)arremesso""),""Arremesso"","""")) ) ) ) ) ), prs!$A$6:$D$12, 4, FALSE ) ,"""")"),"") | L15: =IFERROR(__xludf.DUMMYFUNCTION("IFERROR( $K15/ VLOOKUP( IF( REGEXMATCH($B15,""(?i)agachamento""),""Agachamento"", IF( REGEXMATCH($B15,""(?i)supino""),""Supino"", IF( REGEXMATCH($B15,""(?i)terra""),""Terra"", IF( REGEXMATCH($B15,""(?i)desenvolvimento""),""Desenvolvimento"&""", IF( REGEXMATCH($B15,""(?i)remada""),""Remada"", IF(REGEXMATCH($B15,""(?i)arranco""),""Arranco"",IF(REGEXMATCH($B15,""(?i)arremesso""),""Arremesso"","""")) ) ) ) ) ), prs!$A$6:$D$12, 4, FALSE ) ,"""")"),"") | R15: =IFERROR(__xludf.DUMMYFUNCTION("IFERROR( $Q15/ VLOOKUP( IF( REGEXMATCH($B15,""(?i)agachamento""),""Agachamento"", IF( REGEXMATCH($B15,""(?i)supino""),""Supino"", IF( REGEXMATCH($B15,""(?i)terra""),""Terra"", IF( REGEXMATCH($B15,""(?i)desenvolvimento""),""Desenvolvimento"&""", IF( REGEXMATCH($B15,""(?i)remada""),""Remada"", IF(REGEXMATCH($B15,""(?i)arranco""),""Arranco"",IF(REGEXMATCH($B15,""(?i)arremesso""),""Arremesso"","""")) ) ) ) ) ), prs!$A$6:$D$12, 4, FALSE ) ,"""")"),"") | X15: =IFERROR(__xludf.DUMMYFUNCTION("IFERROR( $W15/ VLOOKUP( IF( REGEXMATCH($B15,""(?i)agachamento""),""Agachamento"", IF( REGEXMATCH($B15,""(?i)supino""),""Supino"", IF( REGEXMATCH($B15,""(?i)terra""),""Terra"", IF( REGEXMATCH($B15,""(?i)desenvolvimento""),""Desenvolvimento"&""", IF( REGEXMATCH($B15,""(?i)remada""),""Remada"", IF(REGEXMATCH($B15,""(?i)arranco""),""Arranco"",IF(REGEXMATCH($B15,""(?i)arremesso""),""Arremesso"","""")) ) ) ) ) ), prs!$A$6:$D$12, 4, FALSE ) ,"""")"),"")
C16: SEMANA 01 | I16: SEMANA 02 | O16: SEMANA 03 | U16: SEMANA 04
A18: TREINO 02
C19: SETS | D19: REPS | E19: KG | F19: %1RM | G19: OBS | I19: SETS | J19: REPS | K19: KG | L19: %1RM | M19: OBS | O19: SETS | P19: REPS | Q19: KG | R19: %1RM | S19: OBS | U19: SETS | V19: REPS | W19: KG | X19: %1RM | Y19: OBS
B20: exercícios | F20: pse | L20: pse | R20: pse | X20: pse
B21: Arranco | C21: 5 | D21: 3 | E21: 35 | F21: 0.6611 | G21: gravar | L21: =IFERROR(__xludf.DUMMYFUNCTION("IFERROR( $K21/ VLOOKUP( IF( REGEXMATCH($B21,""(?i)agachamento""),""Agachamento"", IF( REGEXMATCH($B21,""(?i)supino""),""Supino"", IF( REGEXMATCH($B21,""(?i)terra""),""Terra"", IF( REGEXMATCH($B21,""(?i)desenvolvimento""),""Desenvolvimento"&""", IF( REGEXMATCH($B21,""(?i)remada""),""Remada"", IF(REGEXMATCH($B21,""(?i)arranco""),""Arranco"",IF(REGEXMATCH($B21,""(?i)arremesso""),""Arremesso"","""")) ) ) ) ) ), prs!$A$6:$D$12, 4, FALSE ) ,"""")"),"") | R21: =IFERROR(__xludf.DUMMYFUNCTION("IFERROR( $Q21/ VLOOKUP( IF( REGEXMATCH($B21,""(?i)agachamento""),""Agachamento"", IF( REGEXMATCH($B21,""(?i)supino""),""Supino"", IF( REGEXMATCH($B21,""(?i)terra""),""Terra"", IF( REGEXMATCH($B21,""(?i)desenvolvimento""),""Desenvolvimento"&""", IF( REGEXMATCH($B21,""(?i)remada""),""Remada"", IF(REGEXMATCH($B21,""(?i)arranco""),""Arranco"",IF(REGEXMATCH($B21,""(?i)arremesso""),""Arremesso"","""")) ) ) ) ) ), prs!$A$6:$D$12, 4, FALSE ) ,"""")"),"") | X21: =IFERROR(__xludf.DUMMYFUNCTION("IFERROR( $W21/ VLOOKUP( IF( REGEXMATCH($B21,""(?i)agachamento""),""Agachamento"", IF( REGEXMATCH($B21,""(?i)supino""),""Supino"", IF( REGEXMATCH($B21,""(?i)terra""),""Terra"", IF( REGEXMATCH($B21,""(?i)desenvolvimento""),""Desenvolvimento"&""", IF( REGEXMATCH($B21,""(?i)remada""),""Remada"", IF(REGEXMATCH($B21,""(?i)arranco""),""Arranco"",IF(REGEXMATCH($B21,""(?i)arremesso""),""Arremesso"","""")) ) ) ) ) ), prs!$A$6:$D$12, 4, FALSE ) ,"""")"),"")
B22: Levantamento terra | C22: 4 | D22: 4 | E22: 100 | F22: 0.7265 | L22: =IFERROR(__xludf.DUMMYFUNCTION("IFERROR( $K22/ VLOOKUP( IF( REGEXMATCH($B22,""(?i)agachamento""),""Agachamento"", IF( REGEXMATCH($B22,""(?i)supino""),""Supino"", IF( REGEXMATCH($B22,""(?i)terra""),""Terra"", IF( REGEXMATCH($B22,""(?i)desenvolvimento""),""Desenvolvimento"&""", IF( REGEXMATCH($B22,""(?i)remada""),""Remada"", IF(REGEXMATCH($B22,""(?i)arranco""),""Arranco"",IF(REGEXMATCH($B22,""(?i)arremesso""),""Arremesso"","""")) ) ) ) ) ), prs!$A$6:$D$12, 4, FALSE ) ,"""")"),"") | R22: =IFERROR(__xludf.DUMMYFUNCTION("IFERROR( $Q22/ VLOOKUP( IF( REGEXMATCH($B22,""(?i)agachamento""),""Agachamento"", IF( REGEXMATCH($B22,""(?i)supino""),""Supino"", IF( REGEXMATCH($B22,""(?i)terra""),""Terra"", IF( REGEXMATCH($B22,""(?i)desenvolvimento""),""Desenvolvimento"&""", IF( REGEXMATCH($B22,""(?i)remada""),""Remada"", IF(REGEXMATCH($B22,""(?i)arranco""),""Arranco"",IF(REGEXMATCH($B22,""(?i)arremesso""),""Arremesso"","""")) ) ) ) ) ), prs!$A$6:$D$12, 4, FALSE ) ,"""")"),"") | X22: =IFERROR(__xludf.DUMMYFUNCTION("IFERROR( $W22/ VLOOKUP( IF( REGEXMATCH($B22,""(?i)agachamento""),""Agachamento"", IF( REGEXMATCH($B22,""(?i)supino""),""Supino"", IF( REGEXMATCH($B22,""(?i)terra""),""Terra"", IF( REGEXMATCH($B22,""(?i)desenvolvimento""),""Desenvolvimento"&""", IF( REGEXMATCH($B22,""(?i)remada""),""Remada"", IF(REGEXMATCH($B22,""(?i)arranco""),""Arranco"",IF(REGEXMATCH($B22,""(?i)arremesso""),""Arremesso"","""")) ) ) ) ) ), prs!$A$6:$D$12, 4, FALSE ) ,"""")"),"")
B23: Desenvolvimento com halteres | C23: 3 | D23: 8 - 12 | E23: 14 | L23: =IFERROR(__xludf.DUMMYFUNCTION("IFERROR( $K23/ VLOOKUP( IF( REGEXMATCH($B23,""(?i)agachamento""),""Agachamento"", IF( REGEXMATCH($B23,""(?i)supino""),""Supino"", IF( REGEXMATCH($B23,""(?i)terra""),""Terra"", IF( REGEXMATCH($B23,""(?i)desenvolvimento""),""Desenvolvimento"&""", IF( REGEXMATCH($B23,""(?i)remada""),""Remada"", IF(REGEXMATCH($B23,""(?i)arranco""),""Arranco"",IF(REGEXMATCH($B23,""(?i)arremesso""),""Arremesso"","""")) ) ) ) ) ), prs!$A$6:$D$12, 4, FALSE ) ,"""")"),"") | R23: =IFERROR(__xludf.DUMMYFUNCTION("IFERROR( $Q23/ VLOOKUP( IF( REGEXMATCH($B23,""(?i)agachamento""),""Agachamento"", IF( REGEXMATCH($B23,""(?i)supino""),""Supino"", IF( REGEXMATCH($B23,""(?i)terra""),""Terra"", IF( REGEXMATCH($B23,""(?i)desenvolvimento""),""Desenvolvimento"&""", IF( REGEXMATCH($B23,""(?i)remada""),""Remada"", IF(REGEXMATCH($B23,""(?i)arranco""),""Arranco"",IF(REGEXMATCH($B23,""(?i)arremesso""),""Arremesso"","""")) ) ) ) ) ), prs!$A$6:$D$12, 4, FALSE ) ,"""")"),"") | X23: =IFERROR(__xludf.DUMMYFUNCTION("IFERROR( $W23/ VLOOKUP( IF( REGEXMATCH($B23,""(?i)agachamento""),""Agachamento"", IF( REGEXMATCH($B23,""(?i)supino""),""Supino"", IF( REGEXMATCH($B23,""(?i)terra""),""Terra"", IF( REGEXMATCH($B23,""(?i)desenvolvimento""),""Desenvolvimento"&""", IF( REGEXMATCH($B23,""(?i)remada""),""Remada"", IF(REGEXMATCH($B23,""(?i)arranco""),""Arranco"",IF(REGEXMATCH($B23,""(?i)arremesso""),""Arremesso"","""")) ) ) ) ) ), prs!$A$6:$D$12, 4, FALSE ) ,"""")"),"")
B24: Afundo | C24: 3 | D24: 10 | E24: 20 | L24: =IFERROR(__xludf.DUMMYFUNCTION("IFERROR( $K24/ VLOOKUP( IF( REGEXMATCH($B24,""(?i)agachamento""),""Agachamento"", IF( REGEXMATCH($B24,""(?i)supino""),""Supino"", IF( REGEXMATCH($B24,""(?i)terra""),""Terra"", IF( REGEXMATCH($B24,""(?i)desenvolvimento""),""Desenvolvimento"&""", IF( REGEXMATCH($B24,""(?i)remada""),""Remada"", IF(REGEXMATCH($B24,""(?i)arranco""),""Arranco"",IF(REGEXMATCH($B24,""(?i)arremesso""),""Arremesso"","""")) ) ) ) ) ), prs!$A$6:$D$12, 4, FALSE ) ,"""")"),"") | R24: =IFERROR(__xludf.DUMMYFUNCTION("IFERROR( $Q24/ VLOOKUP( IF( REGEXMATCH($B24,""(?i)agachamento""),""Agachamento"", IF( REGEXMATCH($B24,""(?i)supino""),""Supino"", IF( REGEXMATCH($B24,""(?i)terra""),""Terra"", IF( REGEXMATCH($B24,""(?i)desenvolvimento""),""Desenvolvimento"&""", IF( REGEXMATCH($B24,""(?i)remada""),""Remada"", IF(REGEXMATCH($B24,""(?i)arranco""),""Arranco"",IF(REGEXMATCH($B24,""(?i)arremesso""),""Arremesso"","""")) ) ) ) ) ), prs!$A$6:$D$12, 4, FALSE ) ,"""")"),"") | X24: =IFERROR(__xludf.DUMMYFUNCTION("IFERROR( $W24/ VLOOKUP( IF( REGEXMATCH($B24,""(?i)agachamento""),""Agachamento"", IF( REGEXMATCH($B24,""(?i)supino""),""Supino"", IF( REGEXMATCH($B24,""(?i)terra""),""Terra"", IF( REGEXMATCH($B24,""(?i)desenvolvimento""),""Desenvolvimento"&""", IF( REGEXMATCH($B24,""(?i)remada""),""Remada"", IF(REGEXMATCH($B24,""(?i)arranco""),""Arranco"",IF(REGEXMATCH($B24,""(?i)arremesso""),""Arremesso"","""")) ) ) ) ) ), prs!$A$6:$D$12, 4, FALSE ) ,"""")"),"")
F25: =IFERROR(__xludf.DUMMYFUNCTION("IFERROR( $E25/ VLOOKUP( IF( REGEXMATCH($B25,""(?i)agachamento""),""Agachamento"", IF( REGEXMATCH($B25,""(?i)supino""),""Supino"", IF( REGEXMATCH($B25,""(?i)terra""),""Terra"", IF( REGEXMATCH($B25,""(?i)desenvolvimento""),""Desenvolvimento"&""", IF( REGEXMATCH($B25,""(?i)remada""),""Remada"", IF(REGEXMATCH($B25,""(?i)arranco""),""Arranco"",IF(REGEXMATCH($B25,""(?i)arremesso""),""Arremesso"","""")) ) ) ) ) ), prs!$A$6:$D$12, 4, FALSE ) ,"""")"),"") | L25: =IFERROR(__xludf.DUMMYFUNCTION("IFERROR( $K25/ VLOOKUP( IF( REGEXMATCH($B25,""(?i)agachamento""),""Agachamento"", IF( REGEXMATCH($B25,""(?i)supino""),""Supino"", IF( REGEXMATCH($B25,""(?i)terra""),""Terra"", IF( REGEXMATCH($B25,""(?i)desenvolvimento""),""Desenvolvimento"&""", IF( REGEXMATCH($B25,""(?i)remada""),""Remada"", IF(REGEXMATCH($B25,""(?i)arranco""),""Arranco"",IF(REGEXMATCH($B25,""(?i)arremesso""),""Arremesso"","""")) ) ) ) ) ), prs!$A$6:$D$12, 4, FALSE ) ,"""")"),"") | R25: =IFERROR(__xludf.DUMMYFUNCTION("IFERROR( $Q25/ VLOOKUP( IF( REGEXMATCH($B25,""(?i)agachamento""),""Agachamento"", IF( REGEXMATCH($B25,""(?i)supino""),""Supino"", IF( REGEXMATCH($B25,""(?i)terra""),""Terra"", IF( REGEXMATCH($B25,""(?i)desenvolvimento""),""Desenvolvimento"&""", IF( REGEXMATCH($B25,""(?i)remada""),""Remada"", IF(REGEXMATCH($B25,""(?i)arranco""),""Arranco"",IF(REGEXMATCH($B25,""(?i)arremesso""),""Arremesso"","""")) ) ) ) ) ), prs!$A$6:$D$12, 4, FALSE ) ,"""")"),"") | X25: =IFERROR(__xludf.DUMMYFUNCTION("IFERROR( $W25/ VLOOKUP( IF( REGEXMATCH($B25,""(?i)agachamento""),""Agachamento"", IF( REGEXMATCH($B25,""(?i)supino""),""Supino"", IF( REGEXMATCH($B25,""(?i)terra""),""Terra"", IF( REGEXMATCH($B25,""(?i)desenvolvimento""),""Desenvolvimento"&""", IF( REGEXMATCH($B25,""(?i)remada""),""Remada"", IF(REGEXMATCH($B25,""(?i)arranco""),""Arranco"",IF(REGEXMATCH($B25,""(?i)arremesso""),""Arremesso"","""")) ) ) ) ) ), prs!$A$6:$D$12, 4, FALSE ) ,"""")"),"")
F26: =IFERROR(__xludf.DUMMYFUNCTION("IFERROR( $E26/ VLOOKUP( IF( REGEXMATCH($B26,""(?i)agachamento""),""Agachamento"", IF( REGEXMATCH($B26,""(?i)supino""),""Supino"", IF( REGEXMATCH($B26,""(?i)terra""),""Terra"", IF( REGEXMATCH($B26,""(?i)desenvolvimento""),""Desenvolvimento"&""", IF( REGEXMATCH($B26,""(?i)remada""),""Remada"", IF(REGEXMATCH($B26,""(?i)arranco""),""Arranco"",IF(REGEXMATCH($B26,""(?i)arremesso""),""Arremesso"","""")) ) ) ) ) ), prs!$A$6:$D$12, 4, FALSE ) ,"""")"),"") | L26: =IFERROR(__xludf.DUMMYFUNCTION("IFERROR( $K26/ VLOOKUP( IF( REGEXMATCH($B26,""(?i)agachamento""),""Agachamento"", IF( REGEXMATCH($B26,""(?i)supino""),""Supino"", IF( REGEXMATCH($B26,""(?i)terra""),""Terra"", IF( REGEXMATCH($B26,""(?i)desenvolvimento""),""Desenvolvimento"&""", IF( REGEXMATCH($B26,""(?i)remada""),""Remada"", IF(REGEXMATCH($B26,""(?i)arranco""),""Arranco"",IF(REGEXMATCH($B26,""(?i)arremesso""),""Arremesso"","""")) ) ) ) ) ), prs!$A$6:$D$12, 4, FALSE ) ,"""")"),"") | R26: =IFERROR(__xludf.DUMMYFUNCTION("IFERROR( $Q26/ VLOOKUP( IF( REGEXMATCH($B26,""(?i)agachamento""),""Agachamento"", IF( REGEXMATCH($B26,""(?i)supino""),""Supino"", IF( REGEXMATCH($B26,""(?i)terra""),""Terra"", IF( REGEXMATCH($B26,""(?i)desenvolvimento""),""Desenvolvimento"&""", IF( REGEXMATCH($B26,""(?i)remada""),""Remada"", IF(REGEXMATCH($B26,""(?i)arranco""),""Arranco"",IF(REGEXMATCH($B26,""(?i)arremesso""),""Arremesso"","""")) ) ) ) ) ), prs!$A$6:$D$12, 4, FALSE ) ,"""")"),"") | X26: =IFERROR(__xludf.DUMMYFUNCTION("IFERROR( $W26/ VLOOKUP( IF( REGEXMATCH($B26,""(?i)agachamento""),""Agachamento"", IF( REGEXMATCH($B26,""(?i)supino""),""Supino"", IF( REGEXMATCH($B26,""(?i)terra""),""Terra"", IF( REGEXMATCH($B26,""(?i)desenvolvimento""),""Desenvolvimento"&""", IF( REGEXMATCH($B26,""(?i)remada""),""Remada"", IF(REGEXMATCH($B26,""(?i)arranco""),""Arranco"",IF(REGEXMATCH($B26,""(?i)arremesso""),""Arremesso"","""")) ) ) ) ) ), prs!$A$6:$D$12, 4, FALSE ) ,"""")"),"")
F27: =IFERROR(__xludf.DUMMYFUNCTION("IFERROR( $E27/ VLOOKUP( IF( REGEXMATCH($B27,""(?i)agachamento""),""Agachamento"", IF( REGEXMATCH($B27,""(?i)supino""),""Supino"", IF( REGEXMATCH($B27,""(?i)terra""),""Terra"", IF( REGEXMATCH($B27,""(?i)desenvolvimento""),""Desenvolvimento"&""", IF( REGEXMATCH($B27,""(?i)remada""),""Remada"", IF(REGEXMATCH($B27,""(?i)arranco""),""Arranco"",IF(REGEXMATCH($B27,""(?i)arremesso""),""Arremesso"","""")) ) ) ) ) ), prs!$A$6:$D$12, 4, FALSE ) ,"""")"),"") | L27: =IFERROR(__xludf.DUMMYFUNCTION("IFERROR( $K27/ VLOOKUP( IF( REGEXMATCH($B27,""(?i)agachamento""),""Agachamento"", IF( REGEXMATCH($B27,""(?i)supino""),""Supino"", IF( REGEXMATCH($B27,""(?i)terra""),""Terra"", IF( REGEXMATCH($B27,""(?i)desenvolvimento""),""Desenvolvimento"&""", IF( REGEXMATCH($B27,""(?i)remada""),""Remada"", IF(REGEXMATCH($B27,""(?i)arranco""),""Arranco"",IF(REGEXMATCH($B27,""(?i)arremesso""),""Arremesso"","""")) ) ) ) ) ), prs!$A$6:$D$12, 4, FALSE ) ,"""")"),"") | R27: =IFERROR(__xludf.DUMMYFUNCTION("IFERROR( $Q27/ VLOOKUP( IF( REGEXMATCH($B27,""(?i)agachamento""),""Agachamento"", IF( REGEXMATCH($B27,""(?i)supino""),""Supino"", IF( REGEXMATCH($B27,""(?i)terra""),""Terra"", IF( REGEXMATCH($B27,""(?i)desenvolvimento""),""Desenvolvimento"&""", IF( REGEXMATCH($B27,""(?i)remada""),""Remada"", IF(REGEXMATCH($B27,""(?i)arranco""),""Arranco"",IF(REGEXMATCH($B27,""(?i)arremesso""),""Arremesso"","""")) ) ) ) ) ), prs!$A$6:$D$12, 4, FALSE ) ,"""")"),"") | X27: =IFERROR(__xludf.DUMMYFUNCTION("IFERROR( $W27/ VLOOKUP( IF( REGEXMATCH($B27,""(?i)agachamento""),""Agachamento"", IF( REGEXMATCH($B27,""(?i)supino""),""Supino"", IF( REGEXMATCH($B27,""(?i)terra""),""Terra"", IF( REGEXMATCH($B27,""(?i)desenvolvimento""),""Desenvolvimento"&""", IF( REGEXMATCH($B27,""(?i)remada""),""Remada"", IF(REGEXMATCH($B27,""(?i)arranco""),""Arranco"",IF(REGEXMATCH($B27,""(?i)arremesso""),""Arremesso"","""")) ) ) ) ) ), prs!$A$6:$D$12, 4, FALSE ) ,"""")"),"")
F28: =IFERROR(__xludf.DUMMYFUNCTION("IFERROR( $E28/ VLOOKUP( IF( REGEXMATCH($B28,""(?i)agachamento""),""Agachamento"", IF( REGEXMATCH($B28,""(?i)supino""),""Supino"", IF( REGEXMATCH($B28,""(?i)terra""),""Terra"", IF( REGEXMATCH($B28,""(?i)desenvolvimento""),""Desenvolvimento"&""", IF( REGEXMATCH($B28,""(?i)remada""),""Remada"", IF(REGEXMATCH($B28,""(?i)arranco""),""Arranco"",IF(REGEXMATCH($B28,""(?i)arremesso""),""Arremesso"","""")) ) ) ) ) ), prs!$A$6:$D$12, 4, FALSE ) ,"""")"),"") | L28: =IFERROR(__xludf.DUMMYFUNCTION("IFERROR( $K28/ VLOOKUP( IF( REGEXMATCH($B28,""(?i)agachamento""),""Agachamento"", IF( REGEXMATCH($B28,""(?i)supino""),""Supino"", IF( REGEXMATCH($B28,""(?i)terra""),""Terra"", IF( REGEXMATCH($B28,""(?i)desenvolvimento""),""Desenvolvimento"&""", IF( REGEXMATCH($B28,""(?i)remada""),""Remada"", IF(REGEXMATCH($B28,""(?i)arranco""),""Arranco"",IF(REGEXMATCH($B28,""(?i)arremesso""),""Arremesso"","""")) ) ) ) ) ), prs!$A$6:$D$12, 4, FALSE ) ,"""")"),"") | R28: =IFERROR(__xludf.DUMMYFUNCTION("IFERROR( $Q28/ VLOOKUP( IF( REGEXMATCH($B28,""(?i)agachamento""),""Agachamento"", IF( REGEXMATCH($B28,""(?i)supino""),""Supino"", IF( REGEXMATCH($B28,""(?i)terra""),""Terra"", IF( REGEXMATCH($B28,""(?i)desenvolvimento""),""Desenvolvimento"&""", IF( REGEXMATCH($B28,""(?i)remada""),""Remada"", IF(REGEXMATCH($B28,""(?i)arranco""),""Arranco"",IF(REGEXMATCH($B28,""(?i)arremesso""),""Arremesso"","""")) ) ) ) ) ), prs!$A$6:$D$12, 4, FALSE ) ,"""")"),"") | X28: =IFERROR(__xludf.DUMMYFUNCTION("IFERROR( $W28/ VLOOKUP( IF( REGEXMATCH($B28,""(?i)agachamento""),""Agachamento"", IF( REGEXMATCH($B28,""(?i)supino""),""Supino"", IF( REGEXMATCH($B28,""(?i)terra""),""Terra"", IF( REGEXMATCH($B28,""(?i)desenvolvimento""),""Desenvolvimento"&""", IF( REGEXMATCH($B28,""(?i)remada""),""Remada"", IF(REGEXMATCH($B28,""(?i)arranco""),""Arranco"",IF(REGEXMATCH($B28,""(?i)arremesso""),""Arremesso"","""")) ) ) ) ) ), prs!$A$6:$D$12, 4, FALSE ) ,"""")"),"")
F29: =IFERROR(__xludf.DUMMYFUNCTION("IFERROR( $E29/ VLOOKUP( IF( REGEXMATCH($B29,""(?i)agachamento""),""Agachamento"", IF( REGEXMATCH($B29,""(?i)supino""),""Supino"", IF( REGEXMATCH($B29,""(?i)terra""),""Terra"", IF( REGEXMATCH($B29,""(?i)desenvolvimento""),""Desenvolvimento"&""", IF( REGEXMATCH($B29,""(?i)remada""),""Remada"", IF(REGEXMATCH($B29,""(?i)arranco""),""Arranco"",IF(REGEXMATCH($B29,""(?i)arremesso""),""Arremesso"","""")) ) ) ) ) ), prs!$A$6:$D$12, 4, FALSE ) ,"""")"),"") | L29: =IFERROR(__xludf.DUMMYFUNCTION("IFERROR( $K29/ VLOOKUP( IF( REGEXMATCH($B29,""(?i)agachamento""),""Agachamento"", IF( REGEXMATCH($B29,""(?i)supino""),""Supino"", IF( REGEXMATCH($B29,""(?i)terra""),""Terra"", IF( REGEXMATCH($B29,""(?i)desenvolvimento""),""Desenvolvimento"&""", IF( REGEXMATCH($B29,""(?i)remada""),""Remada"", IF(REGEXMATCH($B29,""(?i)arranco""),""Arranco"",IF(REGEXMATCH($B29,""(?i)arremesso""),""Arremesso"","""")) ) ) ) ) ), prs!$A$6:$D$12, 4, FALSE ) ,"""")"),"") | R29: =IFERROR(__xludf.DUMMYFUNCTION("IFERROR( $Q29/ VLOOKUP( IF( REGEXMATCH($B29,""(?i)agachamento""),""Agachamento"", IF( REGEXMATCH($B29,""(?i)supino""),""Supino"", IF( REGEXMATCH($B29,""(?i)terra""),""Terra"", IF( REGEXMATCH($B29,""(?i)desenvolvimento""),""Desenvolvimento"&""", IF( REGEXMATCH($B29,""(?i)remada""),""Remada"", IF(REGEXMATCH($B29,""(?i)arranco""),""Arranco"",IF(REGEXMATCH($B29,""(?i)arremesso""),""Arremesso"","""")) ) ) ) ) ), prs!$A$6:$D$12, 4, FALSE ) ,"""")"),"") | X29: =IFERROR(__xludf.DUMMYFUNCTION("IFERROR( $W29/ VLOOKUP( IF( REGEXMATCH($B29,""(?i)agachamento""),""Agachamento"", IF( REGEXMATCH($B29,""(?i)supino""),""Supino"", IF( REGEXMATCH($B29,""(?i)terra""),""Terra"", IF( REGEXMATCH($B29,""(?i)desenvolvimento""),""Desenvolvimento"&""", IF( REGEXMATCH($B29,""(?i)remada""),""Remada"", IF(REGEXMATCH($B29,""(?i)arranco""),""Arranco"",IF(REGEXMATCH($B29,""(?i)arremesso""),""Arremesso"","""")) ) ) ) ) ), prs!$A$6:$D$12, 4, FALSE ) ,"""")"),"")
F30: =IFERROR(__xludf.DUMMYFUNCTION("IFERROR( $E30/ VLOOKUP( IF( REGEXMATCH($B30,""(?i)agachamento""),""Agachamento"", IF( REGEXMATCH($B30,""(?i)supino""),""Supino"", IF( REGEXMATCH($B30,""(?i)terra""),""Terra"", IF( REGEXMATCH($B30,""(?i)desenvolvimento""),""Desenvolvimento"&""", IF( REGEXMATCH($B30,""(?i)remada""),""Remada"", IF(REGEXMATCH($B30,""(?i)arranco""),""Arranco"",IF(REGEXMATCH($B30,""(?i)arremesso""),""Arremesso"","""")) ) ) ) ) ), prs!$A$6:$D$12, 4, FALSE ) ,"""")"),"") | L30: =IFERROR(__xludf.DUMMYFUNCTION("IFERROR( $K30/ VLOOKUP( IF( REGEXMATCH($B30,""(?i)agachamento""),""Agachamento"", IF( REGEXMATCH($B30,""(?i)supino""),""Supino"", IF( REGEXMATCH($B30,""(?i)terra""),""Terra"", IF( REGEXMATCH($B30,""(?i)desenvolvimento""),""Desenvolvimento"&""", IF( REGEXMATCH($B30,""(?i)remada""),""Remada"", IF(REGEXMATCH($B30,""(?i)arranco""),""Arranco"",IF(REGEXMATCH($B30,""(?i)arremesso""),""Arremesso"","""")) ) ) ) ) ), prs!$A$6:$D$12, 4, FALSE ) ,"""")"),"") | R30: =IFERROR(__xludf.DUMMYFUNCTION("IFERROR( $Q30/ VLOOKUP( IF( REGEXMATCH($B30,""(?i)agachamento""),""Agachamento"", IF( REGEXMATCH($B30,""(?i)supino""),""Supino"", IF( REGEXMATCH($B30,""(?i)terra""),""Terra"", IF( REGEXMATCH($B30,""(?i)desenvolvimento""),""Desenvolvimento"&""", IF( REGEXMATCH($B30,""(?i)remada""),""Remada"", IF(REGEXMATCH($B30,""(?i)arranco""),""Arranco"",IF(REGEXMATCH($B30,""(?i)arremesso""),""Arremesso"","""")) ) ) ) ) ), prs!$A$6:$D$12, 4, FALSE ) ,"""")"),"") | X30: =IFERROR(__xludf.DUMMYFUNCTION("IFERROR( $W30/ VLOOKUP( IF( REGEXMATCH($B30,""(?i)agachamento""),""Agachamento"", IF( REGEXMATCH($B30,""(?i)supino""),""Supino"", IF( REGEXMATCH($B30,""(?i)terra""),""Terra"", IF( REGEXMATCH($B30,""(?i)desenvolvimento""),""Desenvolvimento"&""", IF( REGEXMATCH($B30,""(?i)remada""),""Remada"", IF(REGEXMATCH($B30,""(?i)arranco""),""Arranco"",IF(REGEXMATCH($B30,""(?i)arremesso""),""Arremesso"","""")) ) ) ) ) ), prs!$A$6:$D$12, 4, FALSE ) ,"""")"),"")
C31: SEMANA 01 | I31: SEMANA 02 | O31: SEMANA 03 | U31: SEMANA 04
A33: TREINO 03
C34: SETS | D34: REPS | E34: KG | F34: %1RM | G34: OBS | I34: SETS | J34: REPS | K34: KG | L34: %1RM | M34: OBS | O34: SETS | P34: REPS | Q34: KG | R34: %1RM | S34: OBS | U34: SETS | V34: REPS | W34: KG | X34: %1RM | Y34: OBS
B35: exercícios | F35: pse | L35: pse | R35: pse | X35: pse
B36: Agachamento frontal | C36: 4 | D36: 5 | E36: 60 | F36: 0.5333 | L36: =IFERROR(__xludf.DUMMYFUNCTION("IFERROR( $K36/ VLOOKUP( IF( REGEXMATCH($B36,""(?i)agachamento""),""Agachamento"", IF( REGEXMATCH($B36,""(?i)supino""),""Supino"", IF( REGEXMATCH($B36,""(?i)terra""),""Terra"", IF( REGEXMATCH($B36,""(?i)desenvolvimento""),""Desenvolvimento"&""", IF( REGEXMATCH($B36,""(?i)remada""),""Remada"", IF(REGEXMATCH($B36,""(?i)arranco""),""Arranco"",IF(REGEXMATCH($B36,""(?i)arremesso""),""Arremesso"","""")) ) ) ) ) ), prs!$A$6:$D$12, 4, FALSE ) ,"""")"),"") | R36: =IFERROR(__xludf.DUMMYFUNCTION("IFERROR( $Q36/ VLOOKUP( IF( REGEXMATCH($B36,""(?i)agachamento""),""Agachamento"", IF( REGEXMATCH($B36,""(?i)supino""),""Supino"", IF( REGEXMATCH($B36,""(?i)terra""),""Terra"", IF( REGEXMATCH($B36,""(?i)desenvolvimento""),""Desenvolvimento"&""", IF( REGEXMATCH($B36,""(?i)remada""),""Remada"", IF(REGEXMATCH($B36,""(?i)arranco""),""Arranco"",IF(REGEXMATCH($B36,""(?i)arremesso""),""Arremesso"","""")) ) ) ) ) ), prs!$A$6:$D$12, 4, FALSE ) ,"""")"),"") | X36: =IFERROR(__xludf.DUMMYFUNCTION("IFERROR( $W36/ VLOOKUP( IF( REGEXMATCH($B36,""(?i)agachamento""),""Agachamento"", IF( REGEXMATCH($B36,""(?i)supino""),""Supino"", IF( REGEXMATCH($B36,""(?i)terra""),""Terra"", IF( REGEXMATCH($B36,""(?i)desenvolvimento""),""Desenvolvimento"&""", IF( REGEXMATCH($B36,""(?i)remada""),""Remada"", IF(REGEXMATCH($B36,""(?i)arranco""),""Arranco"",IF(REGEXMATCH($B36,""(?i)arremesso""),""Arremesso"","""")) ) ) ) ) ), prs!$A$6:$D$12, 4, FALSE ) ,"""")"),"")
B37: Supino inclinado | C37: 3 | D37: 8 | E37: 50 | F37: 0.6349 | L37: =IFERROR(__xludf.DUMMYFUNCTION("IFERROR( $K37/ VLOOKUP( IF( REGEXMATCH($B37,""(?i)agachamento""),""Agachamento"", IF( REGEXMATCH($B37,""(?i)supino""),""Supino"", IF( REGEXMATCH($B37,""(?i)terra""),""Terra"", IF( REGEXMATCH($B37,""(?i)desenvolvimento""),""Desenvolvimento"&""", IF( REGEXMATCH($B37,""(?i)remada""),""Remada"", IF(REGEXMATCH($B37,""(?i)arranco""),""Arranco"",IF(REGEXMATCH($B37,""(?i)arremesso""),""Arremesso"","""")) ) ) ) ) ), prs!$A$6:$D$12, 4, FALSE ) ,"""")"),"") | R37: =IFERROR(__xludf.DUMMYFUNCTION("IFERROR( $Q37/ VLOOKUP( IF( REGEXMATCH($B37,""(?i)agachamento""),""Agachamento"", IF( REGEXMATCH($B37,""(?i)supino""),""Supino"", IF( REGEXMATCH($B37,""(?i)terra""),""Terra"", IF( REGEXMATCH($B37,""(?i)desenvolvimento""),""Desenvolvimento"&""", IF( REGEXMATCH($B37,""(?i)remada""),""Remada"", IF(REGEXMATCH($B37,""(?i)arranco""),""Arranco"",IF(REGEXMATCH($B37,""(?i)arremesso""),""Arremesso"","""")) ) ) ) ) ), prs!$A$6:$D$12, 4, FALSE ) ,"""")"),"") | X37: =IFERROR(__xludf.DUMMYFUNCTION("IFERROR( $W37/ VLOOKUP( IF( REGEXMATCH($B37,""(?i)agachamento""),""Agachamento"", IF( REGEXMATCH($B37,""(?i)supino""),""Supino"", IF( REGEXMATCH($B37,""(?i)terra""),""Terra"", IF( REGEXMATCH($B37,""(?i)desenvolvimento""),""Desenvolvimento"&""", IF( REGEXMATCH($B37,""(?i)remada""),""Remada"", IF(REGEXMATCH($B37,""(?i)arranco""),""Arranco"",IF(REGEXMATCH($B37,""(?i)arremesso""),""Arremesso"","""")) ) ) ) ) ), prs!$A$6:$D$12, 4, FALSE ) ,"""")"),"")
B38: Barra fixa | C38: 3 | D38: AMRAP | G38: amrap | L38: =IFERROR(__xludf.DUMMYFUNCTION("IFERROR( $K38/ VLOOKUP( IF( REGEXMATCH($B38,""(?i)agachamento""),""Agachamento"", IF( REGEXMATCH($B38,""(?i)supino""),""Supino"", IF( REGEXMATCH($B38,""(?i)terra""),""Terra"", IF( REGEXMATCH($B38,""(?i)desenvolvimento""),""Desenvolvimento"&""", IF( REGEXMATCH($B38,""(?i)remada""),""Remada"", IF(REGEXMATCH($B38,""(?i)arranco""),""Arranco"",IF(REGEXMATCH($B38,""(?i)arremesso""),""Arremesso"","""")) ) ) ) ) ), prs!$A$6:$D$12, 4, FALSE ) ,"""")"),"") | R38: =IFERROR(__xludf.DUMMYFUNCTION("IFERROR( $Q38/ VLOOKUP( IF( REGEXMATCH($B38,""(?i)agachamento""),""Agachamento"", IF( REGEXMATCH($B38,""(?i)supino""),""Supino"", IF( REGEXMATCH($B38,""(?i)terra""),""Terra"", IF( REGEXMATCH($B38,""(?i)desenvolvimento""),""Desenvolvimento"&""", IF( REGEXMATCH($B38,""(?i)remada""),""Remada"", IF(REGEXMATCH($B38,""(?i)arranco""),""Arranco"",IF(REGEXMATCH($B38,""(?i)arremesso""),""Arremesso"","""")) ) ) ) ) ), prs!$A$6:$D$12, 4, FALSE ) ,"""")"),"") | X38: =IFERROR(__xludf.DUMMYFUNCTION("IFERROR( $W38/ VLOOKUP( IF( REGEXMATCH($B38,""(?i)agachamento""),""Agachamento"", IF( REGEXMATCH($B38,""(?i)supino""),""Supino"", IF( REGEXMATCH($B38,""(?i)terra""),""Terra"", IF( REGEXMATCH($B38,""(?i)desenvolvimento""),""Desenvolvimento"&""", IF( REGEXMATCH($B38,""(?i)remada""),""Remada"", IF(REGEXMATCH($B38,""(?i)arranco""),""Arranco"",IF(REGEXMATCH($B38,""(?i)arremesso""),""Arremesso"","""")) ) ) ) ) ), prs!$A$6:$D$12, 4, FALSE ) ,"""")"),"")
B39: Elevação pélvica | C39: 3 | D39: 12 | E39: 60 | L39: =IFERROR(__xludf.DUMMYFUNCTION("IFERROR( $K39/ VLOOKUP( IF( REGEXMATCH($B39,""(?i)agachamento""),""Agachamento"", IF( REGEXMATCH($B39,""(?i)supino""),""Supino"", IF( REGEXMATCH($B39,""(?i)terra""),""Terra"", IF( REGEXMATCH($B39,""(?i)desenvolvimento""),""Desenvolvimento"&""", IF( REGEXMATCH($B39,""(?i)remada""),""Remada"", IF(REGEXMATCH($B39,""(?i)arranco""),""Arranco"",IF(REGEXMATCH($B39,""(?i)arremesso""),""Arremesso"","""")) ) ) ) ) ), prs!$A$6:$D$12, 4, FALSE ) ,"""")"),"") | R39: =IFERROR(__xludf.DUMMYFUNCTION("IFERROR( $Q39/ VLOOKUP( IF( REGEXMATCH($B39,""(?i)agachamento""),""Agachamento"", IF( REGEXMATCH($B39,""(?i)supino""),""Supino"", IF( REGEXMATCH($B39,""(?i)terra""),""Terra"", IF( REGEXMATCH($B39,""(?i)desenvolvimento""),""Desenvolvimento"&""", IF( REGEXMATCH($B39,""(?i)remada""),""Remada"", IF(REGEXMATCH($B39,""(?i)arranco""),""Arranco"",IF(REGEXMATCH($B39,""(?i)arremesso""),""Arremesso"","""")) ) ) ) ) ), prs!$A$6:$D$12, 4, FALSE ) ,"""")"),"") | X39: =IFERROR(__xludf.DUMMYFUNCTION("IFERROR( $W39/ VLOOKUP( IF( REGEXMATCH($B39,""(?i)agachamento""),""Agachamento"", IF( REGEXMATCH($B39,""(?i)supino""),""Supino"", IF( REGEXMATCH($B39,""(?i)terra""),""Terra"", IF( REGEXMATCH($B39,""(?i)desenvolvimento""),""Desenvolvimento"&""", IF( REGEXMATCH($B39,""(?i)remada""),""Remada"", IF(REGEXMATCH($B39,""(?i)arranco""),""Arranco"",IF(REGEXMATCH($B39,""(?i)arremesso""),""Arremesso"","""")) ) ) ) ) ), prs!$A$6:$D$12, 4, FALSE ) ,"""")"),"")
F40: =IFERROR(__xludf.DUMMYFUNCTION("IFERROR( $E40/ VLOOKUP( IF( REGEXMATCH($B40,""(?i)agachamento""),""Agachamento"", IF( REGEXMATCH($B40,""(?i)supino""),""Supino"", IF( REGEXMATCH($B40,""(?i)terra""),""Terra"", IF( REGEXMATCH($B40,""(?i)desenvolvimento""),""Desenvolvimento"&""", IF( REGEXMATCH($B40,""(?i)remada""),""Remada"", IF(REGEXMATCH($B40,""(?i)arranco""),""Arranco"",IF(REGEXMATCH($B40,""(?i)arremesso""),""Arremesso"","""")) ) ) ) ) ), prs!$A$6:$D$12, 4, FALSE ) ,"""")"),"") | L40: =IFERROR(__xludf.DUMMYFUNCTION("IFERROR( $K40/ VLOOKUP( IF( REGEXMATCH($B40,""(?i)agachamento""),""Agachamento"", IF( REGEXMATCH($B40,""(?i)supino""),""Supino"", IF( REGEXMATCH($B40,""(?i)terra""),""Terra"", IF( REGEXMATCH($B40,""(?i)desenvolvimento""),""Desenvolvimento"&""", IF( REGEXMATCH($B40,""(?i)remada""),""Remada"", IF(REGEXMATCH($B40,""(?i)arranco""),""Arranco"",IF(REGEXMATCH($B40,""(?i)arremesso""),""Arremesso"","""")) ) ) ) ) ), prs!$A$6:$D$12, 4, FALSE ) ,"""")"),"") | R40: =IFERROR(__xludf.DUMMYFUNCTION("IFERROR( $Q40/ VLOOKUP( IF( REGEXMATCH($B40,""(?i)agachamento""),""Agachamento"", IF( REGEXMATCH($B40,""(?i)supino""),""Supino"", IF( REGEXMATCH($B40,""(?i)terra""),""Terra"", IF( REGEXMATCH($B40,""(?i)desenvolvimento""),""Desenvolvimento"&""", IF( REGEXMATCH($B40,""(?i)remada""),""Remada"", IF(REGEXMATCH($B40,""(?i)arranco""),""Arranco"",IF(REGEXMATCH($B40,""(?i)arremesso""),""Arremesso"","""")) ) ) ) ) ), prs!$A$6:$D$12, 4, FALSE ) ,"""")"),"") | X40: =IFERROR(__xludf.DUMMYFUNCTION("IFERROR( $W40/ VLOOKUP( IF( REGEXMATCH($B40,""(?i)agachamento""),""Agachamento"", IF( REGEXMATCH($B40,""(?i)supino""),""Supino"", IF( REGEXMATCH($B40,""(?i)terra""),""Terra"", IF( REGEXMATCH($B40,""(?i)desenvolvimento""),""Desenvolvimento"&""", IF( REGEXMATCH($B40,""(?i)remada""),""Remada"", IF(REGEXMATCH($B40,""(?i)arranco""),""Arranco"",IF(REGEXMATCH($B40,""(?i)arremesso""),""Arremesso"","""")) ) ) ) ) ), prs!$A$6:$D$12, 4, FALSE ) ,"""")"),"")
F41: =IFERROR(__xludf.DUMMYFUNCTION("IFERROR( $E41/ VLOOKUP( IF( REGEXMATCH($B41,""(?i)agachamento""),""Agachamento"", IF( REGEXMATCH($B41,""(?i)supino""),""Supino"", IF( REGEXMATCH($B41,""(?i)terra""),""Terra"", IF( REGEXMATCH($B41,""(?i)desenvolvimento""),""Desenvolvimento"&""", IF( REGEXMATCH($B41,""(?i)remada""),""Remada"", IF(REGEXMATCH($B41,""(?i)arranco""),""Arranco"",IF(REGEXMATCH($B41,""(?i)arremesso""),""Arremesso"","""")) ) ) ) ) ), prs!$A$6:$D$12, 4, FALSE ) ,"""")"),"") | L41: =IFERROR(__xludf.DUMMYFUNCTION("IFERROR( $K41/ VLOOKUP( IF( REGEXMATCH($B41,""(?i)agachamento""),""Agachamento"", IF( REGEXMATCH($B41,""(?i)supino""),""Supino"", IF( REGEXMATCH($B41,""(?i)terra""),""Terra"", IF( REGEXMATCH($B41,""(?i)desenvolvimento""),""Desenvolvimento"&""", IF( REGEXMATCH($B41,""(?i)remada""),""Remada"", IF(REGEXMATCH($B41,""(?i)arranco""),""Arranco"",IF(REGEXMATCH($B41,""(?i)arremesso""),""Arremesso"","""")) ) ) ) ) ), prs!$A$6:$D$12, 4, FALSE ) ,"""")"),"") | R41: =IFERROR(__xludf.DUMMYFUNCTION("IFERROR( $Q41/ VLOOKUP( IF( REGEXMATCH($B41,""(?i)agachamento""),""Agachamento"", IF( REGEXMATCH($B41,""(?i)supino""),""Supino"", IF( REGEXMATCH($B41,""(?i)terra""),""Terra"", IF( REGEXMATCH($B41,""(?i)desenvolvimento""),""Desenvolvimento"&""", IF( REGEXMATCH($B41,""(?i)remada""),""Remada"", IF(REGEXMATCH($B41,""(?i)arranco""),""Arranco"",IF(REGEXMATCH($B41,""(?i)arremesso""),""Arremesso"","""")) ) ) ) ) ), prs!$A$6:$D$12, 4, FALSE ) ,"""")"),"") | X41: =IFERROR(__xludf.DUMMYFUNCTION("IFERROR( $W41/ VLOOKUP( IF( REGEXMATCH($B41,""(?i)agachamento""),""Agachamento"", IF( REGEXMATCH($B41,""(?i)supino""),""Supino"", IF( REGEXMATCH($B41,""(?i)terra""),""Terra"", IF( REGEXMATCH($B41,""(?i)desenvolvimento""),""Desenvolvimento"&""", IF( REGEXMATCH($B41,""(?i)remada""),""Remada"", IF(REGEXMATCH($B41,""(?i)arranco""),""Arranco"",IF(REGEXMATCH($B41,""(?i)arremesso""),""Arremesso"","""")) ) ) ) ) ), prs!$A$6:$D$12, 4, FALSE ) ,"""")"),"")
F42: =IFERROR(__xludf.DUMMYFUNCTION("IFERROR( $E42/ VLOOKUP( IF( REGEXMATCH($B42,""(?i)agachamento""),""Agachamento"", IF( REGEXMATCH($B42,""(?i)supino""),""Supino"", IF( REGEXMATCH($B42,""(?i)terra""),""Terra"", IF( REGEXMATCH($B42,""(?i)desenvolvimento""),""Desenvolvimento"&""", IF( REGEXMATCH($B42,""(?i)remada""),""Remada"", IF(REGEXMATCH($B42,""(?i)arranco""),""Arranco"",IF(REGEXMATCH($B42,""(?i)arremesso""),""Arremesso"","""")) ) ) ) ) ), prs!$A$6:$D$12, 4, FALSE ) ,"""")"),"") | L42: =IFERROR(__xludf.DUMMYFUNCTION("IFERROR( $K42/ VLOOKUP( IF( REGEXMATCH($B42,""(?i)agachamento""),""Agachamento"", IF( REGEXMATCH($B42,""(?i)supino""),""Supino"", IF( REGEXMATCH($B42,""(?i)terra""),""Terra"", IF( REGEXMATCH($B42,""(?i)desenvolvimento""),""Desenvolvimento"&""", IF( REGEXMATCH($B42,""(?i)remada""),""Remada"", IF(REGEXMATCH($B42,""(?i)arranco""),""Arranco"",IF(REGEXMATCH($B42,""(?i)arremesso""),""Arremesso"","""")) ) ) ) ) ), prs!$A$6:$D$12, 4, FALSE ) ,"""")"),"") | R42: =IFERROR(__xludf.DUMMYFUNCTION("IFERROR( $Q42/ VLOOKUP( IF( REGEXMATCH($B42,""(?i)agachamento""),""Agachamento"", IF( REGEXMATCH($B42,""(?i)supino""),""Supino"", IF( REGEXMATCH($B42,""(?i)terra""),""Terra"", IF( REGEXMATCH($B42,""(?i)desenvolvimento""),""Desenvolvimento"&""", IF( REGEXMATCH($B42,""(?i)remada""),""Remada"", IF(REGEXMATCH($B42,""(?i)arranco""),""Arranco"",IF(REGEXMATCH($B42,""(?i)arremesso""),""Arremesso"","""")) ) ) ) ) ), prs!$A$6:$D$12, 4, FALSE ) ,"""")"),"") | X42: =IFERROR(__xludf.DUMMYFUNCTION("IFERROR( $W42/ VLOOKUP( IF( REGEXMATCH($B42,""(?i)agachamento""),""Agachamento"", IF( REGEXMATCH($B42,""(?i)supino""),""Supino"", IF( REGEXMATCH($B42,""(?i)terra""),""Terra"", IF( REGEXMATCH($B42,""(?i)desenvolvimento""),""Desenvolvimento"&""", IF( REGEXMATCH($B42,""(?i)remada""),""Remada"", IF(REGEXMATCH($B42,""(?i)arranco""),""Arranco"",IF(REGEXMATCH($B42,""(?i)arremesso""),""Arremesso"","""")) ) ) ) ) ), prs!$A$6:$D$12, 4, FALSE ) ,"""")"),"")
F43: =IFERROR(__xludf.DUMMYFUNCTION("IFERROR( $E43/ VLOOKUP( IF( REGEXMATCH($B43,""(?i)agachamento""),""Agachamento"", IF( REGEXMATCH($B43,""(?i)supino""),""Supino"", IF( REGEXMATCH($B43,""(?i)terra""),""Terra"", IF( REGEXMATCH($B43,""(?i)desenvolvimento""),""Desenvolvimento"&""", IF( REGEXMATCH($B43,""(?i)remada""),""Remada"", IF(REGEXMATCH($B43,""(?i)arranco""),""Arranco"",IF(REGEXMATCH($B43,""(?i)arremesso""),""Arremesso"","""")) ) ) ) ) ), prs!$A$6:$D$12, 4, FALSE ) ,"""")"),"") | L43: =IFERROR(__xludf.DUMMYFUNCTION("IFERROR( $K43/ VLOOKUP( IF( REGEXMATCH($B43,""(?i)agachamento""),""Agachamento"", IF( REGEXMATCH($B43,""(?i)supino""),""Supino"", IF( REGEXMATCH($B43,""(?i)terra""),""Terra"", IF( REGEXMATCH($B43,""(?i)desenvolvimento""),""Desenvolvimento"&""", IF( REGEXMATCH($B43,""(?i)remada""),""Remada"", IF(REGEXMATCH($B43,""(?i)arranco""),""Arranco"",IF(REGEXMATCH($B43,""(?i)arremesso""),""Arremesso"","""")) ) ) ) ) ), prs!$A$6:$D$12, 4, FALSE ) ,"""")"),"") | R43: =IFERROR(__xludf.DUMMYFUNCTION("IFERROR( $Q43/ VLOOKUP( IF( REGEXMATCH($B43,""(?i)agachamento""),""Agachamento"", IF( REGEXMATCH($B43,""(?i)supino""),""Supino"", IF( REGEXMATCH($B43,""(?i)terra""),""Terra"", IF( REGEXMATCH($B43,""(?i)desenvolvimento""),""Desenvolvimento"&""", IF( REGEXMATCH($B43,""(?i)remada""),""Remada"", IF(REGEXMATCH($B43,""(?i)arranco""),""Arranco"",IF(REGEXMATCH($B43,""(?i)arremesso""),""Arremesso"","""")) ) ) ) ) ), prs!$A$6:$D$12, 4, FALSE ) ,"""")"),"") | X43: =IFERROR(__xludf.DUMMYFUNCTION("IFERROR( $W43/ VLOOKUP( IF( REGEXMATCH($B43,""(?i)agachamento""),""Agachamento"", IF( REGEXMATCH($B43,""(?i)supino""),""Supino"", IF( REGEXMATCH($B43,""(?i)terra""),""Terra"", IF( REGEXMATCH($B43,""(?i)desenvolvimento""),""Desenvolvimento"&""", IF( REGEXMATCH($B43,""(?i)remada""),""Remada"", IF(REGEXMATCH($B43,""(?i)arranco""),""Arranco"",IF(REGEXMATCH($B43,""(?i)arremesso""),""Arremesso"","""")) ) ) ) ) ), prs!$A$6:$D$12, 4, FALSE ) ,"""")"),"")
F44: =IFERROR(__xludf.DUMMYFUNCTION("IFERROR( $E44/ VLOOKUP( IF( REGEXMATCH($B44,""(?i)agachamento""),""Agachamento"", IF( REGEXMATCH($B44,""(?i)supino""),""Supino"", IF( REGEXMATCH($B44,""(?i)terra""),""Terra"", IF( REGEXMATCH($B44,""(?i)desenvolvimento""),""Desenvolvimento"&""", IF( REGEXMATCH($B44,""(?i)remada""),""Remada"", IF(REGEXMATCH($B44,""(?i)arranco""),""Arranco"",IF(REGEXMATCH($B44,""(?i)arremesso""),""Arremesso"","""")) ) ) ) ) ), prs!$A$6:$D$12, 4, FALSE ) ,"""")"),"") | L44: =IFERROR(__xludf.DUMMYFUNCTION("IFERROR( $K44/ VLOOKUP( IF( REGEXMATCH($B44,""(?i)agachamento""),""Agachamento"", IF( REGEXMATCH($B44,""(?i)supino""),""Supino"", IF( REGEXMATCH($B44,""(?i)terra""),""Terra"", IF( REGEXMATCH($B44,""(?i)desenvolvimento""),""Desenvolvimento"&""", IF( REGEXMATCH($B44,""(?i)remada""),""Remada"", IF(REGEXMATCH($B44,""(?i)arranco""),""Arranco"",IF(REGEXMATCH($B44,""(?i)arremesso""),""Arremesso"","""")) ) ) ) ) ), prs!$A$6:$D$12, 4, FALSE ) ,"""")"),"") | R44: =IFERROR(__xludf.DUMMYFUNCTION("IFERROR( $Q44/ VLOOKUP( IF( REGEXMATCH($B44,""(?i)agachamento""),""Agachamento"", IF( REGEXMATCH($B44,""(?i)supino""),""Supino"", IF( REGEXMATCH($B44,""(?i)terra""),""Terra"", IF( REGEXMATCH($B44,""(?i)desenvolvimento""),""Desenvolvimento"&""", IF( REGEXMATCH($B44,""(?i)remada""),""Remada"", IF(REGEXMATCH($B44,""(?i)arranco""),""Arranco"",IF(REGEXMATCH($B44,""(?i)arremesso""),""Arremesso"","""")) ) ) ) ) ), prs!$A$6:$D$12, 4, FALSE ) ,"""")"),"") | X44: =IFERROR(__xludf.DUMMYFUNCTION("IFERROR( $W44/ VLOOKUP( IF( REGEXMATCH($B44,""(?i)agachamento""),""Agachamento"", IF( REGEXMATCH($B44,""(?i)supino""),""Supino"", IF( REGEXMATCH($B44,""(?i)terra""),""Terra"", IF( REGEXMATCH($B44,""(?i)desenvolvimento""),""Desenvolvimento"&""", IF( REGEXMATCH($B44,""(?i)remada""),""Remada"", IF(REGEXMATCH($B44,""(?i)arranco""),""Arranco"",IF(REGEXMATCH($B44,""(?i)arremesso""),""Arremesso"","""")) ) ) ) ) ), prs!$A$6:$D$12, 4, FALSE ) ,"""")"),"")
F45: =IFERROR(__xludf.DUMMYFUNCTION("IFERROR( $E45/ VLOOKUP( IF( REGEXMATCH($B45,""(?i)agachamento""),""Agachamento"", IF( REGEXMATCH($B45,""(?i)supino""),""Supino"", IF( REGEXMATCH($B45,""(?i)terra""),""Terra"", IF( REGEXMATCH($B45,""(?i)desenvolvimento""),""Desenvolvimento"&""", IF( REGEXMATCH($B45,""(?i)remada""),""Remada"", IF(REGEXMATCH($B45,""(?i)arranco""),""Arranco"",IF(REGEXMATCH($B45,""(?i)arremesso""),""Arremesso"","""")) ) ) ) ) ), prs!$A$6:$D$12, 4, FALSE ) ,"""")"),"") | L45: =IFERROR(__xludf.DUMMYFUNCTION("IFERROR( $K45/ VLOOKUP( IF( REGEXMATCH($B45,""(?i)agachamento""),""Agachamento"", IF( REGEXMATCH($B45,""(?i)supino""),""Supino"", IF( REGEXMATCH($B45,""(?i)terra""),""Terra"", IF( REGEXMATCH($B45,""(?i)desenvolvimento""),""Desenvolvimento"&""", IF( REGEXMATCH($B45,""(?i)remada""),""Remada"", IF(REGEXMATCH($B45,""(?i)arranco""),""Arranco"",IF(REGEXMATCH($B45,""(?i)arremesso""),""Arremesso"","""")) ) ) ) ) ), prs!$A$6:$D$12, 4, FALSE ) ,"""")"),"") | R45: =IFERROR(__xludf.DUMMYFUNCTION("IFERROR( $Q45/ VLOOKUP( IF( REGEXMATCH($B45,""(?i)agachamento""),""Agachamento"", IF( REGEXMATCH($B45,""(?i)supino""),""Supino"", IF( REGEXMATCH($B45,""(?i)terra""),""Terra"", IF( REGEXMATCH($B45,""(?i)desenvolvimento""),""Desenvolvimento"&""", IF( REGEXMATCH($B45,""(?i)remada""),""Remada"", IF(REGEXMATCH($B45,""(?i)arranco""),""Arranco"",IF(REGEXMATCH($B45,""(?i)arremesso""),""Arremesso"","""")) ) ) ) ) ), prs!$A$6:$D$12, 4, FALSE ) ,"""")"),"") | X45: =IFERROR(__xludf.DUMMYFUNCTION("IFERROR( $W45/ VLOOKUP( IF( REGEXMATCH($B45,""(?i)agachamento""),""Agachamento"", IF( REGEXMATCH($B45,""(?i)supino""),""Supino"", IF( REGEXMATCH($B45,""(?i)terra""),""Terra"", IF( REGEXMATCH($B45,""(?i)desenvolvimento""),""Desenvolvimento"&""", IF( REGEXMATCH($B45,""(?i)remada""),""Remada"", IF(REGEXMATCH($B45,""(?i)arranco""),""Arranco"",IF(REGEXMATCH($B45,""(?i)arremesso""),""Arremesso"","""")) ) ) ) ) ), prs!$A$6:$D$12, 4, FALSE ) ,"""")"),"")
C46: SEMANA 01 | I46: SEMANA 02 | O46: SEMANA 03 | U46: SEMANA 04

Sheet aluno 02
B1: PLANILHA DE TREINAMENTO
B2: NOME | C2: ='aluno 01'!C2
B3: OBJETIVO | C3: ='aluno 01'!C3
B5: SEGUNDA | C5: TERÇA | D5: QUARTA | E5: QUINTA | F5: SEXTA
B6: ='aluno 01'!B6 | C6: ='aluno 01'!C6 | D6: ='aluno 01'!D6 | E6: ='aluno 01'!E6 | F6: ='aluno 01'!F6
A8: OBS
A9: ='aluno 01'!A9
A11: AQC
B12: SETS | C12: REPS / TEMPO | D12: KG | E12: OBS
A16: ='bloco 02'!C3
A17: SEMANA 01
A18: TREINO 01
B19: SETS | C19: REPS | D19: KG | E19: %1RM / PSE | F19: OBS
A20: ='bloco 02'!$B6 | B20: ='bloco 02'!C6 | C20: ='bloco 02'!D6 | D20: ='bloco 02'!E6 | E20: =IFERROR(('bloco 02'!F6),"") | F20: ='bloco 02'!G6
A21: ='bloco 02'!$B7 | B21: ='bloco 02'!C7 | C21: ='bloco 02'!D7 | D21: ='bloco 02'!E7 | E21: =IFERROR(('bloco 02'!F7),"") | F21: ='bloco 02'!G7
A22: ='bloco 02'!$B8 | B22: ='bloco 02'!C8 | C22: ='bloco 02'!D8 | D22: ='bloco 02'!E8 | E22: =IFERROR(('bloco 02'!F8),"") | F22: ='bloco 02'!G8
A23: ='bloco 02'!$B9 | B23: ='bloco 02'!C9 | C23: ='bloco 02'!D9 | D23: ='bloco 02'!E9 | E23: =IFERROR(('bloco 02'!F9),"") | F23: ='bloco 02'!G9
A24: ='bloco 02'!$B10 | B24: ='bloco 02'!C10 | C24: ='bloco 02'!D10 | D24: ='bloco 02'!E10 | E24: =IFERROR(('bloco 02'!F10),"") | F24: ='bloco 02'!G10
A25: ='bloco 02'!$B11 | B25: ='bloco 02'!C11 | C25: ='bloco 02'!D11 | D25: ='bloco 02'!E11 | E25: =IFERROR(('bloco 02'!F11),"") | F25: ='bloco 02'!G11
A26: ='bloco 02'!$B12 | B26: ='bloco 02'!C12 | C26: ='bloco 02'!D12 | D26: ='bloco 02'!E12 | E26: =IFERROR(('bloco 02'!F12),"") | F26: ='bloco 02'!G12
A27: ='bloco 02'!$B13 | B27: ='bloco 02'!C13 | C27: ='bloco 02'!D13 | D27: ='bloco 02'!E13 | E27: =IFERROR(('bloco 02'!F13),"") | F27: ='bloco 02'!G13
A28: ='bloco 02'!$B14 | B28: ='bloco 02'!C14 | C28: ='bloco 02'!D14 | D28: ='bloco 02'!E14 | E28: =IFERROR(('bloco 02'!F14),"") | F28: ='bloco 02'!G14
A29: ='bloco 02'!$B15 | B29: ='bloco 02'!C15 | C29: ='bloco 02'!D15 | D29: ='bloco 02'!E15 | E29: =IFERROR(('bloco 02'!F15),"") | F29: ='bloco 02'!G15
A30: TREINO 02
B31: SETS | C31: REPS | D31: KG | E31: %1RM / PSE | F31: OBS
A32: ='bloco 02'!$B21 | B32: ='bloco 02'!C21 | C32: ='bloco 02'!D21 | D32: ='bloco 02'!E21 | E32: =IFERROR(('bloco 02'!F21),"") | F32: ='bloco 02'!G21
A33: ='bloco 02'!$B22 | B33: ='bloco 02'!C22 | C33: ='bloco 02'!D22 | D33: ='bloco 02'!E22 | E33: =IFERROR(('bloco 02'!F22),"") | F33: ='bloco 02'!G22
A34: ='bloco 02'!$B23 | B34: ='bloco 02'!C23 | C34: ='bloco 02'!D23 | D34: ='bloco 02'!E23 | E34: =IFERROR(('bloco 02'!F23),"") | F34: ='bloco 02'!G23
A35: ='bloco 02'!$B24 | B35: ='bloco 02'!C24 | C35: ='bloco 02'!D24 | D35: ='bloco 02'!E24 | E35: =IFERROR(('bloco 02'!F24),"") | F35: ='bloco 02'!G24
A36: ='bloco 02'!$B25 | B36: ='bloco 02'!C25 | C36: ='bloco 02'!D25 | D36: ='bloco 02'!E25 | E36: =IFERROR(('bloco 02'!F25),"") | F36: ='bloco 02'!G25
A37: ='bloco 02'!$B26 | B37: ='bloco 02'!C26 | C37: ='bloco 02'!D26 | D37: ='bloco 02'!E26 | E37: =IFERROR(('bloco 02'!F26),"") | F37: ='bloco 02'!G26
A38: ='bloco 02'!$B27 | B38: ='bloco 02'!C27 | C38: ='bloco 02'!D27 | D38: ='bloco 02'!E27 | E38: =IFERROR(('bloco 02'!F27),"") | F38: ='bloco 02'!G27
A39: ='bloco 02'!$B28 | B39: ='bloco 02'!C28 | C39: ='bloco 02'!D28 | D39: ='bloco 02'!E28 | E39: =IFERROR(('bloco 02'!F28),"") | F39: ='bloco 02'!G28
A40: ='bloco 02'!$B29 | B40: ='bloco 02'!C29 | C40: ='bloco 02'!D29 | D40: ='bloco 02'!E29 | E40: =IFERROR(('bloco 02'!F29),"") | F40: ='bloco 02'!G29
A41: ='bloco 02'!$B30 | B41: ='bloco 02'!C30 | C41: ='bloco 02'!D30 | D41: ='bloco 02'!E30 | E41: =IFERROR(('bloco 02'!F30),"") | F41: ='bloco 02'!G30
A42: TREINO 03
B43: SETS | C43: REPS | D43: KG | E43: %1RM / PSE | F43: OBS
A44: ='bloco 02'!$B36 | B44: ='bloco 02'!C36 | C44: ='bloco 02'!D36 | D44: ='bloco 02'!E36 | E44: =IFERROR(('bloco 02'!F36),"") | F44: ='bloco 02'!G36
A45: ='bloco 02'!$B37 | B45: ='bloco 02'!C37 | C45: ='bloco 02'!D37 | D45: ='bloco 02'!E37 | E45: =IFERROR(('bloco 02'!F37),"") | F45: ='bloco 02'!G37
A46: ='bloco 02'!$B38 | B46: ='bloco 02'!C38 | C46: ='bloco 02'!D38 | D46: ='bloco 02'!E38 | E46: =IFERROR(('bloco 02'!F38),"") | F46: ='bloco 02'!G38
A47: ='bloco 02'!$B39 | B47: ='bloco 02'!C39 | C47: ='bloco 02'!D39 | D47: ='bloco 02'!E39 | E47: =IFERROR(('bloco 02'!F39),"") | F47: ='bloco 02'!G39
A48: ='bloco 02'!$B40 | B48: ='bloco 02'!C40 | C48: ='bloco 02'!D40 | D48: ='bloco 02'!E40 | E48: =IFERROR(('bloco 02'!F40),"") | F48: ='bloco 02'!G40
A49: ='bloco 02'!$B41 | B49: ='bloco 02'!C41 | C49: ='bloco 02'!D41 | D49: ='bloco 02'!E41 | E49: =IFERROR(('bloco 02'!F41),"") | F49: ='bloco 02'!G41
A50: ='bloco 02'!$B42 | B50: ='bloco 02'!C42 | C50: ='bloco 02'!D42 | D50: ='bloco 02'!E42 | E50: =IFERROR(('bloco 02'!F42),"") | F50: ='bloco 02'!G42
A51: ='bloco 02'!$B43 | B51: ='bloco 02'!C43 | C51: ='bloco 02'!D43 | D51: ='bloco 02'!E43 | E51: =IFERROR(('bloco 02'!F43),"") | F51: ='bloco 02'!G43
A52: ='bloco 02'!$B44 | B52: ='bloco 02'!C44 | C52: ='bloco 02'!D44 | D52: ='bloco 02'!E44 | E52: =IFERROR(('bloco 02'!F44),"") | F52: ='bloco 02'!G44
A53: ='bloco 02'!$B45 | B53: ='bloco 02'!C45 | C53: ='bloco 02'!D45 | D53: ='bloco 02'!E45 | E53: =IFERROR(('bloco 02'!F45),"") | F53: ='bloco 02'!G45
A54: ='bloco 02'!I3
A55: SEMANA 02
A56: TREINO 01
B57: SETS | C57: REPS | D57: KG | E57: %1RM / PSE | F57: OBS
A58: ='bloco 02'!$B6 | B58: ='bloco 02'!I6 | C58: ='bloco 02'!J6 | D58: ='bloco 02'!K6 | E58: =IFERROR(('bloco 02'!L6),"") | F58: ='bloco 02'!M6
A59: ='bloco 02'!$B7 | B59: ='bloco 02'!I7 | C59: ='bloco 02'!J7 | D59: ='bloco 02'!K7 | E59: =IFERROR(('bloco 02'!L7),"") | F59: ='bloco 02'!M7
A60: ='bloco 02'!$B8 | B60: ='bloco 02'!I8 | C60: ='bloco 02'!J8 | D60: ='bloco 02'!K8 | E60: =IFERROR(('bloco 02'!L8),"") | F60: ='bloco 02'!M8
A61: ='bloco 02'!$B9 | B61: ='bloco 02'!I9 | C61: ='bloco 02'!J9 | D61: ='bloco 02'!K9 | E61: =IFERROR(('bloco 02'!L9),"") | F61: ='bloco 02'!M9
A62: ='bloco 02'!$B10 | B62: ='bloco 02'!I10 | C62: ='bloco 02'!J10 | D62: ='bloco 02'!K10 | E62: =IFERROR(('bloco 02'!L10),"") | F62: ='bloco 02'!M10
A63: ='bloco 02'!$B11 | B63: ='bloco 02'!I11 | C63: ='bloco 02'!J11 | D63: ='bloco 02'!K11 | E63: =IFERROR(('bloco 02'!L11),"") | F63: ='bloco 02'!M11
A64: ='bloco 02'!$B12 | B64: ='bloco 02'!I12 | C64: ='bloco 02'!J12 | D64: ='bloco 02'!K12 | E64: =IFERROR(('bloco 02'!L12),"") | F64: ='bloco 02'!M12
A65: ='bloco 02'!$B13 | B65: ='bloco 02'!I13 | C65: ='bloco 02'!J13 | D65: ='bloco 02'!K13 | E65: =IFERROR(('bloco 02'!L13),"") | F65: ='bloco 02'!M13
A66: ='bloco 02'!$B14 | B66: ='bloco 02'!I14 | C66: ='bloco 02'!J14 | D66: ='bloco 02'!K14 | E66: =IFERROR(('bloco 02'!L14),"") | F66: ='bloco 02'!M14
A67: ='bloco 02'!$B15 | B67: ='bloco 02'!I15 | C67: ='bloco 02'!J15 | D67: ='bloco 02'!K15 | E67: =IFERROR(('bloco 02'!L15),"") | F67: ='bloco 02'!M15
A68: TREINO 02
B69: SETS | C69: REPS | D69: KG | E69: %1RM / PSE | F69: OBS
A70: ='bloco 02'!$B21 | B70: ='bloco 02'!I21 | C70: ='bloco 02'!J21 | D70: ='bloco 02'!K21 | E70: =IFERROR(('bloco 02'!L21),"") | F70: ='bloco 02'!M21
A71: ='bloco 02'!$B22 | B71: ='bloco 02'!I22 | C71: ='bloco 02'!J22 | D71: ='bloco 02'!K22 | E71: =IFERROR(('bloco 02'!L22),"") | F71: ='bloco 02'!M22
A72: ='bloco 02'!$B23 | B72: ='bloco 02'!I23 | C72: ='bloco 02'!J23 | D72: ='bloco 02'!K23 | E72: =IFERROR(('bloco 02'!L23),"") | F72: ='bloco 02'!M23
A73: ='bloco 02'!$B24 | B73: ='bloco 02'!I24 | C73: ='bloco 02'!J24 | D73: ='bloco 02'!K24 | E73: =IFERROR(('bloco 02'!L24),"") | F73: ='bloco 02'!M24
A74: ='bloco 02'!$B25 | B74: ='bloco 02'!I25 | C74: ='bloco 02'!J25 | D74: ='bloco 02'!K25 | E74: =IFERROR(('bloco 02'!L25),"") | F74: ='bloco 02'!M25
A75: ='bloco 02'!$B26 | B75: ='bloco 02'!I26 | C75: ='bloco 02'!J26 | D75: ='bloco 02'!K26 | E75: =IFERROR(('bloco 02'!L26),"") | F75: ='bloco 02'!M26
A76: ='bloco 02'!$B27 | B76: ='bloco 02'!I27 | C76: ='bloco 02'!J27 | D76: ='bloco 02'!K27 | E76: =IFERROR(('bloco 02'!L27),"") | F76: ='bloco 02'!M27
A77: ='bloco 02'!$B28 | B77: ='bloco 02'!I28 | C77: ='bloco 02'!J28 | D77: ='bloco 02'!K28 | E77: =IFERROR(('bloco 02'!L28),"") | F77: ='bloco 02'!M28
A78: ='bloco 02'!$B29 | B78: ='bloco 02'!I29 | C78: ='bloco 02'!J29 | D78: ='bloco 02'!K29 | E78: =IFERROR(('bloco 02'!L29),"") | F78: ='bloco 02'!M29
A79: ='bloco 02'!$B30 | B79: ='bloco 02'!I30 | C79: ='bloco 02'!J30 | D79: ='bloco 02'!K30 | E79: =IFERROR(('bloco 02'!L30),"") | F79: ='bloco 02'!M30
A80: TREINO 03
B81: SETS | C81: REPS | D81: KG | E81: %1RM / PSE | F81: OBS
A82: ='bloco 02'!$B36 | B82: ='bloco 02'!I36 | C82: ='bloco 02'!J36 | D82: ='bloco 02'!K36 | E82: =IFERROR(('bloco 02'!L36),"") | F82: ='bloco 02'!M36
A83: ='bloco 02'!$B37 | B83: ='bloco 02'!I37 | C83: ='bloco 02'!J37 | D83: ='bloco 02'!K37 | E83: =IFERROR(('bloco 02'!L37),"") | F83: ='bloco 02'!M37
A84: ='bloco 02'!$B38 | B84: ='bloco 02'!I38 | C84: ='bloco 02'!J38 | D84: ='bloco 02'!K38 | E84: =IFERROR(('bloco 02'!L38),"") | F84: ='bloco 02'!M38
A85: ='bloco 02'!$B39 | B85: ='bloco 02'!I39 | C85: ='bloco 02'!J39 | D85: ='bloco 02'!K39 | E85: =IFERROR(('bloco 02'!L39),"") | F85: ='bloco 02'!M39
A86: ='bloco 02'!$B40 | B86: ='bloco 02'!I40 | C86: ='bloco 02'!J40 | D86: ='bloco 02'!K40 | E86: =IFERROR(('bloco 02'!L40),"") | F86: ='bloco 02'!M40
A87: ='bloco 02'!$B41 | B87: ='bloco 02'!I41 | C87: ='bloco 02'!J41 | D87: ='bloco 02'!K41 | E87: =IFERROR(('bloco 02'!L41),"") | F87: ='bloco 02'!M41
A88: ='bloco 02'!$B42 | B88: ='bloco 02'!I42 | C88: ='bloco 02'!J42 | D88: ='bloco 02'!K42 | E88: =IFERROR(('bloco 02'!L42),"") | F88: ='bloco 02'!M42
A89: ='bloco 02'!$B43 | B89: ='bloco 02'!I43 | C89: ='bloco 02'!J43 | D89: ='bloco 02'!K43 | E89: =IFERROR(('bloco 02'!L43),"") | F89: ='bloco 02'!M43
A90: ='bloco 02'!$B44 | B90: ='bloco 02'!I44 | C90: ='bloco 02'!J44 | D90: ='bloco 02'!K44 | E90: =IFERROR(('bloco 02'!L44),"") | F90: ='bloco 02'!M44
A91: ='bloco 02'!$B45 | B91: ='bloco 02'!I45 | C91: ='bloco 02'!J45 | D91: ='bloco 02'!K45 | E91: =IFERROR(('bloco 02'!L45),"") | F91: ='bloco 02'!M45
A109: ='bloco 02'!O3
A110: SEMANA 03
A111: TREINO 01
B112: SETS | C112: REPS | D112: KG | E112: %1RM / PSE | F112: OBS
A113: ='bloco 02'!$B6 | B113: ='bloco 02'!O6 | C113: ='bloco 02'!P6 | D113: ='bloco 02'!Q6 | E113: =IFERROR(('bloco 02'!R6),"") | F113: ='bloco 02'!S6
A114: ='bloco 02'!$B7 | B114: ='bloco 02'!O7 | C114: ='bloco 02'!P7 | D114: ='bloco 02'!Q7 | E114: =IFERROR(('bloco 02'!R7),"") | F114: ='bloco 02'!S7
A115: ='bloco 02'!$B8 | B115: ='bloco 02'!O8 | C115: ='bloco 02'!P8 | D115: ='bloco 02'!Q8 | E115: =IFERROR(('bloco 02'!R8),"") | F115: ='bloco 02'!S8
A116: ='bloco 02'!$B9 | B116: ='bloco 02'!O9 | C116: ='bloco 02'!P9 | D116: ='bloco 02'!Q9 | E116: =IFERROR(('bloco 02'!R9),"") | F116: ='bloco 02'!S9
A117: ='bloco 02'!$B10 | B117: ='bloco 02'!O10 | C117: ='bloco 02'!P10 | D117: ='bloco 02'!Q10 | E117: =IFERROR(('bloco 02'!R10),"") | F117: ='bloco 02'!S10
A118: ='bloco 02'!$B11 | B118: ='bloco 02'!O11 | C118: ='bloco 02'!P11 | D118: ='bloco 02'!Q11 | E118: =IFERROR(('bloco 02'!R11),"") | F118: ='bloco 02'!S11
A119: ='bloco 02'!$B12 | B119: ='bloco 02'!O12 | C119: ='bloco 02'!P12 | D119: ='bloco 02'!Q12 | E119: =IFERROR(('bloco 02'!R12),"") | F119: ='bloco 02'!S12
A120: ='bloco 02'!$B13 | B120: ='bloco 02'!O13 | C120: ='bloco 02'!P13 | D120: ='bloco 02'!Q13 | E120: =IFERROR(('bloco 02'!R13),"") | F120: ='bloco 02'!S13
A121: ='bloco 02'!$B14 | B121: ='bloco 02'!O14 | C121: ='bloco 02'!P14 | D121: ='bloco 02'!Q14 | E121: =IFERROR(('bloco 02'!R14),"") | F121: ='bloco 02'!S14
A122: ='bloco 02'!$B15 | B122: ='bloco 02'!O15 | C122: ='bloco 02'!P15 | D122: ='bloco 02'!Q15 | E122: =IFERROR(('bloco 02'!R15),"") | F122: ='bloco 02'!S15
A123: TREINO 02
...

Sheet bloco 02
A1: BLOCO 02
A3: TREINO 01 | C3: =macro!F6 | I3: =C3+7 | O3: =I3+7 | U3: =O3+7
C4: SETS | D4: REPS | E4: KG | F4: %1RM | G4: OBS | I4: SETS | J4: REPS | K4: KG | L4: %1RM | M4: OBS | O4: SETS | P4: REPS | Q4: KG | R4: %1RM | S4: OBS | U4: SETS | V4: REPS | W4: KG | X4: %1RM | Y4: OBS
B5: exercícios | F5: pse | L5: pse | R5: pse | X5: pse
F6: =IFERROR(__xludf.DUMMYFUNCTION("IFERROR( $E6/ VLOOKUP( IF( REGEXMATCH($B6,""(?i)agachamento""),""Agachamento"", IF( REGEXMATCH($B6,""(?i)supino""),""Supino"", IF( REGEXMATCH($B6,""(?i)terra""),""Terra"", IF( REGEXMATCH($B6,""(?i)desenvolvimento""),""Desenvolvimento"", "&" IF( REGEXMATCH($B6,""(?i)remada""),""Remada"", IF(REGEXMATCH($B6,""(?i)arranco""),""Arranco"",IF(REGEXMATCH($B6,""(?i)arremesso""),""Arremesso"","""")) ) ) ) ) ), prs!$A$18:$D$24, 4, FALSE ) ,"""")"),"") | L6: =IFERROR(__xludf.DUMMYFUNCTION("IFERROR( $K6/ VLOOKUP( IF( REGEXMATCH($B6,""(?i)agachamento""),""Agachamento"", IF( REGEXMATCH($B6,""(?i)supino""),""Supino"", IF( REGEXMATCH($B6,""(?i)terra""),""Terra"", IF( REGEXMATCH($B6,""(?i)desenvolvimento""),""Desenvolvimento"", "&" IF( REGEXMATCH($B6,""(?i)remada""),""Remada"", IF(REGEXMATCH($B6,""(?i)arranco""),""Arranco"",IF(REGEXMATCH($B6,""(?i)arremesso""),""Arremesso"","""")) ) ) ) ) ), prs!$A$18:$D$24, 4, FALSE ) ,"""")"),"") | R6: =IFERROR(__xludf.DUMMYFUNCTION("IFERROR( $Q6/ VLOOKUP( IF( REGEXMATCH($B6,""(?i)agachamento""),""Agachamento"", IF( REGEXMATCH($B6,""(?i)supino""),""Supino"", IF( REGEXMATCH($B6,""(?i)terra""),""Terra"", IF( REGEXMATCH($B6,""(?i)desenvolvimento""),""Desenvolvimento"", "&" IF( REGEXMATCH($B6,""(?i)remada""),""Remada"", IF(REGEXMATCH($B6,""(?i)arranco""),""Arranco"",IF(REGEXMATCH($B6,""(?i)arremesso""),""Arremesso"","""")) ) ) ) ) ), prs!$A$18:$D$24, 4, FALSE ) ,"""")"),"") | X6: =IFERROR(__xludf.DUMMYFUNCTION("IFERROR( $W6/ VLOOKUP( IF( REGEXMATCH($B6,""(?i)agachamento""),""Agachamento"", IF( REGEXMATCH($B6,""(?i)supino""),""Supino"", IF( REGEXMATCH($B6,""(?i)terra""),""Terra"", IF( REGEXMATCH($B6,""(?i)desenvolvimento""),""Desenvolvimento"", "&" IF( REGEXMATCH($B6,""(?i)remada""),""Remada"", IF(REGEXMATCH($B6,""(?i)arranco""),""Arranco"",IF(REGEXMATCH($B6,""(?i)arremesso""),""Arremesso"","""")) ) ) ) ) ), prs!$A$18:$D$24, 4, FALSE ) ,"""")"),"")
F7: =IFERROR(__xludf.DUMMYFUNCTION("IFERROR( $E7/ VLOOKUP( IF( REGEXMATCH($B7,""(?i)agachamento""),""Agachamento"", IF( REGEXMATCH($B7,""(?i)supino""),""Supino"", IF( REGEXMATCH($B7,""(?i)terra""),""Terra"", IF( REGEXMATCH($B7,""(?i)desenvolvimento""),""Desenvolvimento"", "&" IF( REGEXMATCH($B7,""(?i)remada""),""Remada"", IF(REGEXMATCH($B7,""(?i)arranco""),""Arranco"",IF(REGEXMATCH($B7,""(?i)arremesso""),""Arremesso"","""")) ) ) ) ) ), prs!$A$18:$D$24, 4, FALSE ) ,"""")"),"") | L7: =IFERROR(__xludf.DUMMYFUNCTION("IFERROR( $K7/ VLOOKUP( IF( REGEXMATCH($B7,""(?i)agachamento""),""Agachamento"", IF( REGEXMATCH($B7,""(?i)supino""),""Supino"", IF( REGEXMATCH($B7,""(?i)terra""),""Terra"", IF( REGEXMATCH($B7,""(?i)desenvolvimento""),""Desenvolvimento"", "&" IF( REGEXMATCH($B7,""(?i)remada""),""Remada"", IF(REGEXMATCH($B7,""(?i)arranco""),""Arranco"",IF(REGEXMATCH($B7,""(?i)arremesso""),""Arremesso"","""")) ) ) ) ) ), prs!$A$18:$D$24, 4, FALSE ) ,"""")"),"") | R7: =IFERROR(__xludf.DUMMYFUNCTION("IFERROR( $Q7/ VLOOKUP( IF( REGEXMATCH($B7,""(?i)agachamento""),""Agachamento"", IF( REGEXMATCH($B7,""(?i)supino""),""Supino"", IF( REGEXMATCH($B7,""(?i)terra""),""Terra"", IF( REGEXMATCH($B7,""(?i)desenvolvimento""),""Desenvolvimento"", "&" IF( REGEXMATCH($B7,""(?i)remada""),""Remada"", IF(REGEXMATCH($B7,""(?i)arranco""),""Arranco"",IF(REGEXMATCH($B7,""(?i)arremesso""),""Arremesso"","""")) ) ) ) ) ), prs!$A$18:$D$24, 4, FALSE ) ,"""")"),"") | X7: =IFERROR(__xludf.DUMMYFUNCTION("IFERROR( $W7/ VLOOKUP( IF( REGEXMATCH($B7,""(?i)agachamento""),""Agachamento"", IF( REGEXMATCH($B7,""(?i)supino""),""Supino"", IF( REGEXMATCH($B7,""(?i)terra""),""Terra"", IF( REGEXMATCH($B7,""(?i)desenvolvimento""),""Desenvolvimento"", "&" IF( REGEXMATCH($B7,""(?i)remada""),""Remada"", IF(REGEXMATCH($B7,""(?i)arranco""),""Arranco"",IF(REGEXMATCH($B7,""(?i)arremesso""),""Arremesso"","""")) ) ) ) ) ), prs!$A$18:$D$24, 4, FALSE ) ,"""")"),"")
F8: =IFERROR(__xludf.DUMMYFUNCTION("IFERROR( $E8/ VLOOKUP( IF( REGEXMATCH($B8,""(?i)agachamento""),""Agachamento"", IF( REGEXMATCH($B8,""(?i)supino""),""Supino"", IF( REGEXMATCH($B8,""(?i)terra""),""Terra"", IF( REGEXMATCH($B8,""(?i)desenvolvimento""),""Desenvolvimento"", "&" IF( REGEXMATCH($B8,""(?i)remada""),""Remada"", IF(REGEXMATCH($B8,""(?i)arranco""),""Arranco"",IF(REGEXMATCH($B8,""(?i)arremesso""),""Arremesso"","""")) ) ) ) ) ), prs!$A$18:$D$24, 4, FALSE ) ,"""")"),"") | L8: =IFERROR(__xludf.DUMMYFUNCTION("IFERROR( $K8/ VLOOKUP( IF( REGEXMATCH($B8,""(?i)agachamento""),""Agachamento"", IF( REGEXMATCH($B8,""(?i)supino""),""Supino"", IF( REGEXMATCH($B8,""(?i)terra""),""Terra"", IF( REGEXMATCH($B8,""(?i)desenvolvimento""),""Desenvolvimento"", "&" IF( REGEXMATCH($B8,""(?i)remada""),""Remada"", IF(REGEXMATCH($B8,""(?i)arranco""),""Arranco"",IF(REGEXMATCH($B8,""(?i)arremesso""),""Arremesso"","""")) ) ) ) ) ), prs!$A$18:$D$24, 4, FALSE ) ,"""")"),"") | R8: =IFERROR(__xludf.DUMMYFUNCTION("IFERROR( $Q8/ VLOOKUP( IF( REGEXMATCH($B8,""(?i)agachamento""),""Agachamento"", IF( REGEXMATCH($B8,""(?i)supino""),""Supino"", IF( REGEXMATCH($B8,""(?i)terra""),""Terra"", IF( REGEXMATCH($B8,""(?i)desenvolvimento""),""Desenvolvimento"", "&" IF( REGEXMATCH($B8,""(?i)remada""),""Remada"", IF(REGEXMATCH($B8,""(?i)arranco""),""Arranco"",IF(REGEXMATCH($B8,""(?i)arremesso""),""Arremesso"","""")) ) ) ) ) ), prs!$A$18:$D$24, 4, FALSE ) ,"""")"),"") | X8: =IFERROR(__xludf.DUMMYFUNCTION("IFERROR( $W8/ VLOOKUP( IF( REGEXMATCH($B8,""(?i)agachamento""),""Agachamento"", IF( REGEXMATCH($B8,""(?i)supino""),""Supino"", IF( REGEXMATCH($B8,""(?i)terra""),""Terra"", IF( REGEXMATCH($B8,""(?i)desenvolvimento""),""Desenvolvimento"", "&" IF( REGEXMATCH($B8,""(?i)remada""),""Remada"", IF(REGEXMATCH($B8,""(?i)arranco""),""Arranco"",IF(REGEXMATCH($B8,""(?i)arremesso""),""Arremesso"","""")) ) ) ) ) ), prs!$A$18:$D$24, 4, FALSE ) ,"""")"),"")
F9: =IFERROR(__xludf.DUMMYFUNCTION("IFERROR( $E9/ VLOOKUP( IF( REGEXMATCH($B9,""(?i)agachamento""),""Agachamento"", IF( REGEXMATCH($B9,""(?i)supino""),""Supino"", IF( REGEXMATCH($B9,""(?i)terra""),""Terra"", IF( REGEXMATCH($B9,""(?i)desenvolvimento""),""Desenvolvimento"", "&" IF( REGEXMATCH($B9,""(?i)remada""),""Remada"", IF(REGEXMATCH($B9,""(?i)arranco""),""Arranco"",IF(REGEXMATCH($B9,""(?i)arremesso""),""Arremesso"","""")) ) ) ) ) ), prs!$A$18:$D$24, 4, FALSE ) ,"""")"),"") | L9: =IFERROR(__xludf.DUMMYFUNCTION("IFERROR( $K9/ VLOOKUP( IF( REGEXMATCH($B9,""(?i)agachamento""),""Agachamento"", IF( REGEXMATCH($B9,""(?i)supino""),""Supino"", IF( REGEXMATCH($B9,""(?i)terra""),""Terra"", IF( REGEXMATCH($B9,""(?i)desenvolvimento""),""Desenvolvimento"", "&" IF( REGEXMATCH($B9,""(?i)remada""),""Remada"", IF(REGEXMATCH($B9,""(?i)arranco""),""Arranco"",IF(REGEXMATCH($B9,""(?i)arremesso""),""Arremesso"","""")) ) ) ) ) ), prs!$A$18:$D$24, 4, FALSE ) ,"""")"),"") | R9: =IFERROR(__xludf.DUMMYFUNCTION("IFERROR( $Q9/ VLOOKUP( IF( REGEXMATCH($B9,""(?i)agachamento""),""Agachamento"", IF( REGEXMATCH($B9,""(?i)supino""),""Supino"", IF( REGEXMATCH($B9,""(?i)terra""),""Terra"", IF( REGEXMATCH($B9,""(?i)desenvolvimento""),""Desenvolvimento"", "&" IF( REGEXMATCH($B9,""(?i)remada""),""Remada"", IF(REGEXMATCH($B9,""(?i)arranco""),""Arranco"",IF(REGEXMATCH($B9,""(?i)arremesso""),""Arremesso"","""")) ) ) ) ) ), prs!$A$18:$D$24, 4, FALSE ) ,"""")"),"") | X9: =IFERROR(__xludf.DUMMYFUNCTION("IFERROR( $W9/ VLOOKUP( IF( REGEXMATCH($B9,""(?i)agachamento""),""Agachamento"", IF( REGEXMATCH($B9,""(?i)supino""),""Supino"", IF( REGEXMATCH($B9,""(?i)terra""),""Terra"", IF( REGEXMATCH($B9,""(?i)desenvolvimento""),""Desenvolvimento"", "&" IF( REGEXMATCH($B9,""(?i)remada""),""Remada"", IF(REGEXMATCH($B9,""(?i)arranco""),""Arranco"",IF(REGEXMATCH($B9,""(?i)arremesso""),""Arremesso"","""")) ) ) ) ) ), prs!$A$18:$D$24, 4, FALSE ) ,"""")"),"")
F10: =IFERROR(__xludf.DUMMYFUNCTION("IFERROR( $E10/ VLOOKUP( IF( REGEXMATCH($B10,""(?i)agachamento""),""Agachamento"", IF( REGEXMATCH($B10,""(?i)supino""),""Supino"", IF( REGEXMATCH($B10,""(?i)terra""),""Terra"", IF( REGEXMATCH($B10,""(?i)desenvolvimento""),""Desenvolvimento"&""", IF( REGEXMATCH($B10,""(?i)remada""),""Remada"", IF(REGEXMATCH($B10,""(?i)arranco""),""Arranco"",IF(REGEXMATCH($B10,""(?i)arremesso""),""Arremesso"","""")) ) ) ) ) ), prs!$A$18:$D$24, 4, FALSE ) ,"""")"),"") | L10: =IFERROR(__xludf.DUMMYFUNCTION("IFERROR( $K10/ VLOOKUP( IF( REGEXMATCH($B10,""(?i)agachamento""),""Agachamento"", IF( REGEXMATCH($B10,""(?i)supino""),""Supino"", IF( REGEXMATCH($B10,""(?i)terra""),""Terra"", IF( REGEXMATCH($B10,""(?i)desenvolvimento""),""Desenvolvimento"&""", IF( REGEXMATCH($B10,""(?i)remada""),""Remada"", IF(REGEXMATCH($B10,""(?i)arranco""),""Arranco"",IF(REGEXMATCH($B10,""(?i)arremesso""),""Arremesso"","""")) ) ) ) ) ), prs!$A$18:$D$24, 4, FALSE ) ,"""")"),"") | R10: =IFERROR(__xludf.DUMMYFUNCTION("IFERROR( $Q10/ VLOOKUP( IF( REGEXMATCH($B10,""(?i)agachamento""),""Agachamento"", IF( REGEXMATCH($B10,""(?i)supino""),""Supino"", IF( REGEXMATCH($B10,""(?i)terra""),""Terra"", IF( REGEXMATCH($B10,""(?i)desenvolvimento""),""Desenvolvimento"&""", IF( REGEXMATCH($B10,""(?i)remada""),""Remada"", IF(REGEXMATCH($B10,""(?i)arranco""),""Arranco"",IF(REGEXMATCH($B10,""(?i)arremesso""),""Arremesso"","""")) ) ) ) ) ), prs!$A$18:$D$24, 4, FALSE ) ,"""")"),"") | X10: =IFERROR(__xludf.DUMMYFUNCTION("IFERROR( $W10/ VLOOKUP( IF( REGEXMATCH($B10,""(?i)agachamento""),""Agachamento"", IF( REGEXMATCH($B10,""(?i)supino""),""Supino"", IF( REGEXMATCH($B10,""(?i)terra""),""Terra"", IF( REGEXMATCH($B10,""(?i)desenvolvimento""),""Desenvolvimento"&""", IF( REGEXMATCH($B10,""(?i)remada""),""Remada"", IF(REGEXMATCH($B10,""(?i)arranco""),""Arranco"",IF(REGEXMATCH($B10,""(?i)arremesso""),""Arremesso"","""")) ) ) ) ) ), prs!$A$18:$D$24, 4, FALSE ) ,"""")"),"")
F11: =IFERROR(__xludf.DUMMYFUNCTION("IFERROR( $E11/ VLOOKUP( IF( REGEXMATCH($B11,""(?i)agachamento""),""Agachamento"", IF( REGEXMATCH($B11,""(?i)supino""),""Supino"", IF( REGEXMATCH($B11,""(?i)terra""),""Terra"", IF( REGEXMATCH($B11,""(?i)desenvolvimento""),""Desenvolvimento"&""", IF( REGEXMATCH($B11,""(?i)remada""),""Remada"", IF(REGEXMATCH($B11,""(?i)arranco""),""Arranco"",IF(REGEXMATCH($B11,""(?i)arremesso""),""Arremesso"","""")) ) ) ) ) ), prs!$A$18:$D$24, 4, FALSE ) ,"""")"),"") | L11: =IFERROR(__xludf.DUMMYFUNCTION("IFERROR( $K11/ VLOOKUP( IF( REGEXMATCH($B11,""(?i)agachamento""),""Agachamento"", IF( REGEXMATCH($B11,""(?i)supino""),""Supino"", IF( REGEXMATCH($B11,""(?i)terra""),""Terra"", IF( REGEXMATCH($B11,""(?i)desenvolvimento""),""Desenvolvimento"&""", IF( REGEXMATCH($B11,""(?i)remada""),""Remada"", IF(REGEXMATCH($B11,""(?i)arranco""),""Arranco"",IF(REGEXMATCH($B11,""(?i)arremesso""),""Arremesso"","""")) ) ) ) ) ), prs!$A$18:$D$24, 4, FALSE ) ,"""")"),"") | R11: =IFERROR(__xludf.DUMMYFUNCTION("IFERROR( $Q11/ VLOOKUP( IF( REGEXMATCH($B11,""(?i)agachamento""),""Agachamento"", IF( REGEXMATCH($B11,""(?i)supino""),""Supino"", IF( REGEXMATCH($B11,""(?i)terra""),""Terra"", IF( REGEXMATCH($B11,""(?i)desenvolvimento""),""Desenvolvimento"&""", IF( REGEXMATCH($B11,""(?i)remada""),""Remada"", IF(REGEXMATCH($B11,""(?i)arranco""),""Arranco"",IF(REGEXMATCH($B11,""(?i)arremesso""),""Arremesso"","""")) ) ) ) ) ), prs!$A$18:$D$24, 4, FALSE ) ,"""")"),"") | X11: =IFERROR(__xludf.DUMMYFUNCTION("IFERROR( $W11/ VLOOKUP( IF( REGEXMATCH($B11,""(?i)agachamento""),""Agachamento"", IF( REGEXMATCH($B11,""(?i)supino""),""Supino"", IF( REGEXMATCH($B11,""(?i)terra""),""Terra"", IF( REGEXMATCH($B11,""(?i)desenvolvimento""),""Desenvolvimento"&""", IF( REGEXMATCH($B11,""(?i)remada""),""Remada"", IF(REGEXMATCH($B11,""(?i)arranco""),""Arranco"",IF(REGEXMATCH($B11,""(?i)arremesso""),""Arremesso"","""")) ) ) ) ) ), prs!$A$18:$D$24, 4, FALSE ) ,"""")"),"")
F12: =IFERROR(__xludf.DUMMYFUNCTION("IFERROR( $E12/ VLOOKUP( IF( REGEXMATCH($B12,""(?i)agachamento""),""Agachamento"", IF( REGEXMATCH($B12,""(?i)supino""),""Supino"", IF( REGEXMATCH($B12,""(?i)terra""),""Terra"", IF( REGEXMATCH($B12,""(?i)desenvolvimento""),""Desenvolvimento"&""", IF( REGEXMATCH($B12,""(?i)remada""),""Remada"", IF(REGEXMATCH($B12,""(?i)arranco""),""Arranco"",IF(REGEXMATCH($B12,""(?i)arremesso""),""Arremesso"","""")) ) ) ) ) ), prs!$A$18:$D$24, 4, FALSE ) ,"""")"),"") | L12: =IFERROR(__xludf.DUMMYFUNCTION("IFERROR( $K12/ VLOOKUP( IF( REGEXMATCH($B12,""(?i)agachamento""),""Agachamento"", IF( REGEXMATCH($B12,""(?i)supino""),""Supino"", IF( REGEXMATCH($B12,""(?i)terra""),""Terra"", IF( REGEXMATCH($B12,""(?i)desenvolvimento""),""Desenvolvimento"&""", IF( REGEXMATCH($B12,""(?i)remada""),""Remada"", IF(REGEXMATCH($B12,""(?i)arranco""),""Arranco"",IF(REGEXMATCH($B12,""(?i)arremesso""),""Arremesso"","""")) ) ) ) ) ), prs!$A$18:$D$24, 4, FALSE ) ,"""")"),"") | R12: =IFERROR(__xludf.DUMMYFUNCTION("IFERROR( $Q12/ VLOOKUP( IF( REGEXMATCH($B12,""(?i)agachamento""),""Agachamento"", IF( REGEXMATCH($B12,""(?i)supino""),""Supino"", IF( REGEXMATCH($B12,""(?i)terra""),""Terra"", IF( REGEXMATCH($B12,""(?i)desenvolvimento""),""Desenvolvimento"&""", IF( REGEXMATCH($B12,""(?i)remada""),""Remada"", IF(REGEXMATCH($B12,""(?i)arranco""),""Arranco"",IF(REGEXMATCH($B12,""(?i)arremesso""),""Arremesso"","""")) ) ) ) ) ), prs!$A$18:$D$24, 4, FALSE ) ,"""")"),"") | X12: =IFERROR(__xludf.DUMMYFUNCTION("IFERROR( $W12/ VLOOKUP( IF( REGEXMATCH($B12,""(?i)agachamento""),""Agachamento"", IF( REGEXMATCH($B12,""(?i)supino""),""Supino"", IF( REGEXMATCH($B12,""(?i)terra""),""Terra"", IF( REGEXMATCH($B12,""(?i)desenvolvimento""),""Desenvolvimento"&""", IF( REGEXMATCH($B12,""(?i)remada""),""Remada"", IF(REGEXMATCH($B12,""(?i)arranco""),""Arranco"",IF(REGEXMATCH($B12,""(?i)arremesso""),""Arremesso"","""")) ) ) ) ) ), prs!$A$18:$D$24, 4, FALSE ) ,"""")"),"")
F13: =IFERROR(__xludf.DUMMYFUNCTION("IFERROR( $E13/ VLOOKUP( IF( REGEXMATCH($B13,""(?i)agachamento""),""Agachamento"", IF( REGEXMATCH($B13,""(?i)supino""),""Supino"", IF( REGEXMATCH($B13,""(?i)terra""),""Terra"", IF( REGEXMATCH($B13,""(?i)desenvolvimento""),""Desenvolvimento"&""", IF( REGEXMATCH($B13,""(?i)remada""),""Remada"", IF(REGEXMATCH($B13,""(?i)arranco""),""Arranco"",IF(REGEXMATCH($B13,""(?i)arremesso""),""Arremesso"","""")) ) ) ) ) ), prs!$A$18:$D$24, 4, FALSE ) ,"""")"),"") | L13: =IFERROR(__xludf.DUMMYFUNCTION("IFERROR( $K13/ VLOOKUP( IF( REGEXMATCH($B13,""(?i)agachamento""),""Agachamento"", IF( REGEXMATCH($B13,""(?i)supino""),""Supino"", IF( REGEXMATCH($B13,""(?i)terra""),""Terra"", IF( REGEXMATCH($B13,""(?i)desenvolvimento""),""Desenvolvimento"&""", IF( REGEXMATCH($B13,""(?i)remada""),""Remada"", IF(REGEXMATCH($B13,""(?i)arranco""),""Arranco"",IF(REGEXMATCH($B13,""(?i)arremesso""),""Arremesso"","""")) ) ) ) ) ), prs!$A$18:$D$24, 4, FALSE ) ,"""")"),"") | R13: =IFERROR(__xludf.DUMMYFUNCTION("IFERROR( $Q13/ VLOOKUP( IF( REGEXMATCH($B13,""(?i)agachamento""),""Agachamento"", IF( REGEXMATCH($B13,""(?i)supino""),""Supino"", IF( REGEXMATCH($B13,""(?i)terra""),""Terra"", IF( REGEXMATCH($B13,""(?i)desenvolvimento""),""Desenvolvimento"&""", IF( REGEXMATCH($B13,""(?i)remada""),""Remada"", IF(REGEXMATCH($B13,""(?i)arranco""),""Arranco"",IF(REGEXMATCH($B13,""(?i)arremesso""),""Arremesso"","""")) ) ) ) ) ), prs!$A$18:$D$24, 4, FALSE ) ,"""")"),"") | X13: =IFERROR(__xludf.DUMMYFUNCTION("IFERROR( $W13/ VLOOKUP( IF( REGEXMATCH($B13,""(?i)agachamento""),""Agachamento"", IF( REGEXMATCH($B13,""(?i)supino""),""Supino"", IF( REGEXMATCH($B13,""(?i)terra""),""Terra"", IF( REGEXMATCH($B13,""(?i)desenvolvimento""),""Desenvolvimento"&""", IF( REGEXMATCH($B13,""(?i)remada""),""Remada"", IF(REGEXMATCH($B13,""(?i)arranco""),""Arranco"",IF(REGEXMATCH($B13,""(?i)arremesso""),""Arremesso"","""")) ) ) ) ) ), prs!$A$18:$D$24, 4, FALSE ) ,"""")"),"")
F14: =IFERROR(__xludf.DUMMYFUNCTION("IFERROR( $E14/ VLOOKUP( IF( REGEXMATCH($B14,""(?i)agachamento""),""Agachamento"", IF( REGEXMATCH($B14,""(?i)supino""),""Supino"", IF( REGEXMATCH($B14,""(?i)terra""),""Terra"", IF( REGEXMATCH($B14,""(?i)desenvolvimento""),""Desenvolvimento"&""", IF( REGEXMATCH($B14,""(?i)remada""),""Remada"", IF(REGEXMATCH($B14,""(?i)arranco""),""Arranco"",IF(REGEXMATCH($B14,""(?i)arremesso""),""Arremesso"","""")) ) ) ) ) ), prs!$A$18:$D$24, 4, FALSE ) ,"""")"),"") | L14: =IFERROR(__xludf.DUMMYFUNCTION("IFERROR( $K14/ VLOOKUP( IF( REGEXMATCH($B14,""(?i)agachamento""),""Agachamento"", IF( REGEXMATCH($B14,""(?i)supino""),""Supino"", IF( REGEXMATCH($B14,""(?i)terra""),""Terra"", IF( REGEXMATCH($B14,""(?i)desenvolvimento""),""Desenvolvimento"&""", IF( REGEXMATCH($B14,""(?i)remada""),""Remada"", IF(REGEXMATCH($B14,""(?i)arranco""),""Arranco"",IF(REGEXMATCH($B14,""(?i)arremesso""),""Arremesso"","""")) ) ) ) ) ), prs!$A$18:$D$24, 4, FALSE ) ,"""")"),"") | R14: =IFERROR(__xludf.DUMMYFUNCTION("IFERROR( $Q14/ VLOOKUP( IF( REGEXMATCH($B14,""(?i)agachamento""),""Agachamento"", IF( REGEXMATCH($B14,""(?i)supino""),""Supino"", IF( REGEXMATCH($B14,""(?i)terra""),""Terra"", IF( REGEXMATCH($B14,""(?i)desenvolvimento""),""Desenvolvimento"&""", IF( REGEXMATCH($B14,""(?i)remada""),""Remada"", IF(REGEXMATCH($B14,""(?i)arranco""),""Arranco"",IF(REGEXMATCH($B14,""(?i)arremesso""),""Arremesso"","""")) ) ) ) ) ), prs!$A$18:$D$24, 4, FALSE ) ,"""")"),"") | X14: =IFERROR(__xludf.DUMMYFUNCTION("IFERROR( $W14/ VLOOKUP( IF( REGEXMATCH($B14,""(?i)agachamento""),""Agachamento"", IF( REGEXMATCH($B14,""(?i)supino""),""Supino"", IF( REGEXMATCH($B14,""(?i)terra""),""Terra"", IF( REGEXMATCH($B14,""(?i)desenvolvimento""),""Desenvolvimento"&""", IF( REGEXMATCH($B14,""(?i)remada""),""Remada"", IF(REGEXMATCH($B14,""(?i)arranco""),""Arranco"",IF(REGEXMATCH($B14,""(?i)arremesso""),""Arremesso"","""")) ) ) ) ) ), prs!$A$18:$D$24, 4, FALSE ) ,"""")"),"")
F15: =IFERROR(__xludf.DUMMYFUNCTION("IFERROR( $E15/ VLOOKUP( IF( REGEXMATCH($B15,""(?i)agachamento""),""Agachamento"", IF( REGEXMATCH($B15,""(?i)supino""),""Supino"", IF( REGEXMATCH($B15,""(?i)terra""),""Terra"", IF( REGEXMATCH($B15,""(?i)desenvolvimento""),""Desenvolvimento"&""", IF( REGEXMATCH($B15,""(?i)remada""),""Remada"", IF(REGEXMATCH($B15,""(?i)arranco""),""Arranco"",IF(REGEXMATCH($B15,""(?i)arremesso""),""Arremesso"","""")) ) ) ) ) ), prs!$A$18:$D$24, 4, FALSE ) ,"""")"),"") | L15: =IFERROR(__xludf.DUMMYFUNCTION("IFERROR( $K15/ VLOOKUP( IF( REGEXMATCH($B15,""(?i)agachamento""),""Agachamento"", IF( REGEXMATCH($B15,""(?i)supino""),""Supino"", IF( REGEXMATCH($B15,""(?i)terra""),""Terra"", IF( REGEXMATCH($B15,""(?i)desenvolvimento""),""Desenvolvimento"&""", IF( REGEXMATCH($B15,""(?i)remada""),""Remada"", IF(REGEXMATCH($B15,""(?i)arranco""),""Arranco"",IF(REGEXMATCH($B15,""(?i)arremesso""),""Arremesso"","""")) ) ) ) ) ), prs!$A$18:$D$24, 4, FALSE ) ,"""")"),"") | R15: =IFERROR(__xludf.DUMMYFUNCTION("IFERROR( $Q15/ VLOOKUP( IF( REGEXMATCH($B15,""(?i)agachamento""),""Agachamento"", IF( REGEXMATCH($B15,""(?i)supino""),""Supino"", IF( REGEXMATCH($B15,""(?i)terra""),""Terra"", IF( REGEXMATCH($B15,""(?i)desenvolvimento""),""Desenvolvimento"&""", IF( REGEXMATCH($B15,""(?i)remada""),""Remada"", IF(REGEXMATCH($B15,""(?i)arranco""),""Arranco"",IF(REGEXMATCH($B15,""(?i)arremesso""),""Arremesso"","""")) ) ) ) ) ), prs!$A$18:$D$24, 4, FALSE ) ,"""")"),"") | X15: =IFERROR(__xludf.DUMMYFUNCTION("IFERROR( $W15/ VLOOKUP( IF( REGEXMATCH($B15,""(?i)agachamento""),""Agachamento"", IF( REGEXMATCH($B15,""(?i)supino""),""Supino"", IF( REGEXMATCH($B15,""(?i)terra""),""Terra"", IF( REGEXMATCH($B15,""(?i)desenvolvimento""),""Desenvolvimento"&""", IF( REGEXMATCH($B15,""(?i)remada""),""Remada"", IF(REGEXMATCH($B15,""(?i)arranco""),""Arranco"",IF(REGEXMATCH($B15,""(?i)arremesso""),""Arremesso"","""")) ) ) ) ) ), prs!$A$18:$D$24, 4, FALSE ) ,"""")"),"")
C16: SEMANA 01 | I16: SEMANA 02 | O16: SEMANA 03 | U16: SEMANA 04
A18: TREINO 02
C19: SETS | D19: REPS | E19: KG | F19: %1RM | G19: OBS | I19: SETS | J19: REPS | K19: KG | L19: %1RM | M19: OBS | O19: SETS | P19: REPS | Q19: KG | R19: %1RM | S19: OBS | U19: SETS | V19: REPS | W19: KG | X19: %1RM | Y19: OBS
B20: exercícios | F20: pse | L20: pse | R20: pse | X20: pse
F21: =IFERROR(__xludf.DUMMYFUNCTION("IFERROR( $E21/ VLOOKUP( IF( REGEXMATCH($B21,""(?i)agachamento""),""Agachamento"", IF( REGEXMATCH($B21,""(?i)supino""),""Supino"", IF( REGEXMATCH($B21,""(?i)terra""),""Terra"", IF( REGEXMATCH($B21,""(?i)desenvolvimento""),""Desenvolvimento"&""", IF( REGEXMATCH($B21,""(?i)remada""),""Remada"", IF(REGEXMATCH($B21,""(?i)arranco""),""Arranco"",IF(REGEXMATCH($B21,""(?i)arremesso""),""Arremesso"","""")) ) ) ) ) ), prs!$A$18:$D$24, 4, FALSE ) ,"""")"),"") | L21: =IFERROR(__xludf.DUMMYFUNCTION("IFERROR( $K21/ VLOOKUP( IF( REGEXMATCH($B21,""(?i)agachamento""),""Agachamento"", IF( REGEXMATCH($B21,""(?i)supino""),""Supino"", IF( REGEXMATCH($B21,""(?i)terra""),""Terra"", IF( REGEXMATCH($B21,""(?i)desenvolvimento""),""Desenvolvimento"&""", IF( REGEXMATCH($B21,""(?i)remada""),""Remada"", IF(REGEXMATCH($B21,""(?i)arranco""),""Arranco"",IF(REGEXMATCH($B21,""(?i)arremesso""),""Arremesso"","""")) ) ) ) ) ), prs!$A$18:$D$24, 4, FALSE ) ,"""")"),"") | R21: =IFERROR(__xludf.DUMMYFUNCTION("IFERROR( $Q21/ VLOOKUP( IF( REGEXMATCH($B21,""(?i)agachamento""),""Agachamento"", IF( REGEXMATCH($B21,""(?i)supino""),""Supino"", IF( REGEXMATCH($B21,""(?i)terra""),""Terra"", IF( REGEXMATCH($B21,""(?i)desenvolvimento""),""Desenvolvimento"&""", IF( REGEXMATCH($B21,""(?i)remada""),""Remada"", IF(REGEXMATCH($B21,""(?i)arranco""),""Arranco"",IF(REGEXMATCH($B21,""(?i)arremesso""),""Arremesso"","""")) ) ) ) ) ), prs!$A$18:$D$24, 4, FALSE ) ,"""")"),"") | X21: =IFERROR(__xludf.DUMMYFUNCTION("IFERROR( $W21/ VLOOKUP( IF( REGEXMATCH($B21,""(?i)agachamento""),""Agachamento"", IF( REGEXMATCH($B21,""(?i)supino""),""Supino"", IF( REGEXMATCH($B21,""(?i)terra""),""Terra"", IF( REGEXMATCH($B21,""(?i)desenvolvimento""),""Desenvolvimento"&""", IF( REGEXMATCH($B21,""(?i)remada""),""Remada"", IF(REGEXMATCH($B21,""(?i)arranco""),""Arranco"",IF(REGEXMATCH($B21,""(?i)arremesso""),""Arremesso"","""")) ) ) ) ) ), prs!$A$18:$D$24, 4, FALSE ) ,"""")"),"")
F22: =IFERROR(__xludf.DUMMYFUNCTION("IFERROR( $E22/ VLOOKUP( IF( REGEXMATCH($B22,""(?i)agachamento""),""Agachamento"", IF( REGEXMATCH($B22,""(?i)supino""),""Supino"", IF( REGEXMATCH($B22,""(?i)terra""),""Terra"", IF( REGEXMATCH($B22,""(?i)desenvolvimento""),""Desenvolvimento"&""", IF( REGEXMATCH($B22,""(?i)remada""),""Remada"", IF(REGEXMATCH($B22,""(?i)arranco""),""Arranco"",IF(REGEXMATCH($B22,""(?i)arremesso""),""Arremesso"","""")) ) ) ) ) ), prs!$A$18:$D$24, 4, FALSE ) ,"""")"),"") | L22: =IFERROR(__xludf.DUMMYFUNCTION("IFERROR( $K22/ VLOOKUP( IF( REGEXMATCH($B22,""(?i)agachamento""),""Agachamento"", IF( REGEXMATCH($B22,""(?i)supino""),""Supino"", IF( REGEXMATCH($B22,""(?i)terra""),""Terra"", IF( REGEXMATCH($B22,""(?i)desenvolvimento""),""Desenvolvimento"&""", IF( REGEXMATCH($B22,""(?i)remada""),""Remada"", IF(REGEXMATCH($B22,""(?i)arranco""),""Arranco"",IF(REGEXMATCH($B22,""(?i)arremesso""),""Arremesso"","""")) ) ) ) ) ), prs!$A$18:$D$24, 4, FALSE ) ,"""")"),"") | R22: =IFERROR(__xludf.DUMMYFUNCTION("IFERROR( $Q22/ VLOOKUP( IF( REGEXMATCH($B22,""(?i)agachamento""),""Agachamento"", IF( REGEXMATCH($B22,""(?i)supino""),""Supino"", IF( REGEXMATCH($B22,""(?i)terra""),""Terra"", IF( REGEXMATCH($B22,""(?i)desenvolvimento""),""Desenvolvimento"&""", IF( REGEXMATCH($B22,""(?i)remada""),""Remada"", IF(REGEXMATCH($B22,""(?i)arranco""),""Arranco"",IF(REGEXMATCH($B22,""(?i)arremesso""),""Arremesso"","""")) ) ) ) ) ), prs!$A$18:$D$24, 4, FALSE ) ,"""")"),"") | X22: =IFERROR(__xludf.DUMMYFUNCTION("IFERROR( $W22/ VLOOKUP( IF( REGEXMATCH($B22,""(?i)agachamento""),""Agachamento"", IF( REGEXMATCH($B22,""(?i)supino""),""Supino"", IF( REGEXMATCH($B22,""(?i)terra""),""Terra"", IF( REGEXMATCH($B22,""(?i)desenvolvimento""),""Desenvolvimento"&""", IF( REGEXMATCH($B22,""(?i)remada""),""Remada"", IF(REGEXMATCH($B22,""(?i)arranco""),""Arranco"",IF(REGEXMATCH($B22,""(?i)arremesso""),""Arremesso"","""")) ) ) ) ) ), prs!$A$18:$D$24, 4, FALSE ) ,"""")"),"")
F23: =IFERROR(__xludf.DUMMYFUNCTION("IFERROR( $E23/ VLOOKUP( IF( REGEXMATCH($B23,""(?i)agachamento""),""Agachamento"", IF( REGEXMATCH($B23,""(?i)supino""),""Supino"", IF( REGEXMATCH($B23,""(?i)terra""),""Terra"", IF( REGEXMATCH($B23,""(?i)desenvolvimento""),""Desenvolvimento"&""", IF( REGEXMATCH($B23,""(?i)remada""),""Remada"", IF(REGEXMATCH($B23,""(?i)arranco""),""Arranco"",IF(REGEXMATCH($B23,""(?i)arremesso""),""Arremesso"","""")) ) ) ) ) ), prs!$A$18:$D$24, 4, FALSE ) ,"""")"),"") | L23: =IFERROR(__xludf.DUMMYFUNCTION("IFERROR( $K23/ VLOOKUP( IF( REGEXMATCH($B23,""(?i)agachamento""),""Agachamento"", IF( REGEXMATCH($B23,""(?i)supino""),""Supino"", IF( REGEXMATCH($B23,""(?i)terra""),""Terra"", IF( REGEXMATCH($B23,""(?i)desenvolvimento""),""Desenvolvimento"&""", IF( REGEXMATCH($B23,""(?i)remada""),""Remada"", IF(REGEXMATCH($B23,""(?i)arranco""),""Arranco"",IF(REGEXMATCH($B23,""(?i)arremesso""),""Arremesso"","""")) ) ) ) ) ), prs!$A$18:$D$24, 4, FALSE ) ,"""")"),"") | R23: =IFERROR(__xludf.DUMMYFUNCTION("IFERROR( $Q23/ VLOOKUP( IF( REGEXMATCH($B23,""(?i)agachamento""),""Agachamento"", IF( REGEXMATCH($B23,""(?i)supino""),""Supino"", IF( REGEXMATCH($B23,""(?i)terra""),""Terra"", IF( REGEXMATCH($B23,""(?i)desenvolvimento""),""Desenvolvimento"&""", IF( REGEXMATCH($B23,""(?i)remada""),""Remada"", IF(REGEXMATCH($B23,""(?i)arranco""),""Arranco"",IF(REGEXMATCH($B23,""(?i)arremesso""),""Arremesso"","""")) ) ) ) ) ), prs!$A$18:$D$24, 4, FALSE ) ,"""")"),"") | X23: =IFERROR(__xludf.DUMMYFUNCTION("IFERROR( $W23/ VLOOKUP( IF( REGEXMATCH($B23,""(?i)agachamento""),""Agachamento"", IF( REGEXMATCH($B23,""(?i)supino""),""Supino"", IF( REGEXMATCH($B23,""(?i)terra""),""Terra"", IF( REGEXMATCH($B23,""(?i)desenvolvimento""),""Desenvolvimento"&""", IF( REGEXMATCH($B23,""(?i)remada""),""Remada"", IF(REGEXMATCH($B23,""(?i)arranco""),""Arranco"",IF(REGEXMATCH($B23,""(?i)arremesso""),""Arremesso"","""")) ) ) ) ) ), prs!$A$18:$D$24, 4, FALSE ) ,"""")"),"")
F24: =IFERROR(__xludf.DUMMYFUNCTION("IFERROR( $E24/ VLOOKUP( IF( REGEXMATCH($B24,""(?i)agachamento""),""Agachamento"", IF( REGEXMATCH($B24,""(?i)supino""),""Supino"", IF( REGEXMATCH($B24,""(?i)terra""),""Terra"", IF( REGEXMATCH($B24,""(?i)desenvolvimento""),""Desenvolvimento"&""", IF( REGEXMATCH($B24,""(?i)remada""),""Remada"", IF(REGEXMATCH($B24,""(?i)arranco""),""Arranco"",IF(REGEXMATCH($B24,""(?i)arremesso""),""Arremesso"","""")) ) ) ) ) ), prs!$A$18:$D$24, 4, FALSE ) ,"""")"),"") | L24: =IFERROR(__xludf.DUMMYFUNCTION("IFERROR( $K24/ VLOOKUP( IF( REGEXMATCH($B24,""(?i)agachamento""),""Agachamento"", IF( REGEXMATCH($B24,""(?i)supino""),""Supino"", IF( REGEXMATCH($B24,""(?i)terra""),""Terra"", IF( REGEXMATCH($B24,""(?i)desenvolvimento""),""Desenvolvimento"&""", IF( REGEXMATCH($B24,""(?i)remada""),""Remada"", IF(REGEXMATCH($B24,""(?i)arranco""),""Arranco"",IF(REGEXMATCH($B24,""(?i)arremesso""),""Arremesso"","""")) ) ) ) ) ), prs!$A$18:$D$24, 4, FALSE ) ,"""")"),"") | R24: =IFERROR(__xludf.DUMMYFUNCTION("IFERROR( $Q24/ VLOOKUP( IF( REGEXMATCH($B24,""(?i)agachamento""),""Agachamento"", IF( REGEXMATCH($B24,""(?i)supino""),""Supino"", IF( REGEXMATCH($B24,""(?i)terra""),""Terra"", IF( REGEXMATCH($B24,""(?i)desenvolvimento""),""Desenvolvimento"&""", IF( REGEXMATCH($B24,""(?i)remada""),""Remada"", IF(REGEXMATCH($B24,""(?i)arranco""),""Arranco"",IF(REGEXMATCH($B24,""(?i)arremesso""),""Arremesso"","""")) ) ) ) ) ), prs!$A$18:$D$24, 4, FALSE ) ,"""")"),"") | X24: =IFERROR(__xludf.DUMMYFUNCTION("IFERROR( $W24/ VLOOKUP( IF( REGEXMATCH($B24,""(?i)agachamento""),""Agachamento"", IF( REGEXMATCH($B24,""(?i)supino""),""Supino"", IF( REGEXMATCH($B24,""(?i)terra""),""Terra"", IF( REGEXMATCH($B24,""(?i)desenvolvimento""),""Desenvolvimento"&""", IF( REGEXMATCH($B24,""(?i)remada""),""Remada"", IF(REGEXMATCH($B24,""(?i)arranco""),""Arranco"",IF(REGEXMATCH($B24,""(?i)arremesso""),""Arremesso"","""")) ) ) ) ) ), prs!$A$18:$D$24, 4, FALSE ) ,"""")"),"")
F25: =IFERROR(__xludf.DUMMYFUNCTION("IFERROR( $E25/ VLOOKUP( IF( REGEXMATCH($B25,""(?i)agachamento""),""Agachamento"", IF( REGEXMATCH($B25,""(?i)supino""),""Supino"", IF( REGEXMATCH($B25,""(?i)terra""),""Terra"", IF( REGEXMATCH($B25,""(?i)desenvolvimento""),""Desenvolvimento"&""", IF( REGEXMATCH($B25,""(?i)remada""),""Remada"", IF(REGEXMATCH($B25,""(?i)arranco""),""Arranco"",IF(REGEXMATCH($B25,""(?i)arremesso""),""Arremesso"","""")) ) ) ) ) ), prs!$A$18:$D$24, 4, FALSE ) ,"""")"),"") | L25: =IFERROR(__xludf.DUMMYFUNCTION("IFERROR( $K25/ VLOOKUP( IF( REGEXMATCH($B25,""(?i)agachamento""),""Agachamento"", IF( REGEXMATCH($B25,""(?i)supino""),""Supino"", IF( REGEXMATCH($B25,""(?i)terra""),""Terra"", IF( REGEXMATCH($B25,""(?i)desenvolvimento""),""Desenvolvimento"&""", IF( REGEXMATCH($B25,""(?i)remada""),""Remada"", IF(REGEXMATCH($B25,""(?i)arranco""),""Arranco"",IF(REGEXMATCH($B25,""(?i)arremesso""),""Arremesso"","""")) ) ) ) ) ), prs!$A$18:$D$24, 4, FALSE ) ,"""")"),"") | R25: =IFERROR(__xludf.DUMMYFUNCTION("IFERROR( $Q25/ VLOOKUP( IF( REGEXMATCH($B25,""(?i)agachamento""),""Agachamento"", IF( REGEXMATCH($B25,""(?i)supino""),""Supino"", IF( REGEXMATCH($B25,""(?i)terra""),""Terra"", IF( REGEXMATCH($B25,""(?i)desenvolvimento""),""Desenvolvimento"&""", IF( REGEXMATCH($B25,""(?i)remada""),""Remada"", IF(REGEXMATCH($B25,""(?i)arranco""),""Arranco"",IF(REGEXMATCH($B25,""(?i)arremesso""),""Arremesso"","""")) ) ) ) ) ), prs!$A$18:$D$24, 4, FALSE ) ,"""")"),"") | X25: =IFERROR(__xludf.DUMMYFUNCTION("IFERROR( $W25/ VLOOKUP( IF( REGEXMATCH($B25,""(?i)agachamento""),""Agachamento"", IF( REGEXMATCH($B25,""(?i)supino""),""Supino"", IF( REGEXMATCH($B25,""(?i)terra""),""Terra"", IF( REGEXMATCH($B25,""(?i)desenvolvimento""),""Desenvolvimento"&""", IF( REGEXMATCH($B25,""(?i)remada""),""Remada"", IF(REGEXMATCH($B25,""(?i)arranco""),""Arranco"",IF(REGEXMATCH($B25,""(?i)arremesso""),""Arremesso"","""")) ) ) ) ) ), prs!$A$18:$D$24, 4, FALSE ) ,"""")"),"")
F26: =IFERROR(__xludf.DUMMYFUNCTION("IFERROR( $E26/ VLOOKUP( IF( REGEXMATCH($B26,""(?i)agachamento""),""Agachamento"", IF( REGEXMATCH($B26,""(?i)supino""),""Supino"", IF( REGEXMATCH($B26,""(?i)terra""),""Terra"", IF( REGEXMATCH($B26,""(?i)desenvolvimento""),""Desenvolvimento"&""", IF( REGEXMATCH($B26,""(?i)remada""),""Remada"", IF(REGEXMATCH($B26,""(?i)arranco""),""Arranco"",IF(REGEXMATCH($B26,""(?i)arremesso""),""Arremesso"","""")) ) ) ) ) ), prs!$A$18:$D$24, 4, FALSE ) ,"""")"),"") | L26: =IFERROR(__xludf.DUMMYFUNCTION("IFERROR( $K26/ VLOOKUP( IF( REGEXMATCH($B26,""(?i)agachamento""),""Agachamento"", IF( REGEXMATCH($B26,""(?i)supino""),""Supino"", IF( REGEXMATCH($B26,""(?i)terra""),""Terra"", IF( REGEXMATCH($B26,""(?i)desenvolvimento""),""Desenvolvimento"&""", IF( REGEXMATCH($B26,""(?i)remada""),""Remada"", IF(REGEXMATCH($B26,""(?i)arranco""),""Arranco"",IF(REGEXMATCH($B26,""(?i)arremesso""),""Arremesso"","""")) ) ) ) ) ), prs!$A$18:$D$24, 4, FALSE ) ,"""")"),"") | R26: =IFERROR(__xludf.DUMMYFUNCTION("IFERROR( $Q26/ VLOOKUP( IF( REGEXMATCH($B26,""(?i)agachamento""),""Agachamento"", IF( REGEXMATCH($B26,""(?i)supino""),""Supino"", IF( REGEXMATCH($B26,""(?i)terra""),""Terra"", IF( REGEXMATCH($B26,""(?i)desenvolvimento""),""Desenvolvimento"&""", IF( REGEXMATCH($B26,""(?i)remada""),""Remada"", IF(REGEXMATCH($B26,""(?i)arranco""),""Arranco"",IF(REGEXMATCH($B26,""(?i)arremesso""),""Arremesso"","""")) ) ) ) ) ), prs!$A$18:$D$24, 4, FALSE ) ,"""")"),"") | X26: =IFERROR(__xludf.DUMMYFUNCTION("IFERROR( $W26/ VLOOKUP( IF( REGEXMATCH($B26,""(?i)agachamento""),""Agachamento"", IF( REGEXMATCH($B26,""(?i)supino""),""Supino"", IF( REGEXMATCH($B26,""(?i)terra""),""Terra"", IF( REGEXMATCH($B26,""(?i)desenvolvimento""),""Desenvolvimento"&""", IF( REGEXMATCH($B26,""(?i)remada""),""Remada"", IF(REGEXMATCH($B26,""(?i)arranco""),""Arranco"",IF(REGEXMATCH($B26,""(?i)arremesso""),""Arremesso"","""")) ) ) ) ) ), prs!$A$18:$D$24, 4, FALSE ) ,"""")"),"")
F27: =IFERROR(__xludf.DUMMYFUNCTION("IFERROR( $E27/ VLOOKUP( IF( REGEXMATCH($B27,""(?i)agachamento""),""Agachamento"", IF( REGEXMATCH($B27,""(?i)supino""),""Supino"", IF( REGEXMATCH($B27,""(?i)terra""),""Terra"", IF( REGEXMATCH($B27,""(?i)desenvolvimento""),""Desenvolvimento"&""", IF( REGEXMATCH($B27,""(?i)remada""),""Remada"", IF(REGEXMATCH($B27,""(?i)arranco""),""Arranco"",IF(REGEXMATCH($B27,""(?i)arremesso""),""Arremesso"","""")) ) ) ) ) ), prs!$A$18:$D$24, 4, FALSE ) ,"""")"),"") | L27: =IFERROR(__xludf.DUMMYFUNCTION("IFERROR( $K27/ VLOOKUP( IF( REGEXMATCH($B27,""(?i)agachamento""),""Agachamento"", IF( REGEXMATCH($B27,""(?i)supino""),""Supino"", IF( REGEXMATCH($B27,""(?i)terra""),""Terra"", IF( REGEXMATCH($B27,""(?i)desenvolvimento""),""Desenvolvimento"&""", IF( REGEXMATCH($B27,""(?i)remada""),""Remada"", IF(REGEXMATCH($B27,""(?i)arranco""),""Arranco"",IF(REGEXMATCH($B27,""(?i)arremesso""),""Arremesso"","""")) ) ) ) ) ), prs!$A$18:$D$24, 4, FALSE ) ,"""")"),"") | R27: =IFERROR(__xludf.DUMMYFUNCTION("IFERROR( $Q27/ VLOOKUP( IF( REGEXMATCH($B27,""(?i)agachamento""),""Agachamento"", IF( REGEXMATCH($B27,""(?i)supino""),""Supino"", IF( REGEXMATCH($B27,""(?i)terra""),""Terra"", IF( REGEXMATCH($B27,""(?i)desenvolvimento""),""Desenvolvimento"&""", IF( REGEXMATCH($B27,""(?i)remada""),""Remada"", IF(REGEXMATCH($B27,""(?i)arranco""),""Arranco"",IF(REGEXMATCH($B27,""(?i)arremesso""),""Arremesso"","""")) ) ) ) ) ), prs!$A$18:$D$24, 4, FALSE ) ,"""")"),"") | X27: =IFERROR(__xludf.DUMMYFUNCTION("IFERROR( $W27/ VLOOKUP( IF( REGEXMATCH($B27,""(?i)agachamento""),""Agachamento"", IF( REGEXMATCH($B27,""(?i)supino""),""Supino"", IF( REGEXMATCH($B27,""(?i)terra""),""Terra"", IF( REGEXMATCH($B27,""(?i)desenvolvimento""),""Desenvolvimento"&""", IF( REGEXMATCH($B27,""(?i)remada""),""Remada"", IF(REGEXMATCH($B27,""(?i)arranco""),""Arranco"",IF(REGEXMATCH($B27,""(?i)arremesso""),""Arremesso"","""")) ) ) ) ) ), prs!$A$18:$D$24, 4, FALSE ) ,"""")"),"")
F28: =IFERROR(__xludf.DUMMYFUNCTION("IFERROR( $E28/ VLOOKUP( IF( REGEXMATCH($B28,""(?i)agachamento""),""Agachamento"", IF( REGEXMATCH($B28,""(?i)supino""),""Supino"", IF( REGEXMATCH($B28,""(?i)terra""),""Terra"", IF( REGEXMATCH($B28,""(?i)desenvolvimento""),""Desenvolvimento"&""", IF( REGEXMATCH($B28,""(?i)remada""),""Remada"", IF(REGEXMATCH($B28,""(?i)arranco""),""Arranco"",IF(REGEXMATCH($B28,""(?i)arremesso""),""Arremesso"","""")) ) ) ) ) ), prs!$A$18:$D$24, 4, FALSE ) ,"""")"),"") | L28: =IFERROR(__xludf.DUMMYFUNCTION("IFERROR( $K28/ VLOOKUP( IF( REGEXMATCH($B28,""(?i)agachamento""),""Agachamento"", IF( REGEXMATCH($B28,""(?i)supino""),""Supino"", IF( REGEXMATCH($B28,""(?i)terra""),""Terra"", IF( REGEXMATCH($B28,""(?i)desenvolvimento""),""Desenvolvimento"&""", IF( REGEXMATCH($B28,""(?i)remada""),""Remada"", IF(REGEXMATCH($B28,""(?i)arranco""),""Arranco"",IF(REGEXMATCH($B28,""(?i)arremesso""),""Arremesso"","""")) ) ) ) ) ), prs!$A$18:$D$24, 4, FALSE ) ,"""")"),"") | R28: =IFERROR(__xludf.DUMMYFUNCTION("IFERROR( $Q28/ VLOOKUP( IF( REGEXMATCH($B28,""(?i)agachamento""),""Agachamento"", IF( REGEXMATCH($B28,""(?i)supino""),""Supino"", IF( REGEXMATCH($B28,""(?i)terra""),""Terra"", IF( REGEXMATCH($B28,""(?i)desenvolvimento""),""Desenvolvimento"&""", IF( REGEXMATCH($B28,""(?i)remada""),""Remada"", IF(REGEXMATCH($B28,""(?i)arranco""),""Arranco"",IF(REGEXMATCH($B28,""(?i)arremesso""),""Arremesso"","""")) ) ) ) ) ), prs!$A$18:$D$24, 4, FALSE ) ,"""")"),"") | X28: =IFERROR(__xludf.DUMMYFUNCTION("IFERROR( $W28/ VLOOKUP( IF( REGEXMATCH($B28,""(?i)agachamento""),""Agachamento"", IF( REGEXMATCH($B28,""(?i)supino""),""Supino"", IF( REGEXMATCH($B28,""(?i)terra""),""Terra"", IF( REGEXMATCH($B28,""(?i)desenvolvimento""),""Desenvolvimento"&""", IF( REGEXMATCH($B28,""(?i)remada""),""Remada"", IF(REGEXMATCH($B28,""(?i)arranco""),""Arranco"",IF(REGEXMATCH($B28,""(?i)arremesso""),""Arremesso"","""")) ) ) ) ) ), prs!$A$18:$D$24, 4, FALSE ) ,"""")"),"")
F29: =IFERROR(__xludf.DUMMYFUNCTION("IFERROR( $E29/ VLOOKUP( IF( REGEXMATCH($B29,""(?i)agachamento""),""Agachamento"", IF( REGEXMATCH($B29,""(?i)supino""),""Supino"", IF( REGEXMATCH($B29,""(?i)terra""),""Terra"", IF( REGEXMATCH($B29,""(?i)desenvolvimento""),""Desenvolvimento"&""", IF( REGEXMATCH($B29,""(?i)remada""),""Remada"", IF(REGEXMATCH($B29,""(?i)arranco""),""Arranco"",IF(REGEXMATCH($B29,""(?i)arremesso""),""Arremesso"","""")) ) ) ) ) ), prs!$A$18:$D$24, 4, FALSE ) ,"""")"),"") | L29: =IFERROR(__xludf.DUMMYFUNCTION("IFERROR( $K29/ VLOOKUP( IF( REGEXMATCH($B29,""(?i)agachamento""),""Agachamento"", IF( REGEXMATCH($B29,""(?i)supino""),""Supino"", IF( REGEXMATCH($B29,""(?i)terra""),""Terra"", IF( REGEXMATCH($B29,""(?i)desenvolvimento""),""Desenvolvimento"&""", IF( REGEXMATCH($B29,""(?i)remada""),""Remada"", IF(REGEXMATCH($B29,""(?i)arranco""),""Arranco"",IF(REGEXMATCH($B29,""(?i)arremesso""),""Arremesso"","""")) ) ) ) ) ), prs!$A$18:$D$24, 4, FALSE ) ,"""")"),"") | R29: =IFERROR(__xludf.DUMMYFUNCTION("IFERROR( $Q29/ VLOOKUP( IF( REGEXMATCH($B29,""(?i)agachamento""),""Agachamento"", IF( REGEXMATCH($B29,""(?i)supino""),""Supino"", IF( REGEXMATCH($B29,""(?i)terra""),""Terra"", IF( REGEXMATCH($B29,""(?i)desenvolvimento""),""Desenvolvimento"&""", IF( REGEXMATCH($B29,""(?i)remada""),""Remada"", IF(REGEXMATCH($B29,""(?i)arranco""),""Arranco"",IF(REGEXMATCH($B29,""(?i)arremesso""),""Arremesso"","""")) ) ) ) ) ), prs!$A$18:$D$24, 4, FALSE ) ,"""")"),"") | X29: =IFERROR(__xludf.DUMMYFUNCTION("IFERROR( $W29/ VLOOKUP( IF( REGEXMATCH($B29,""(?i)agachamento""),""Agachamento"", IF( REGEXMATCH($B29,""(?i)supino""),""Supino"", IF( REGEXMATCH($B29,""(?i)terra""),""Terra"", IF( REGEXMATCH($B29,""(?i)desenvolvimento""),""Desenvolvimento"&""", IF( REGEXMATCH($B29,""(?i)remada""),""Remada"", IF(REGEXMATCH($B29,""(?i)arranco""),""Arranco"",IF(REGEXMATCH($B29,""(?i)arremesso""),""Arremesso"","""")) ) ) ) ) ), prs!$A$18:$D$24, 4, FALSE ) ,"""")"),"")
F30: =IFERROR(__xludf.DUMMYFUNCTION("IFERROR( $E30/ VLOOKUP( IF( REGEXMATCH($B30,""(?i)agachamento""),""Agachamento"", IF( REGEXMATCH($B30,""(?i)supino""),""Supino"", IF( REGEXMATCH($B30,""(?i)terra""),""Terra"", IF( REGEXMATCH($B30,""(?i)desenvolvimento""),""Desenvolvimento"&""", IF( REGEXMATCH($B30,""(?i)remada""),""Remada"", IF(REGEXMATCH($B30,""(?i)arranco""),""Arranco"",IF(REGEXMATCH($B30,""(?i)arremesso""),""Arremesso"","""")) ) ) ) ) ), prs!$A$18:$D$24, 4, FALSE ) ,"""")"),"") | L30: =IFERROR(__xludf.DUMMYFUNCTION("IFERROR( $K30/ VLOOKUP( IF( REGEXMATCH($B30,""(?i)agachamento""),""Agachamento"", IF( REGEXMATCH($B30,""(?i)supino""),""Supino"", IF( REGEXMATCH($B30,""(?i)terra""),""Terra"", IF( REGEXMATCH($B30,""(?i)desenvolvimento""),""Desenvolvimento"&""", IF( REGEXMATCH($B30,""(?i)remada""),""Remada"", IF(REGEXMATCH($B30,""(?i)arranco""),""Arranco"",IF(REGEXMATCH($B30,""(?i)arremesso""),""Arremesso"","""")) ) ) ) ) ), prs!$A$18:$D$24, 4, FALSE ) ,"""")"),"") | R30: =IFERROR(__xludf.DUMMYFUNCTION("IFERROR( $Q30/ VLOOKUP( IF( REGEXMATCH($B30,""(?i)agachamento""),""Agachamento"", IF( REGEXMATCH($B30,""(?i)supino""),""Supino"", IF( REGEXMATCH($B30,""(?i)terra""),""Terra"", IF( REGEXMATCH($B30,""(?i)desenvolvimento""),""Desenvolvimento"&""", IF( REGEXMATCH($B30,""(?i)remada""),""Remada"", IF(REGEXMATCH($B30,""(?i)arranco""),""Arranco"",IF(REGEXMATCH($B30,""(?i)arremesso""),""Arremesso"","""")) ) ) ) ) ), prs!$A$18:$D$24, 4, FALSE ) ,"""")"),"") | X30: =IFERROR(__xludf.DUMMYFUNCTION("IFERROR( $W30/ VLOOKUP( IF( REGEXMATCH($B30,""(?i)agachamento""),""Agachamento"", IF( REGEXMATCH($B30,""(?i)supino""),""Supino"", IF( REGEXMATCH($B30,""(?i)terra""),""Terra"", IF( REGEXMATCH($B30,""(?i)desenvolvimento""),""Desenvolvimento"&""", IF( REGEXMATCH($B30,""(?i)remada""),""Remada"", IF(REGEXMATCH($B30,""(?i)arranco""),""Arranco"",IF(REGEXMATCH($B30,""(?i)arremesso""),""Arremesso"","""")) ) ) ) ) ), prs!$A$18:$D$24, 4, FALSE ) ,"""")"),"")
C31: SEMANA 01 | I31: SEMANA 02 | O31: SEMANA 03 | U31: SEMANA 04
A33: TREINO 03
C34: SETS | D34: REPS | E34: KG | F34: %1RM | G34: OBS | I34: SETS | J34: REPS | K34: KG | L34: %1RM | M34: OBS | O34: SETS | P34: REPS | Q34: KG | R34: %1RM | S34: OBS | U34: SETS | V34: REPS | W34: KG | X34: %1RM | Y34: OBS
B35: exercícios | F35: pse | L35: pse | R35: pse | X35: pse
F36: =IFERROR(__xludf.DUMMYFUNCTION("IFERROR( $E36/ VLOOKUP( IF( REGEXMATCH($B36,""(?i)agachamento""),""Agachamento"", IF( REGEXMATCH($B36,""(?i)supino""),""Supino"", IF( REGEXMATCH($B36,""(?i)terra""),""Terra"", IF( REGEXMATCH($B36,""(?i)desenvolvimento""),""Desenvolvimento"&""", IF( REGEXMATCH($B36,""(?i)remada""),""Remada"", IF(REGEXMATCH($B36,""(?i)arranco""),""Arranco"",IF(REGEXMATCH($B36,""(?i)arremesso""),""Arremesso"","""")) ) ) ) ) ), prs!$A$18:$D$24, 4, FALSE ) ,"""")"),"") | L36: =IFERROR(__xludf.DUMMYFUNCTION("IFERROR( $K36/ VLOOKUP( IF( REGEXMATCH($B36,""(?i)agachamento""),""Agachamento"", IF( REGEXMATCH($B36,""(?i)supino""),""Supino"", IF( REGEXMATCH($B36,""(?i)terra""),""Terra"", IF( REGEXMATCH($B36,""(?i)desenvolvimento""),""Desenvolvimento"&""", IF( REGEXMATCH($B36,""(?i)remada""),""Remada"", IF(REGEXMATCH($B36,""(?i)arranco""),""Arranco"",IF(REGEXMATCH($B36,""(?i)arremesso""),""Arremesso"","""")) ) ) ) ) ), prs!$A$18:$D$24, 4, FALSE ) ,"""")"),"") | R36: =IFERROR(__xludf.DUMMYFUNCTION("IFERROR( $Q36/ VLOOKUP( IF( REGEXMATCH($B36,""(?i)agachamento""),""Agachamento"", IF( REGEXMATCH($B36,""(?i)supino""),""Supino"", IF( REGEXMATCH($B36,""(?i)terra""),""Terra"", IF( REGEXMATCH($B36,""(?i)desenvolvimento""),""Desenvolvimento"&""", IF( REGEXMATCH($B36,""(?i)remada""),""Remada"", IF(REGEXMATCH($B36,""(?i)arranco""),""Arranco"",IF(REGEXMATCH($B36,""(?i)arremesso""),""Arremesso"","""")) ) ) ) ) ), prs!$A$18:$D$24, 4, FALSE ) ,"""")"),"") | X36: =IFERROR(__xludf.DUMMYFUNCTION("IFERROR( $W36/ VLOOKUP( IF( REGEXMATCH($B36,""(?i)agachamento""),""Agachamento"", IF( REGEXMATCH($B36,""(?i)supino""),""Supino"", IF( REGEXMATCH($B36,""(?i)terra""),""Terra"", IF( REGEXMATCH($B36,""(?i)desenvolvimento""),""Desenvolvimento"&""", IF( REGEXMATCH($B36,""(?i)remada""),""Remada"", IF(REGEXMATCH($B36,""(?i)arranco""),""Arranco"",IF(REGEXMATCH($B36,""(?i)arremesso""),""Arremesso"","""")) ) ) ) ) ), prs!$A$18:$D$24, 4, FALSE ) ,"""")"),"")
F37: =IFERROR(__xludf.DUMMYFUNCTION("IFERROR( $E37/ VLOOKUP( IF( REGEXMATCH($B37,""(?i)agachamento""),""Agachamento"", IF( REGEXMATCH($B37,""(?i)supino""),""Supino"", IF( REGEXMATCH($B37,""(?i)terra""),""Terra"", IF( REGEXMATCH($B37,""(?i)desenvolvimento""),""Desenvolvimento"&""", IF( REGEXMATCH($B37,""(?i)remada""),""Remada"", IF(REGEXMATCH($B37,""(?i)arranco""),""Arranco"",IF(REGEXMATCH($B37,""(?i)arremesso""),""Arremesso"","""")) ) ) ) ) ), prs!$A$18:$D$24, 4, FALSE ) ,"""")"),"") | L37: =IFERROR(__xludf.DUMMYFUNCTION("IFERROR( $K37/ VLOOKUP( IF( REGEXMATCH($B37,""(?i)agachamento""),""Agachamento"", IF( REGEXMATCH($B37,""(?i)supino""),""Supino"", IF( REGEXMATCH($B37,""(?i)terra""),""Terra"", IF( REGEXMATCH($B37,""(?i)desenvolvimento""),""Desenvolvimento"&""", IF( REGEXMATCH($B37,""(?i)remada""),""Remada"", IF(REGEXMATCH($B37,""(?i)arranco""),""Arranco"",IF(REGEXMATCH($B37,""(?i)arremesso""),""Arremesso"","""")) ) ) ) ) ), prs!$A$18:$D$24, 4, FALSE ) ,"""")"),"") | R37: =IFERROR(__xludf.DUMMYFUNCTION("IFERROR( $Q37/ VLOOKUP( IF( REGEXMATCH($B37,""(?i)agachamento""),""Agachamento"", IF( REGEXMATCH($B37,""(?i)supino""),""Supino"", IF( REGEXMATCH($B37,""(?i)terra""),""Terra"", IF( REGEXMATCH($B37,""(?i)desenvolvimento""),""Desenvolvimento"&""", IF( REGEXMATCH($B37,""(?i)remada""),""Remada"", IF(REGEXMATCH($B37,""(?i)arranco""),""Arranco"",IF(REGEXMATCH($B37,""(?i)arremesso""),""Arremesso"","""")) ) ) ) ) ), prs!$A$18:$D$24, 4, FALSE ) ,"""")"),"") | X37: =IFERROR(__xludf.DUMMYFUNCTION("IFERROR( $W37/ VLOOKUP( IF( REGEXMATCH($B37,""(?i)agachamento""),""Agachamento"", IF( REGEXMATCH($B37,""(?i)supino""),""Supino"", IF( REGEXMATCH($B37,""(?i)terra""),""Terra"", IF( REGEXMATCH($B37,""(?i)desenvolvimento""),""Desenvolvimento"&""", IF( REGEXMATCH($B37,""(?i)remada""),""Remada"", IF(REGEXMATCH($B37,""(?i)arranco""),""Arranco"",IF(REGEXMATCH($B37,""(?i)arremesso""),""Arremesso"","""")) ) ) ) ) ), prs!$A$18:$D$24, 4, FALSE ) ,"""")"),"")
F38: =IFERROR(__xludf.DUMMYFUNCTION("IFERROR( $E38/ VLOOKUP( IF( REGEXMATCH($B38,""(?i)agachamento""),""Agachamento"", IF( REGEXMATCH($B38,""(?i)supino""),""Supino"", IF( REGEXMATCH($B38,""(?i)terra""),""Terra"", IF( REGEXMATCH($B38,""(?i)desenvolvimento""),""Desenvolvimento"&""", IF( REGEXMATCH($B38,""(?i)remada""),""Remada"", IF(REGEXMATCH($B38,""(?i)arranco""),""Arranco"",IF(REGEXMATCH($B38,""(?i)arremesso""),""Arremesso"","""")) ) ) ) ) ), prs!$A$18:$D$24, 4, FALSE ) ,"""")"),"") | L38: =IFERROR(__xludf.DUMMYFUNCTION("IFERROR( $K38/ VLOOKUP( IF( REGEXMATCH($B38,""(?i)agachamento""),""Agachamento"", IF( REGEXMATCH($B38,""(?i)supino""),""Supino"", IF( REGEXMATCH($B38,""(?i)terra""),""Terra"", IF( REGEXMATCH($B38,""(?i)desenvolvimento""),""Desenvolvimento"&""", IF( REGEXMATCH($B38,""(?i)remada""),""Remada"", IF(REGEXMATCH($B38,""(?i)arranco""),""Arranco"",IF(REGEXMATCH($B38,""(?i)arremesso""),""Arremesso"","""")) ) ) ) ) ), prs!$A$18:$D$24, 4, FALSE ) ,"""")"),"") | R38: =IFERROR(__xludf.DUMMYFUNCTION("IFERROR( $Q38/ VLOOKUP( IF( REGEXMATCH($B38,""(?i)agachamento""),""Agachamento"", IF( REGEXMATCH($B38,""(?i)supino""),""Supino"", IF( REGEXMATCH($B38,""(?i)terra""),""Terra"", IF( REGEXMATCH($B38,""(?i)desenvolvimento""),""Desenvolvimento"&""", IF( REGEXMATCH($B38,""(?i)remada""),""Remada"", IF(REGEXMATCH($B38,""(?i)arranco""),""Arranco"",IF(REGEXMATCH($B38,""(?i)arremesso""),""Arremesso"","""")) ) ) ) ) ), prs!$A$18:$D$24, 4, FALSE ) ,"""")"),"") | X38: =IFERROR(__xludf.DUMMYFUNCTION("IFERROR( $W38/ VLOOKUP( IF( REGEXMATCH($B38,""(?i)agachamento""),""Agachamento"", IF( REGEXMATCH($B38,""(?i)supino""),""Supino"", IF( REGEXMATCH($B38,""(?i)terra""),""Terra"", IF( REGEXMATCH($B38,""(?i)desenvolvimento""),""Desenvolvimento"&""", IF( REGEXMATCH($B38,""(?i)remada""),""Remada"", IF(REGEXMATCH($B38,""(?i)arranco""),""Arranco"",IF(REGEXMATCH($B38,""(?i)arremesso""),""Arremesso"","""")) ) ) ) ) ), prs!$A$18:$D$24, 4, FALSE ) ,"""")"),"")
F39: =IFERROR(__xludf.DUMMYFUNCTION("IFERROR( $E39/ VLOOKUP( IF( REGEXMATCH($B39,""(?i)agachamento""),""Agachamento"", IF( REGEXMATCH($B39,""(?i)supino""),""Supino"", IF( REGEXMATCH($B39,""(?i)terra""),""Terra"", IF( REGEXMATCH($B39,""(?i)desenvolvimento""),""Desenvolvimento"&""", IF( REGEXMATCH($B39,""(?i)remada""),""Remada"", IF(REGEXMATCH($B39,""(?i)arranco""),""Arranco"",IF(REGEXMATCH($B39,""(?i)arremesso""),""Arremesso"","""")) ) ) ) ) ), prs!$A$18:$D$24, 4, FALSE ) ,"""")"),"") | L39: =IFERROR(__xludf.DUMMYFUNCTION("IFERROR( $K39/ VLOOKUP( IF( REGEXMATCH($B39,""(?i)agachamento""),""Agachamento"", IF( REGEXMATCH($B39,""(?i)supino""),""Supino"", IF( REGEXMATCH($B39,""(?i)terra""),""Terra"", IF( REGEXMATCH($B39,""(?i)desenvolvimento""),""Desenvolvimento"&""", IF( REGEXMATCH($B39,""(?i)remada""),""Remada"", IF(REGEXMATCH($B39,""(?i)arranco""),""Arranco"",IF(REGEXMATCH($B39,""(?i)arremesso""),""Arremesso"","""")) ) ) ) ) ), prs!$A$18:$D$24, 4, FALSE ) ,"""")"),"") | R39: =IFERROR(__xludf.DUMMYFUNCTION("IFERROR( $Q39/ VLOOKUP( IF( REGEXMATCH($B39,""(?i)agachamento""),""Agachamento"", IF( REGEXMATCH($B39,""(?i)supino""),""Supino"", IF( REGEXMATCH($B39,""(?i)terra""),""Terra"", IF( REGEXMATCH($B39,""(?i)desenvolvimento""),""Desenvolvimento"&""", IF( REGEXMATCH($B39,""(?i)remada""),""Remada"", IF(REGEXMATCH($B39,""(?i)arranco""),""Arranco"",IF(REGEXMATCH($B39,""(?i)arremesso""),""Arremesso"","""")) ) ) ) ) ), prs!$A$18:$D$24, 4, FALSE ) ,"""")"),"") | X39: =IFERROR(__xludf.DUMMYFUNCTION("IFERROR( $W39/ VLOOKUP( IF( REGEXMATCH($B39,""(?i)agachamento""),""Agachamento"", IF( REGEXMATCH($B39,""(?i)supino""),""Supino"", IF( REGEXMATCH($B39,""(?i)terra""),""Terra"", IF( REGEXMATCH($B39,""(?i)desenvolvimento""),""Desenvolvimento"&""", IF( REGEXMATCH($B39,""(?i)remada""),""Remada"", IF(REGEXMATCH($B39,""(?i)arranco""),""Arranco"",IF(REGEXMATCH($B39,""(?i)arremesso""),""Arremesso"","""")) ) ) ) ) ), prs!$A$18:$D$24, 4, FALSE ) ,"""")"),"")
F40: =IFERROR(__xludf.DUMMYFUNCTION("IFERROR( $E40/ VLOOKUP( IF( REGEXMATCH($B40,""(?i)agachamento""),""Agachamento"", IF( REGEXMATCH($B40,""(?i)supino""),""Supino"", IF( REGEXMATCH($B40,""(?i)terra""),""Terra"", IF( REGEXMATCH($B40,""(?i)desenvolvimento""),""Desenvolvimento"&""", IF( REGEXMATCH($B40,""(?i)remada""),""Remada"", IF(REGEXMATCH($B40,""(?i)arranco""),""Arranco"",IF(REGEXMATCH($B40,""(?i)arremesso""),""Arremesso"","""")) ) ) ) ) ), prs!$A$18:$D$24, 4, FALSE ) ,"""")"),"") | L40: =IFERROR(__xludf.DUMMYFUNCTION("IFERROR( $K40/ VLOOKUP( IF( REGEXMATCH($B40,""(?i)agachamento""),""Agachamento"", IF( REGEXMATCH($B40,""(?i)supino""),""Supino"", IF( REGEXMATCH($B40,""(?i)terra""),""Terra"", IF( REGEXMATCH($B40,""(?i)desenvolvimento""),""Desenvolvimento"&""", IF( REGEXMATCH($B40,""(?i)remada""),""Remada"", IF(REGEXMATCH($B40,""(?i)arranco""),""Arranco"",IF(REGEXMATCH($B40,""(?i)arremesso""),""Arremesso"","""")) ) ) ) ) ), prs!$A$18:$D$24, 4, FALSE ) ,"""")"),"") | R40: =IFERROR(__xludf.DUMMYFUNCTION("IFERROR( $Q40/ VLOOKUP( IF( REGEXMATCH($B40,""(?i)agachamento""),""Agachamento"", IF( REGEXMATCH($B40,""(?i)supino""),""Supino"", IF( REGEXMATCH($B40,""(?i)terra""),""Terra"", IF( REGEXMATCH($B40,""(?i)desenvolvimento""),""Desenvolvimento"&""", IF( REGEXMATCH($B40,""(?i)remada""),""Remada"", IF(REGEXMATCH($B40,""(?i)arranco""),""Arranco"",IF(REGEXMATCH($B40,""(?i)arremesso""),""Arremesso"","""")) ) ) ) ) ), prs!$A$18:$D$24, 4, FALSE ) ,"""")"),"") | X40: =IFERROR(__xludf.DUMMYFUNCTION("IFERROR( $W40/ VLOOKUP( IF( REGEXMATCH($B40,""(?i)agachamento""),""Agachamento"", IF( REGEXMATCH($B40,""(?i)supino""),""Supino"", IF( REGEXMATCH($B40,""(?i)terra""),""Terra"", IF( REGEXMATCH($B40,""(?i)desenvolvimento""),""Desenvolvimento"&""", IF( REGEXMATCH($B40,""(?i)remada""),""Remada"", IF(REGEXMATCH($B40,""(?i)arranco""),""Arranco"",IF(REGEXMATCH($B40,""(?i)arremesso""),""Arremesso"","""")) ) ) ) ) ), prs!$A$18:$D$24, 4, FALSE ) ,"""")"),"")
F41: =IFERROR(__xludf.DUMMYFUNCTION("IFERROR( $E41/ VLOOKUP( IF( REGEXMATCH($B41,""(?i)agachamento""),""Agachamento"", IF( REGEXMATCH($B41,""(?i)supino""),""Supino"", IF( REGEXMATCH($B41,""(?i)terra""),""Terra"", IF( REGEXMATCH($B41,""(?i)desenvolvimento""),""Desenvolvimento"&""", IF( REGEXMATCH($B41,""(?i)remada""),""Remada"", IF(REGEXMATCH($B41,""(?i)arranco""),""Arranco"",IF(REGEXMATCH($B41,""(?i)arremesso""),""Arremesso"","""")) ) ) ) ) ), prs!$A$18:$D$24, 4, FALSE ) ,"""")"),"") | L41: =IFERROR(__xludf.DUMMYFUNCTION("IFERROR( $K41/ VLOOKUP( IF( REGEXMATCH($B41,""(?i)agachamento""),""Agachamento"", IF( REGEXMATCH($B41,""(?i)supino""),""Supino"", IF( REGEXMATCH($B41,""(?i)terra""),""Terra"", IF( REGEXMATCH($B41,""(?i)desenvolvimento""),""Desenvolvimento"&""", IF( REGEXMATCH($B41,""(?i)remada""),""Remada"", IF(REGEXMATCH($B41,""(?i)arranco""),""Arranco"",IF(REGEXMATCH($B41,""(?i)arremesso""),""Arremesso"","""")) ) ) ) ) ), prs!$A$18:$D$24, 4, FALSE ) ,"""")"),"") | R41: =IFERROR(__xludf.DUMMYFUNCTION("IFERROR( $Q41/ VLOOKUP( IF( REGEXMATCH($B41,""(?i)agachamento""),""Agachamento"", IF( REGEXMATCH($B41,""(?i)supino""),""Supino"", IF( REGEXMATCH($B41,""(?i)terra""),""Terra"", IF( REGEXMATCH($B41,""(?i)desenvolvimento""),""Desenvolvimento"&""", IF( REGEXMATCH($B41,""(?i)remada""),""Remada"", IF(REGEXMATCH($B41,""(?i)arranco""),""Arranco"",IF(REGEXMATCH($B41,""(?i)arremesso""),""Arremesso"","""")) ) ) ) ) ), prs!$A$18:$D$24, 4, FALSE ) ,"""")"),"") | X41: =IFERROR(__xludf.DUMMYFUNCTION("IFERROR( $W41/ VLOOKUP( IF( REGEXMATCH($B41,""(?i)agachamento""),""Agachamento"", IF( REGEXMATCH($B41,""(?i)supino""),""Supino"", IF( REGEXMATCH($B41,""(?i)terra""),""Terra"", IF( REGEXMATCH($B41,""(?i)desenvolvimento""),""Desenvolvimento"&""", IF( REGEXMATCH($B41,""(?i)remada""),""Remada"", IF(REGEXMATCH($B41,""(?i)arranco""),""Arranco"",IF(REGEXMATCH($B41,""(?i)arremesso""),""Arremesso"","""")) ) ) ) ) ), prs!$A$18:$D$24, 4, FALSE ) ,"""")"),"")
F42: =IFERROR(__xludf.DUMMYFUNCTION("IFERROR( $E42/ VLOOKUP( IF( REGEXMATCH($B42,""(?i)agachamento""),""Agachamento"", IF( REGEXMATCH($B42,""(?i)supino""),""Supino"", IF( REGEXMATCH($B42,""(?i)terra""),""Terra"", IF( REGEXMATCH($B42,""(?i)desenvolvimento""),""Desenvolvimento"&""", IF( REGEXMATCH($B42,""(?i)remada""),""Remada"", IF(REGEXMATCH($B42,""(?i)arranco""),""Arranco"",IF(REGEXMATCH($B42,""(?i)arremesso""),""Arremesso"","""")) ) ) ) ) ), prs!$A$18:$D$24, 4, FALSE ) ,"""")"),"") | L42: =IFERROR(__xludf.DUMMYFUNCTION("IFERROR( $K42/ VLOOKUP( IF( REGEXMATCH($B42,""(?i)agachamento""),""Agachamento"", IF( REGEXMATCH($B42,""(?i)supino""),""Supino"", IF( REGEXMATCH($B42,""(?i)terra""),""Terra"", IF( REGEXMATCH($B42,""(?i)desenvolvimento""),""Desenvolvimento"&""", IF( REGEXMATCH($B42,""(?i)remada""),""Remada"", IF(REGEXMATCH($B42,""(?i)arranco""),""Arranco"",IF(REGEXMATCH($B42,""(?i)arremesso""),""Arremesso"","""")) ) ) ) ) ), prs!$A$18:$D$24, 4, FALSE ) ,"""")"),"") | R42: =IFERROR(__xludf.DUMMYFUNCTION("IFERROR( $Q42/ VLOOKUP( IF( REGEXMATCH($B42,""(?i)agachamento""),""Agachamento"", IF( REGEXMATCH($B42,""(?i)supino""),""Supino"", IF( REGEXMATCH($B42,""(?i)terra""),""Terra"", IF( REGEXMATCH($B42,""(?i)desenvolvimento""),""Desenvolvimento"&""", IF( REGEXMATCH($B42,""(?i)remada""),""Remada"", IF(REGEXMATCH($B42,""(?i)arranco""),""Arranco"",IF(REGEXMATCH($B42,""(?i)arremesso""),""Arremesso"","""")) ) ) ) ) ), prs!$A$18:$D$24, 4, FALSE ) ,"""")"),"") | X42: =IFERROR(__xludf.DUMMYFUNCTION("IFERROR( $W42/ VLOOKUP( IF( REGEXMATCH($B42,""(?i)agachamento""),""Agachamento"", IF( REGEXMATCH($B42,""(?i)supino""),""Supino"", IF( REGEXMATCH($B42,""(?i)terra""),""Terra"", IF( REGEXMATCH($B42,""(?i)desenvolvimento""),""Desenvolvimento"&""", IF( REGEXMATCH($B42,""(?i)remada""),""Remada"", IF(REGEXMATCH($B42,""(?i)arranco""),""Arranco"",IF(REGEXMATCH($B42,""(?i)arremesso""),""Arremesso"","""")) ) ) ) ) ), prs!$A$18:$D$24, 4, FALSE ) ,"""")"),"")
F43: =IFERROR(__xludf.DUMMYFUNCTION("IFERROR( $E43/ VLOOKUP( IF( REGEXMATCH($B43,""(?i)agachamento""),""Agachamento"", IF( REGEXMATCH($B43,""(?i)supino""),""Supino"", IF( REGEXMATCH($B43,""(?i)terra""),""Terra"", IF( REGEXMATCH($B43,""(?i)desenvolvimento""),""Desenvolvimento"&""", IF( REGEXMATCH($B43,""(?i)remada""),""Remada"", IF(REGEXMATCH($B43,""(?i)arranco""),""Arranco"",IF(REGEXMATCH($B43,""(?i)arremesso""),""Arremesso"","""")) ) ) ) ) ), prs!$A$18:$D$24, 4, FALSE ) ,"""")"),"") | L43: =IFERROR(__xludf.DUMMYFUNCTION("IFERROR( $K43/ VLOOKUP( IF( REGEXMATCH($B43,""(?i)agachamento""),""Agachamento"", IF( REGEXMATCH($B43,""(?i)supino""),""Supino"", IF( REGEXMATCH($B43,""(?i)terra""),""Terra"", IF( REGEXMATCH($B43,""(?i)desenvolvimento""),""Desenvolvimento"&""", IF( REGEXMATCH($B43,""(?i)remada""),""Remada"", IF(REGEXMATCH($B43,""(?i)arranco""),""Arranco"",IF(REGEXMATCH($B43,""(?i)arremesso""),""Arremesso"","""")) ) ) ) ) ), prs!$A$18:$D$24, 4, FALSE ) ,"""")"),"") | R43: =IFERROR(__xludf.DUMMYFUNCTION("IFERROR( $Q43/ VLOOKUP( IF( REGEXMATCH($B43,""(?i)agachamento""),""Agachamento"", IF( REGEXMATCH($B43,""(?i)supino""),""Supino"", IF( REGEXMATCH($B43,""(?i)terra""),""Terra"", IF( REGEXMATCH($B43,""(?i)desenvolvimento""),""Desenvolvimento"&""", IF( REGEXMATCH($B43,""(?i)remada""),""Remada"", IF(REGEXMATCH($B43,""(?i)arranco""),""Arranco"",IF(REGEXMATCH($B43,""(?i)arremesso""),""Arremesso"","""")) ) ) ) ) ), prs!$A$18:$D$24, 4, FALSE ) ,"""")"),"") | X43: =IFERROR(__xludf.DUMMYFUNCTION("IFERROR( $W43/ VLOOKUP( IF( REGEXMATCH($B43,""(?i)agachamento""),""Agachamento"", IF( REGEXMATCH($B43,""(?i)supino""),""Supino"", IF( REGEXMATCH($B43,""(?i)terra""),""Terra"", IF( REGEXMATCH($B43,""(?i)desenvolvimento""),""Desenvolvimento"&""", IF( REGEXMATCH($B43,""(?i)remada""),""Remada"", IF(REGEXMATCH($B43,""(?i)arranco""),""Arranco"",IF(REGEXMATCH($B43,""(?i)arremesso""),""Arremesso"","""")) ) ) ) ) ), prs!$A$18:$D$24, 4, FALSE ) ,"""")"),"")
F44: =IFERROR(__xludf.DUMMYFUNCTION("IFERROR( $E44/ VLOOKUP( IF( REGEXMATCH($B44,""(?i)agachamento""),""Agachamento"", IF( REGEXMATCH($B44,""(?i)supino""),""Supino"", IF( REGEXMATCH($B44,""(?i)terra""),""Terra"", IF( REGEXMATCH($B44,""(?i)desenvolvimento""),""Desenvolvimento"&""", IF( REGEXMATCH($B44,""(?i)remada""),""Remada"", IF(REGEXMATCH($B44,""(?i)arranco""),""Arranco"",IF(REGEXMATCH($B44,""(?i)arremesso""),""Arremesso"","""")) ) ) ) ) ), prs!$A$18:$D$24, 4, FALSE ) ,"""")"),"") | L44: =IFERROR(__xludf.DUMMYFUNCTION("IFERROR( $K44/ VLOOKUP( IF( REGEXMATCH($B44,""(?i)agachamento""),""Agachamento"", IF( REGEXMATCH($B44,""(?i)supino""),""Supino"", IF( REGEXMATCH($B44,""(?i)terra""),""Terra"", IF( REGEXMATCH($B44,""(?i)desenvolvimento""),""Desenvolvimento"&""", IF( REGEXMATCH($B44,""(?i)remada""),""Remada"", IF(REGEXMATCH($B44,""(?i)arranco""),""Arranco"",IF(REGEXMATCH($B44,""(?i)arremesso""),""Arremesso"","""")) ) ) ) ) ), prs!$A$18:$D$24, 4, FALSE ) ,"""")"),"") | R44: =IFERROR(__xludf.DUMMYFUNCTION("IFERROR( $Q44/ VLOOKUP( IF( REGEXMATCH($B44,""(?i)agachamento""),""Agachamento"", IF( REGEXMATCH($B44,""(?i)supino""),""Supino"", IF( REGEXMATCH($B44,""(?i)terra""),""Terra"", IF( REGEXMATCH($B44,""(?i)desenvolvimento""),""Desenvolvimento"&""", IF( REGEXMATCH($B44,""(?i)remada""),""Remada"", IF(REGEXMATCH($B44,""(?i)arranco""),""Arranco"",IF(REGEXMATCH($B44,""(?i)arremesso""),""Arremesso"","""")) ) ) ) ) ), prs!$A$18:$D$24, 4, FALSE ) ,"""")"),"") | X44: =IFERROR(__xludf.DUMMYFUNCTION("IFERROR( $W44/ VLOOKUP( IF( REGEXMATCH($B44,""(?i)agachamento""),""Agachamento"", IF( REGEXMATCH($B44,""(?i)supino""),""Supino"", IF( REGEXMATCH($B44,""(?i)terra""),""Terra"", IF( REGEXMATCH($B44,""(?i)desenvolvimento""),""Desenvolvimento"&""", IF( REGEXMATCH($B44,""(?i)remada""),""Remada"", IF(REGEXMATCH($B44,""(?i)arranco""),""Arranco"",IF(REGEXMATCH($B44,""(?i)arremesso""),""Arremesso"","""")) ) ) ) ) ), prs!$A$18:$D$24, 4, FALSE ) ,"""")"),"")
F45: =IFERROR(__xludf.DUMMYFUNCTION("IFERROR( $E45/ VLOOKUP( IF( REGEXMATCH($B45,""(?i)agachamento""),""Agachamento"", IF( REGEXMATCH($B45,""(?i)supino""),""Supino"", IF( REGEXMATCH($B45,""(?i)terra""),""Terra"", IF( REGEXMATCH($B45,""(?i)desenvolvimento""),""Desenvolvimento"&""", IF( REGEXMATCH($B45,""(?i)remada""),""Remada"", IF(REGEXMATCH($B45,""(?i)arranco""),""Arranco"",IF(REGEXMATCH($B45,""(?i)arremesso""),""Arremesso"","""")) ) ) ) ) ), prs!$A$18:$D$24, 4, FALSE ) ,"""")"),"") | L45: =IFERROR(__xludf.DUMMYFUNCTION("IFERROR( $K45/ VLOOKUP( IF( REGEXMATCH($B45,""(?i)agachamento""),""Agachamento"", IF( REGEXMATCH($B45,""(?i)supino""),""Supino"", IF( REGEXMATCH($B45,""(?i)terra""),""Terra"", IF( REGEXMATCH($B45,""(?i)desenvolvimento""),""Desenvolvimento"&""", IF( REGEXMATCH($B45,""(?i)remada""),""Remada"", IF(REGEXMATCH($B45,""(?i)arranco""),""Arranco"",IF(REGEXMATCH($B45,""(?i)arremesso""),""Arremesso"","""")) ) ) ) ) ), prs!$A$18:$D$24, 4, FALSE ) ,"""")"),"") | R45: =IFERROR(__xludf.DUMMYFUNCTION("IFERROR( $Q45/ VLOOKUP( IF( REGEXMATCH($B45,""(?i)agachamento""),""Agachamento"", IF( REGEXMATCH($B45,""(?i)supino""),""Supino"", IF( REGEXMATCH($B45,""(?i)terra""),""Terra"", IF( REGEXMATCH($B45,""(?i)desenvolvimento""),""Desenvolvimento"&""", IF( REGEXMATCH($B45,""(?i)remada""),""Remada"", IF(REGEXMATCH($B45,""(?i)arranco""),""Arranco"",IF(REGEXMATCH($B45,""(?i)arremesso""),""Arremesso"","""")) ) ) ) ) ), prs!$A$18:$D$24, 4, FALSE ) ,"""")"),"") | X45: =IFERROR(__xludf.DUMMYFUNCTION("IFERROR( $W45/ VLOOKUP( IF( REGEXMATCH($B45,""(?i)agachamento""),""Agachamento"", IF( REGEXMATCH($B45,""(?i)supino""),""Supino"", IF( REGEXMATCH($B45,""(?i)terra""),""Terra"", IF( REGEXMATCH($B45,""(?i)desenvolvimento""),""Desenvolvimento"&""", IF( REGEXMATCH($B45,""(?i)remada""),""Remada"", IF(REGEXMATCH($B45,""(?i)arranco""),""Arranco"",IF(REGEXMATCH($B45,""(?i)arremesso""),""Arremesso"","""")) ) ) ) ) ), prs!$A$18:$D$24, 4, FALSE ) ,"""")"),"")
C46: SEMANA 01 | I46: SEMANA 02 | O46: SEMANA 03 | U46: SEMANA 04

Sheet aluno 03
B1: PLANILHA DE TREINAMENTO
B2: NOME | C2: ='aluno 01'!C2
B3: OBJETIVO | C3: ='aluno 01'!C3
B5: SEGUNDA | C5: TERÇA | D5: QUARTA | E5: QUINTA | F5: SEXTA
B6: ='aluno 01'!B6 | C6: ='aluno 01'!C6 | D6: ='aluno 01'!D6 | E6: ='aluno 01'!E6 | F6: ='aluno 01'!F6
A8: OBS
A9: ='aluno 01'!A9
A11: AQC
B12: SETS | C12: REPS / TEMPO | D12: KG | E12: OBS
A16: ='bloco 03'!C3
A17: SEMANA 01
A18: TREINO 01
B19: SETS | C19: REPS | D19: KG | E19: %1RM / PSE | F19: OBS
A20: ='bloco 03'!$B6 | B20: ='bloco 03'!C6 | C20: ='bloco 03'!D6 | D20: ='bloco 03'!E6 | E20: =IFERROR(('bloco 03'!F6),"") | F20: ='bloco 03'!G6
A21: ='bloco 03'!$B7 | B21: ='bloco 03'!C7 | C21: ='bloco 03'!D7 | D21: ='bloco 03'!E7 | E21: =IFERROR(('bloco 03'!F7),"") | F21: ='bloco 03'!G7
A22: ='bloco 03'!$B8 | B22: ='bloco 03'!C8 | C22: ='bloco 03'!D8 | D22: ='bloco 03'!E8 | E22: =IFERROR(('bloco 03'!F8),"") | F22: ='bloco 03'!G8
A23: ='bloco 03'!$B9 | B23: ='bloco 03'!C9 | C23: ='bloco 03'!D9 | D23: ='bloco 03'!E9 | E23: =IFERROR(('bloco 03'!F9),"") | F23: ='bloco 03'!G9
A24: ='bloco 03'!$B10 | B24: ='bloco 03'!C10 | C24: ='bloco 03'!D10 | D24: ='bloco 03'!E10 | E24: =IFERROR(('bloco 03'!F10),"") | F24: ='bloco 03'!G10
A25: ='bloco 03'!$B11 | B25: ='bloco 03'!C11 | C25: ='bloco 03'!D11 | D25: ='bloco 03'!E11 | E25: =IFERROR(('bloco 03'!F11),"") | F25: ='bloco 03'!G11
A26: ='bloco 03'!$B12 | B26: ='bloco 03'!C12 | C26: ='bloco 03'!D12 | D26: ='bloco 03'!E12 | E26: =IFERROR(('bloco 03'!F12),"") | F26: ='bloco 03'!G12
A27: ='bloco 03'!$B13 | B27: ='bloco 03'!C13 | C27: ='bloco 03'!D13 | D27: ='bloco 03'!E13 | E27: =IFERROR(('bloco 03'!F13),"") | F27: ='bloco 03'!G13
A28: ='bloco 03'!$B14 | B28: ='bloco 03'!C14 | C28: ='bloco 03'!D14 | D28: ='bloco 03'!E14 | E28: =IFERROR(('bloco 03'!F14),"") | F28: ='bloco 03'!G14
A29: ='bloco 03'!$B15 | B29: ='bloco 03'!C15 | C29: ='bloco 03'!D15 | D29: ='bloco 03'!E15 | E29: =IFERROR(('bloco 03'!F15),"") | F29: ='bloco 03'!G15
A30: TREINO 02
B31: SETS | C31: REPS | D31: KG | E31: %1RM / PSE | F31: OBS
A32: ='bloco 03'!$B21 | B32: ='bloco 03'!C21 | C32: ='bloco 03'!D21 | D32: ='bloco 03'!E21 | E32: =IFERROR(('bloco 03'!F21),"") | F32: ='bloco 03'!G21
A33: ='bloco 03'!$B22 | B33: ='bloco 03'!C22 | C33: ='bloco 03'!D22 | D33: ='bloco 03'!E22 | E33: =IFERROR(('bloco 03'!F22),"") | F33: ='bloco 03'!G22
A34: ='bloco 03'!$B23 | B34: ='bloco 03'!C23 | C34: ='bloco 03'!D23 | D34: ='bloco 03'!E23 | E34: =IFERROR(('bloco 03'!F23),"") | F34: ='bloco 03'!G23
A35: ='bloco 03'!$B24 | B35: ='bloco 03'!C24 | C35: ='bloco 03'!D24 | D35: ='bloco 03'!E24 | E35: =IFERROR(('bloco 03'!F24),"") | F35: ='bloco 03'!G24
A36: ='bloco 03'!$B25 | B36: ='bloco 03'!C25 | C36: ='bloco 03'!D25 | D36: ='bloco 03'!E25 | E36: =IFERROR(('bloco 03'!F25),"") | F36: ='bloco 03'!G25
A37: ='bloco 03'!$B26 | B37: ='bloco 03'!C26 | C37: ='bloco 03'!D26 | D37: ='bloco 03'!E26 | E37: =IFERROR(('bloco 03'!F26),"") | F37: ='bloco 03'!G26
A38: ='bloco 03'!$B27 | B38: ='bloco 03'!C27 | C38: ='bloco 03'!D27 | D38: ='bloco 03'!E27 | E38: =IFERROR(('bloco 03'!F27),"") | F38: ='bloco 03'!G27
A39: ='bloco 03'!$B28 | B39: ='bloco 03'!C28 | C39: ='bloco 03'!D28 | D39: ='bloco 03'!E28 | E39: =IFERROR(('bloco 03'!F28),"") | F39: ='bloco 03'!G28
A40: ='bloco 03'!$B29 | B40: ='bloco 03'!C29 | C40: ='bloco 03'!D29 | D40: ='bloco 03'!E29 | E40: =IFERROR(('bloco 03'!F29),"") | F40: ='bloco 03'!G29
A41: ='bloco 03'!$B30 | B41: ='bloco 03'!C30 | C41: ='bloco 03'!D30 | D41: ='bloco 03'!E30 | E41: =IFERROR(('bloco 03'!F30),"") | F41: ='bloco 03'!G30
A42: TREINO 03
B43: SETS | C43: REPS | D43: KG | E43: %1RM / PSE | F43: OBS
A44: ='bloco 03'!$B36 | B44: ='bloco 03'!C36 | C44: ='bloco 03'!D36 | D44: ='bloco 03'!E36 | E44: =IFERROR(('bloco 03'!F36),"") | F44: ='bloco 03'!G36
A45: ='bloco 03'!$B37 | B45: ='bloco 03'!C37 | C45: ='bloco 03'!D37 | D45: ='bloco 03'!E37 | E45: =IFERROR(('bloco 03'!F37),"") | F45: ='bloco 03'!G37
A46: ='bloco 03'!$B38 | B46: ='bloco 03'!C38 | C46: ='bloco 03'!D38 | D46: ='bloco 03'!E38 | E46: =IFERROR(('bloco 03'!F38),"") | F46: ='bloco 03'!G38
A47: ='bloco 03'!$B39 | B47: ='bloco 03'!C39 | C47: ='bloco 03'!D39 | D47: ='bloco 03'!E39 | E47: =IFERROR(('bloco 03'!F39),"") | F47: ='bloco 03'!G39
A48: ='bloco 03'!$B40 | B48: ='bloco 03'!C40 | C48: ='bloco 03'!D40 | D48: ='bloco 03'!E40 | E48: =IFERROR(('bloco 03'!F40),"") | F48: ='bloco 03'!G40
A49: ='bloco 03'!$B41 | B49: ='bloco 03'!C41 | C49: ='bloco 03'!D41 | D49: ='bloco 03'!E41 | E49: =IFERROR(('bloco 03'!F41),"") | F49: ='bloco 03'!G41
A50: ='bloco 03'!$B42 | B50: ='bloco 03'!C42 | C50: ='bloco 03'!D42 | D50: ='bloco 03'!E42 | E50: =IFERROR(('bloco 03'!F42),"") | F50: ='bloco 03'!G42
A51: ='bloco 03'!$B43 | B51: ='bloco 03'!C43 | C51: ='bloco 03'!D43 | D51: ='bloco 03'!E43 | E51: =IFERROR(('bloco 03'!F43),"") | F51: ='bloco 03'!G43
A52: ='bloco 03'!$B44 | B52: ='bloco 03'!C44 | C52: ='bloco 03'!D44 | D52: ='bloco 03'!E44 | E52: =IFERROR(('bloco 03'!F44),"") | F52: ='bloco 03'!G44
A53: ='bloco 03'!$B45 | B53: ='bloco 03'!C45 | C53: ='bloco 03'!D45 | D53: ='bloco 03'!E45 | E53: =IFERROR(('bloco 03'!F45),"") | F53: ='bloco 03'!G45
A54: ='bloco 03'!I3
A55: SEMANA 02
A56: TREINO 01
B57: SETS | C57: REPS | D57: KG | E57: %1RM / PSE | F57: OBS
A58: ='bloco 03'!$B6 | B58: ='bloco 03'!I6 | C58: ='bloco 03'!J6 | D58: ='bloco 03'!K6 | E58: =IFERROR(('bloco 03'!L6),"") | F58: ='bloco 03'!M6
A59: ='bloco 03'!$B7 | B59: ='bloco 03'!I7 | C59: ='bloco 03'!J7 | D59: ='bloco 03'!K7 | E59: =IFERROR(('bloco 03'!L7),"") | F59: ='bloco 03'!M7
A60: ='bloco 03'!$B8 | B60: ='bloco 03'!I8 | C60: ='bloco 03'!J8 | D60: ='bloco 03'!K8 | E60: =IFERROR(('bloco 03'!L8),"") | F60: ='bloco 03'!M8
A61: ='bloco 03'!$B9 | B61: ='bloco 03'!I9 | C61: ='bloco 03'!J9 | D61: ='bloco 03'!K9 | E61: =IFERROR(('bloco 03'!L9),"") | F61: ='bloco 03'!M9
A62: ='bloco 03'!$B10 | B62: ='bloco 03'!I10 | C62: ='bloco 03'!J10 | D62: ='bloco 03'!K10 | E62: =IFERROR(('bloco 03'!L10),"") | F62: ='bloco 03'!M10
A63: ='bloco 03'!$B11 | B63: ='bloco 03'!I11 | C63: ='bloco 03'!J11 | D63: ='bloco 03'!K11 | E63: =IFERROR(('bloco 03'!L11),"") | F63: ='bloco 03'!M11
A64: ='bloco 03'!$B12 | B64: ='bloco 03'!I12 | C64: ='bloco 03'!J12 | D64: ='bloco 03'!K12 | E64: =IFERROR(('bloco 03'!L12),"") | F64: ='bloco 03'!M12
A65: ='bloco 03'!$B13 | B65: ='bloco 03'!I13 | C65: ='bloco 03'!J13 | D65: ='bloco 03'!K13 | E65: =IFERROR(('bloco 03'!L13),"") | F65: ='bloco 03'!M13
A66: ='bloco 03'!$B14 | B66: ='bloco 03'!I14 | C66: ='bloco 03'!J14 | D66: ='bloco 03'!K14 | E66: =IFERROR(('bloco 03'!L14),"") | F66: ='bloco 03'!M14
A67: ='bloco 03'!$B15 | B67: ='bloco 03'!I15 | C67: ='bloco 03'!J15 | D67: ='bloco 03'!K15 | E67: =IFERROR(('bloco 03'!L15),"") | F67: ='bloco 03'!M15
A68: TREINO 02
B69: SETS | C69: REPS | D69: KG | E69: %1RM / PSE | F69: OBS
A70: ='bloco 03'!$B21 | B70: ='bloco 03'!I21 | C70: ='bloco 03'!J21 | D70: ='bloco 03'!K21 | E70: =IFERROR(('bloco 03'!L21),"") | F70: ='bloco 03'!M21
A71: ='bloco 03'!$B22 | B71: ='bloco 03'!I22 | C71: ='bloco 03'!J22 | D71: ='bloco 03'!K22 | E71: =IFERROR(('bloco 03'!L22),"") | F71: ='bloco 03'!M22
A72: ='bloco 03'!$B23 | B72: ='bloco 03'!I23 | C72: ='bloco 03'!J23 | D72: ='bloco 03'!K23 | E72: =IFERROR(('bloco 03'!L23),"") | F72: ='bloco 03'!M23
A73: ='bloco 03'!$B24 | B73: ='bloco 03'!I24 | C73: ='bloco 03'!J24 | D73: ='bloco 03'!K24 | E73: =IFERROR(('bloco 03'!L24),"") | F73: ='bloco 03'!M24
A74: ='bloco 03'!$B25 | B74: ='bloco 03'!I25 | C74: ='bloco 03'!J25 | D74: ='bloco 03'!K25 | E74: =IFERROR(('bloco 03'!L25),"") | F74: ='bloco 03'!M25
A75: ='bloco 03'!$B26 | B75: ='bloco 03'!I26 | C75: ='bloco 03'!J26 | D75: ='bloco 03'!K26 | E75: =IFERROR(('bloco 03'!L26),"") | F75: ='bloco 03'!M26
A76: ='bloco 03'!$B27 | B76: ='bloco 03'!I27 | C76: ='bloco 03'!J27 | D76: ='bloco 03'!K27 | E76: =IFERROR(('bloco 03'!L27),"") | F76: ='bloco 03'!M27
A77: ='bloco 03'!$B28 | B77: ='bloco 03'!I28 | C77: ='bloco 03'!J28 | D77: ='bloco 03'!K28 | E77: =IFERROR(('bloco 03'!L28),"") | F77: ='bloco 03'!M28
A78: ='bloco 03'!$B29 | B78: ='bloco 03'!I29 | C78: ='bloco 03'!J29 | D78: ='bloco 03'!K29 | E78: =IFERROR(('bloco 03'!L29),"") | F78: ='bloco 03'!M29
A79: ='bloco 03'!$B30 | B79: ='bloco 03'!I30 | C79: ='bloco 03'!J30 | D79: ='bloco 03'!K30 | E79: =IFERROR(('bloco 03'!L30),"") | F79: ='bloco 03'!M30
A80: TREINO 03
B81: SETS | C81: REPS | D81: KG | E81: %1RM / PSE | F81: OBS
A82: ='bloco 03'!$B36 | B82: ='bloco 03'!I36 | C82: ='bloco 03'!J36 | D82: ='bloco 03'!K36 | E82: =IFERROR(('bloco 03'!L36),"") | F82: ='bloco 03'!M36
A83: ='bloco 03'!$B37 | B83: ='bloco 03'!I37 | C83: ='bloco 03'!J37 | D83: ='bloco 03'!K37 | E83: =IFERROR(('bloco 03'!L37),"") | F83: ='bloco 03'!M37
A84: ='bloco 03'!$B38 | B84: ='bloco 03'!I38 | C84: ='bloco 03'!J38 | D84: ='bloco 03'!K38 | E84: =IFERROR(('bloco 03'!L38),"") | F84: ='bloco 03'!M38
A85: ='bloco 03'!$B39 | B85: ='bloco 03'!I39 | C85: ='bloco 03'!J39 | D85: ='bloco 03'!K39 | E85: =IFERROR(('bloco 03'!L39),"") | F85: ='bloco 03'!M39
A86: ='bloco 03'!$B40 | B86: ='bloco 03'!I40 | C86: ='bloco 03'!J40 | D86: ='bloco 03'!K40 | E86: =IFERROR(('bloco 03'!L40),"") | F86: ='bloco 03'!M40
A87: ='bloco 03'!$B41 | B87: ='bloco 03'!I41 | C87: ='bloco 03'!J41 | D87: ='bloco 03'!K41 | E87: =IFERROR(('bloco 03'!L41),"") | F87: ='bloco 03'!M41
A88: ='bloco 03'!$B42 | B88: ='bloco 03'!I42 | C88: ='bloco 03'!J42 | D88: ='bloco 03'!K42 | E88: =IFERROR(('bloco 03'!L42),"") | F88: ='bloco 03'!M42
A89: ='bloco 03'!$B43 | B89: ='bloco 03'!I43 | C89: ='bloco 03'!J43 | D89: ='bloco 03'!K43 | E89: =IFERROR(('bloco 03'!L43),"") | F89: ='bloco 03'!M43
A90: ='bloco 03'!$B44 | B90: ='bloco 03'!I44 | C90: ='bloco 03'!J44 | D90: ='bloco 03'!K44 | E90: =IFERROR(('bloco 03'!L44),"") | F90: ='bloco 03'!M44
A91: ='bloco 03'!$B45 | B91: ='bloco 03'!I45 | C91: ='bloco 03'!J45 | D91: ='bloco 03'!K45 | E91: =IFERROR(('bloco 03'!L45),"") | F91: ='bloco 03'!M45
A109: ='bloco 03'!O3
A110: SEMANA 03
A111: TREINO 01
B112: SETS | C112: REPS | D112: KG | E112: %1RM / PSE | F112: OBS
A113: ='bloco 03'!$B6 | B113: ='bloco 03'!O6 | C113: ='bloco 03'!P6 | D113: ='bloco 03'!Q6 | E113: =IFERROR(('bloco 03'!R6),"") | F113: ='bloco 03'!S6
A114: ='bloco 03'!$B7 | B114: ='bloco 03'!O7 | C114: ='bloco 03'!P7 | D114: ='bloco 03'!Q7 | E114: =IFERROR(('bloco 03'!R7),"") | F114: ='bloco 03'!S7
A115: ='bloco 03'!$B8 | B115: ='bloco 03'!O8 | C115: ='bloco 03'!P8 | D115: ='bloco 03'!Q8 | E115: =IFERROR(('bloco 03'!R8),"") | F115: ='bloco 03'!S8
A116: ='bloco 03'!$B9 | B116: ='bloco 03'!O9 | C116: ='bloco 03'!P9 | D116: ='bloco 03'!Q9 | E116: =IFERROR(('bloco 03'!R9),"") | F116: ='bloco 03'!S9
A117: ='bloco 03'!$B10 | B117: ='bloco 03'!O10 | C117: ='bloco 03'!P10 | D117: ='bloco 03'!Q10 | E117: =IFERROR(('bloco 03'!R10),"") | F117: ='bloco 03'!S10
A118: ='bloco 03'!$B11 | B118: ='bloco 03'!O11 | C118: ='bloco 03'!P11 | D118: ='bloco 03'!Q11 | E118: =IFERROR(('bloco 03'!R11),"") | F118: ='bloco 03'!S11
A119: ='bloco 03'!$B12 | B119: ='bloco 03'!O12 | C119: ='bloco 03'!P12 | D119: ='bloco 03'!Q12 | E119: =IFERROR(('bloco 03'!R12),"") | F119: ='bloco 03'!S12
A120: ='bloco 03'!$B13 | B120: ='bloco 03'!O13 | C120: ='bloco 03'!P13 | D120: ='bloco 03'!Q13 | E120: =IFERROR(('bloco 03'!R13),"") | F120: ='bloco 03'!S13
A121: ='bloco 03'!$B14 | B121: ='bloco 03'!O14 | C121: ='bloco 03'!P14 | D121: ='bloco 03'!Q14 | E121: =IFERROR(('bloco 03'!R14),"") | F121: ='bloco 03'!S14
A122: ='bloco 03'!$B15 | B122: ='bloco 03'!O15 | C122: ='bloco 03'!P15 | D122: ='bloco 03'!Q15 | E122: =IFERROR(('bloco 03'!R15),"") | F122: ='bloco 03'!S15
A123: TREINO 02
...

Sheet bloco 03
A1: BLOCO 03
A3: TREINO 01 | C3: =macro!J6 | I3: =C3+7 | O3: =I3+7 | U3: =O3+7
C4: SETS | D4: REPS | E4: KG | F4: %1RM | G4: OBS | I4: SETS | J4: REPS | K4: KG | L4: %1RM | M4: OBS | O4: SETS | P4: REPS | Q4: KG | R4: %1RM | S4: OBS | U4: SETS | V4: REPS | W4: KG | X4: %1RM | Y4: OBS
B5: exercícios | F5: pse | L5: pse | R5: pse | X5: pse
F6: =IFERROR(__xludf.DUMMYFUNCTION("IFERROR( $E6/ VLOOKUP( IF( REGEXMATCH($B6,""(?i)agachamento""),""Agachamento"", IF( REGEXMATCH($B6,""(?i)supino""),""Supino"", IF( REGEXMATCH($B6,""(?i)terra""),""Terra"", IF( REGEXMATCH($B6,""(?i)desenvolvimento""),""Desenvolvimento"", "&" IF( REGEXMATCH($B6,""(?i)remada""),""Remada"", IF(REGEXMATCH($B6,""(?i)arranco""),""Arranco"",IF(REGEXMATCH($B6,""(?i)arremesso""),""Arremesso"","""")) ) ) ) ) ), prs!$A$30:$D$36, 4, FALSE ) ,"""")"),"") | L6: =IFERROR(__xludf.DUMMYFUNCTION("IFERROR( $K6/ VLOOKUP( IF( REGEXMATCH($B6,""(?i)agachamento""),""Agachamento"", IF( REGEXMATCH($B6,""(?i)supino""),""Supino"", IF( REGEXMATCH($B6,""(?i)terra""),""Terra"", IF( REGEXMATCH($B6,""(?i)desenvolvimento""),""Desenvolvimento"", "&" IF( REGEXMATCH($B6,""(?i)remada""),""Remada"", IF(REGEXMATCH($B6,""(?i)arranco""),""Arranco"",IF(REGEXMATCH($B6,""(?i)arremesso""),""Arremesso"","""")) ) ) ) ) ), prs!$A$30:$D$36, 4, FALSE ) ,"""")"),"") | R6: =IFERROR(__xludf.DUMMYFUNCTION("IFERROR( $Q6/ VLOOKUP( IF( REGEXMATCH($B6,""(?i)agachamento""),""Agachamento"", IF( REGEXMATCH($B6,""(?i)supino""),""Supino"", IF( REGEXMATCH($B6,""(?i)terra""),""Terra"", IF( REGEXMATCH($B6,""(?i)desenvolvimento""),""Desenvolvimento"", "&" IF( REGEXMATCH($B6,""(?i)remada""),""Remada"", IF(REGEXMATCH($B6,""(?i)arranco""),""Arranco"",IF(REGEXMATCH($B6,""(?i)arremesso""),""Arremesso"","""")) ) ) ) ) ), prs!$A$30:$D$36, 4, FALSE ) ,"""")"),"") | X6: =IFERROR(__xludf.DUMMYFUNCTION("IFERROR( $W6/ VLOOKUP( IF( REGEXMATCH($B6,""(?i)agachamento""),""Agachamento"", IF( REGEXMATCH($B6,""(?i)supino""),""Supino"", IF( REGEXMATCH($B6,""(?i)terra""),""Terra"", IF( REGEXMATCH($B6,""(?i)desenvolvimento""),""Desenvolvimento"", "&" IF( REGEXMATCH($B6,""(?i)remada""),""Remada"", IF(REGEXMATCH($B6,""(?i)arranco""),""Arranco"",IF(REGEXMATCH($B6,""(?i)arremesso""),""Arremesso"","""")) ) ) ) ) ), prs!$A$30:$D$36, 4, FALSE ) ,"""")"),"")
F7: =IFERROR(__xludf.DUMMYFUNCTION("IFERROR( $E7/ VLOOKUP( IF( REGEXMATCH($B7,""(?i)agachamento""),""Agachamento"", IF( REGEXMATCH($B7,""(?i)supino""),""Supino"", IF( REGEXMATCH($B7,""(?i)terra""),""Terra"", IF( REGEXMATCH($B7,""(?i)desenvolvimento""),""Desenvolvimento"", "&" IF( REGEXMATCH($B7,""(?i)remada""),""Remada"", IF(REGEXMATCH($B7,""(?i)arranco""),""Arranco"",IF(REGEXMATCH($B7,""(?i)arremesso""),""Arremesso"","""")) ) ) ) ) ), prs!$A$30:$D$36, 4, FALSE ) ,"""")"),"") | L7: =IFERROR(__xludf.DUMMYFUNCTION("IFERROR( $K7/ VLOOKUP( IF( REGEXMATCH($B7,""(?i)agachamento""),""Agachamento"", IF( REGEXMATCH($B7,""(?i)supino""),""Supino"", IF( REGEXMATCH($B7,""(?i)terra""),""Terra"", IF( REGEXMATCH($B7,""(?i)desenvolvimento""),""Desenvolvimento"", "&" IF( REGEXMATCH($B7,""(?i)remada""),""Remada"", IF(REGEXMATCH($B7,""(?i)arranco""),""Arranco"",IF(REGEXMATCH($B7,""(?i)arremesso""),""Arremesso"","""")) ) ) ) ) ), prs!$A$30:$D$36, 4, FALSE ) ,"""")"),"") | R7: =IFERROR(__xludf.DUMMYFUNCTION("IFERROR( $Q7/ VLOOKUP( IF( REGEXMATCH($B7,""(?i)agachamento""),""Agachamento"", IF( REGEXMATCH($B7,""(?i)supino""),""Supino"", IF( REGEXMATCH($B7,""(?i)terra""),""Terra"", IF( REGEXMATCH($B7,""(?i)desenvolvimento""),""Desenvolvimento"", "&" IF( REGEXMATCH($B7,""(?i)remada""),""Remada"", IF(REGEXMATCH($B7,""(?i)arranco""),""Arranco"",IF(REGEXMATCH($B7,""(?i)arremesso""),""Arremesso"","""")) ) ) ) ) ), prs!$A$30:$D$36, 4, FALSE ) ,"""")"),"") | X7: =IFERROR(__xludf.DUMMYFUNCTION("IFERROR( $W7/ VLOOKUP( IF( REGEXMATCH($B7,""(?i)agachamento""),""Agachamento"", IF( REGEXMATCH($B7,""(?i)supino""),""Supino"", IF( REGEXMATCH($B7,""(?i)terra""),""Terra"", IF( REGEXMATCH($B7,""(?i)desenvolvimento""),""Desenvolvimento"", "&" IF( REGEXMATCH($B7,""(?i)remada""),""Remada"", IF(REGEXMATCH($B7,""(?i)arranco""),""Arranco"",IF(REGEXMATCH($B7,""(?i)arremesso""),""Arremesso"","""")) ) ) ) ) ), prs!$A$30:$D$36, 4, FALSE ) ,"""")"),"")
F8: =IFERROR(__xludf.DUMMYFUNCTION("IFERROR( $E8/ VLOOKUP( IF( REGEXMATCH($B8,""(?i)agachamento""),""Agachamento"", IF( REGEXMATCH($B8,""(?i)supino""),""Supino"", IF( REGEXMATCH($B8,""(?i)terra""),""Terra"", IF( REGEXMATCH($B8,""(?i)desenvolvimento""),""Desenvolvimento"", "&" IF( REGEXMATCH($B8,""(?i)remada""),""Remada"", IF(REGEXMATCH($B8,""(?i)arranco""),""Arranco"",IF(REGEXMATCH($B8,""(?i)arremesso""),""Arremesso"","""")) ) ) ) ) ), prs!$A$30:$D$36, 4, FALSE ) ,"""")"),"") | L8: =IFERROR(__xludf.DUMMYFUNCTION("IFERROR( $K8/ VLOOKUP( IF( REGEXMATCH($B8,""(?i)agachamento""),""Agachamento"", IF( REGEXMATCH($B8,""(?i)supino""),""Supino"", IF( REGEXMATCH($B8,""(?i)terra""),""Terra"", IF( REGEXMATCH($B8,""(?i)desenvolvimento""),""Desenvolvimento"", "&" IF( REGEXMATCH($B8,""(?i)remada""),""Remada"", IF(REGEXMATCH($B8,""(?i)arranco""),""Arranco"",IF(REGEXMATCH($B8,""(?i)arremesso""),""Arremesso"","""")) ) ) ) ) ), prs!$A$30:$D$36, 4, FALSE ) ,"""")"),"") | R8: =IFERROR(__xludf.DUMMYFUNCTION("IFERROR( $Q8/ VLOOKUP( IF( REGEXMATCH($B8,""(?i)agachamento""),""Agachamento"", IF( REGEXMATCH($B8,""(?i)supino""),""Supino"", IF( REGEXMATCH($B8,""(?i)terra""),""Terra"", IF( REGEXMATCH($B8,""(?i)desenvolvimento""),""Desenvolvimento"", "&" IF( REGEXMATCH($B8,""(?i)remada""),""Remada"", IF(REGEXMATCH($B8,""(?i)arranco""),""Arranco"",IF(REGEXMATCH($B8,""(?i)arremesso""),""Arremesso"","""")) ) ) ) ) ), prs!$A$30:$D$36, 4, FALSE ) ,"""")"),"") | X8: =IFERROR(__xludf.DUMMYFUNCTION("IFERROR( $W8/ VLOOKUP( IF( REGEXMATCH($B8,""(?i)agachamento""),""Agachamento"", IF( REGEXMATCH($B8,""(?i)supino""),""Supino"", IF( REGEXMATCH($B8,""(?i)terra""),""Terra"", IF( REGEXMATCH($B8,""(?i)desenvolvimento""),""Desenvolvimento"", "&" IF( REGEXMATCH($B8,""(?i)remada""),""Remada"", IF(REGEXMATCH($B8,""(?i)arranco""),""Arranco"",IF(REGEXMATCH($B8,""(?i)arremesso""),""Arremesso"","""")) ) ) ) ) ), prs!$A$30:$D$36, 4, FALSE ) ,"""")"),"")
F9: =IFERROR(__xludf.DUMMYFUNCTION("IFERROR( $E9/ VLOOKUP( IF( REGEXMATCH($B9,""(?i)agachamento""),""Agachamento"", IF( REGEXMATCH($B9,""(?i)supino""),""Supino"", IF( REGEXMATCH($B9,""(?i)terra""),""Terra"", IF( REGEXMATCH($B9,""(?i)desenvolvimento""),""Desenvolvimento"", "&" IF( REGEXMATCH($B9,""(?i)remada""),""Remada"", IF(REGEXMATCH($B9,""(?i)arranco""),""Arranco"",IF(REGEXMATCH($B9,""(?i)arremesso""),""Arremesso"","""")) ) ) ) ) ), prs!$A$30:$D$36, 4, FALSE ) ,"""")"),"") | L9: =IFERROR(__xludf.DUMMYFUNCTION("IFERROR( $K9/ VLOOKUP( IF( REGEXMATCH($B9,""(?i)agachamento""),""Agachamento"", IF( REGEXMATCH($B9,""(?i)supino""),""Supino"", IF( REGEXMATCH($B9,""(?i)terra""),""Terra"", IF( REGEXMATCH($B9,""(?i)desenvolvimento""),""Desenvolvimento"", "&" IF( REGEXMATCH($B9,""(?i)remada""),""Remada"", IF(REGEXMATCH($B9,""(?i)arranco""),""Arranco"",IF(REGEXMATCH($B9,""(?i)arremesso""),""Arremesso"","""")) ) ) ) ) ), prs!$A$30:$D$36, 4, FALSE ) ,"""")"),"") | R9: =IFERROR(__xludf.DUMMYFUNCTION("IFERROR( $Q9/ VLOOKUP( IF( REGEXMATCH($B9,""(?i)agachamento""),""Agachamento"", IF( REGEXMATCH($B9,""(?i)supino""),""Supino"", IF( REGEXMATCH($B9,""(?i)terra""),""Terra"", IF( REGEXMATCH($B9,""(?i)desenvolvimento""),""Desenvolvimento"", "&" IF( REGEXMATCH($B9,""(?i)remada""),""Remada"", IF(REGEXMATCH($B9,""(?i)arranco""),""Arranco"",IF(REGEXMATCH($B9,""(?i)arremesso""),""Arremesso"","""")) ) ) ) ) ), prs!$A$30:$D$36, 4, FALSE ) ,"""")"),"") | X9: =IFERROR(__xludf.DUMMYFUNCTION("IFERROR( $W9/ VLOOKUP( IF( REGEXMATCH($B9,""(?i)agachamento""),""Agachamento"", IF( REGEXMATCH($B9,""(?i)supino""),""Supino"", IF( REGEXMATCH($B9,""(?i)terra""),""Terra"", IF( REGEXMATCH($B9,""(?i)desenvolvimento""),""Desenvolvimento"", "&" IF( REGEXMATCH($B9,""(?i)remada""),""Remada"", IF(REGEXMATCH($B9,""(?i)arranco""),""Arranco"",IF(REGEXMATCH($B9,""(?i)arremesso""),""Arremesso"","""")) ) ) ) ) ), prs!$A$30:$D$36, 4, FALSE ) ,"""")"),"")
F10: =IFERROR(__xludf.DUMMYFUNCTION("IFERROR( $E10/ VLOOKUP( IF( REGEXMATCH($B10,""(?i)agachamento""),""Agachamento"", IF( REGEXMATCH($B10,""(?i)supino""),""Supino"", IF( REGEXMATCH($B10,""(?i)terra""),""Terra"", IF( REGEXMATCH($B10,""(?i)desenvolvimento""),""Desenvolvimento"&""", IF( REGEXMATCH($B10,""(?i)remada""),""Remada"", IF(REGEXMATCH($B10,""(?i)arranco""),""Arranco"",IF(REGEXMATCH($B10,""(?i)arremesso""),""Arremesso"","""")) ) ) ) ) ), prs!$A$30:$D$36, 4, FALSE ) ,"""")"),"") | L10: =IFERROR(__xludf.DUMMYFUNCTION("IFERROR( $K10/ VLOOKUP( IF( REGEXMATCH($B10,""(?i)agachamento""),""Agachamento"", IF( REGEXMATCH($B10,""(?i)supino""),""Supino"", IF( REGEXMATCH($B10,""(?i)terra""),""Terra"", IF( REGEXMATCH($B10,""(?i)desenvolvimento""),""Desenvolvimento"&""", IF( REGEXMATCH($B10,""(?i)remada""),""Remada"", IF(REGEXMATCH($B10,""(?i)arranco""),""Arranco"",IF(REGEXMATCH($B10,""(?i)arremesso""),""Arremesso"","""")) ) ) ) ) ), prs!$A$30:$D$36, 4, FALSE ) ,"""")"),"") | R10: =IFERROR(__xludf.DUMMYFUNCTION("IFERROR( $Q10/ VLOOKUP( IF( REGEXMATCH($B10,""(?i)agachamento""),""Agachamento"", IF( REGEXMATCH($B10,""(?i)supino""),""Supino"", IF( REGEXMATCH($B10,""(?i)terra""),""Terra"", IF( REGEXMATCH($B10,""(?i)desenvolvimento""),""Desenvolvimento"&""", IF( REGEXMATCH($B10,""(?i)remada""),""Remada"", IF(REGEXMATCH($B10,""(?i)arranco""),""Arranco"",IF(REGEXMATCH($B10,""(?i)arremesso""),""Arremesso"","""")) ) ) ) ) ), prs!$A$30:$D$36, 4, FALSE ) ,"""")"),"") | X10: =IFERROR(__xludf.DUMMYFUNCTION("IFERROR( $W10/ VLOOKUP( IF( REGEXMATCH($B10,""(?i)agachamento""),""Agachamento"", IF( REGEXMATCH($B10,""(?i)supino""),""Supino"", IF( REGEXMATCH($B10,""(?i)terra""),""Terra"", IF( REGEXMATCH($B10,""(?i)desenvolvimento""),""Desenvolvimento"&""", IF( REGEXMATCH($B10,""(?i)remada""),""Remada"", IF(REGEXMATCH($B10,""(?i)arranco""),""Arranco"",IF(REGEXMATCH($B10,""(?i)arremesso""),""Arremesso"","""")) ) ) ) ) ), prs!$A$30:$D$36, 4, FALSE ) ,"""")"),"")
F11: =IFERROR(__xludf.DUMMYFUNCTION("IFERROR( $E11/ VLOOKUP( IF( REGEXMATCH($B11,""(?i)agachamento""),""Agachamento"", IF( REGEXMATCH($B11,""(?i)supino""),""Supino"", IF( REGEXMATCH($B11,""(?i)terra""),""Terra"", IF( REGEXMATCH($B11,""(?i)desenvolvimento""),""Desenvolvimento"&""", IF( REGEXMATCH($B11,""(?i)remada""),""Remada"", IF(REGEXMATCH($B11,""(?i)arranco""),""Arranco"",IF(REGEXMATCH($B11,""(?i)arremesso""),""Arremesso"","""")) ) ) ) ) ), prs!$A$30:$D$36, 4, FALSE ) ,"""")"),"") | L11: =IFERROR(__xludf.DUMMYFUNCTION("IFERROR( $K11/ VLOOKUP( IF( REGEXMATCH($B11,""(?i)agachamento""),""Agachamento"", IF( REGEXMATCH($B11,""(?i)supino""),""Supino"", IF( REGEXMATCH($B11,""(?i)terra""),""Terra"", IF( REGEXMATCH($B11,""(?i)desenvolvimento""),""Desenvolvimento"&""", IF( REGEXMATCH($B11,""(?i)remada""),""Remada"", IF(REGEXMATCH($B11,""(?i)arranco""),""Arranco"",IF(REGEXMATCH($B11,""(?i)arremesso""),""Arremesso"","""")) ) ) ) ) ), prs!$A$30:$D$36, 4, FALSE ) ,"""")"),"") | R11: =IFERROR(__xludf.DUMMYFUNCTION("IFERROR( $Q11/ VLOOKUP( IF( REGEXMATCH($B11,""(?i)agachamento""),""Agachamento"", IF( REGEXMATCH($B11,""(?i)supino""),""Supino"", IF( REGEXMATCH($B11,""(?i)terra""),""Terra"", IF( REGEXMATCH($B11,""(?i)desenvolvimento""),""Desenvolvimento"&""", IF( REGEXMATCH($B11,""(?i)remada""),""Remada"", IF(REGEXMATCH($B11,""(?i)arranco""),""Arranco"",IF(REGEXMATCH($B11,""(?i)arremesso""),""Arremesso"","""")) ) ) ) ) ), prs!$A$30:$D$36, 4, FALSE ) ,"""")"),"") | X11: =IFERROR(__xludf.DUMMYFUNCTION("IFERROR( $W11/ VLOOKUP( IF( REGEXMATCH($B11,""(?i)agachamento""),""Agachamento"", IF( REGEXMATCH($B11,""(?i)supino""),""Supino"", IF( REGEXMATCH($B11,""(?i)terra""),""Terra"", IF( REGEXMATCH($B11,""(?i)desenvolvimento""),""Desenvolvimento"&""", IF( REGEXMATCH($B11,""(?i)remada""),""Remada"", IF(REGEXMATCH($B11,""(?i)arranco""),""Arranco"",IF(REGEXMATCH($B11,""(?i)arremesso""),""Arremesso"","""")) ) ) ) ) ), prs!$A$30:$D$36, 4, FALSE ) ,"""")"),"")
F12: =IFERROR(__xludf.DUMMYFUNCTION("IFERROR( $E12/ VLOOKUP( IF( REGEXMATCH($B12,""(?i)agachamento""),""Agachamento"", IF( REGEXMATCH($B12,""(?i)supino""),""Supino"", IF( REGEXMATCH($B12,""(?i)terra""),""Terra"", IF( REGEXMATCH($B12,""(?i)desenvolvimento""),""Desenvolvimento"&""", IF( REGEXMATCH($B12,""(?i)remada""),""Remada"", IF(REGEXMATCH($B12,""(?i)arranco""),""Arranco"",IF(REGEXMATCH($B12,""(?i)arremesso""),""Arremesso"","""")) ) ) ) ) ), prs!$A$30:$D$36, 4, FALSE ) ,"""")"),"") | L12: =IFERROR(__xludf.DUMMYFUNCTION("IFERROR( $K12/ VLOOKUP( IF( REGEXMATCH($B12,""(?i)agachamento""),""Agachamento"", IF( REGEXMATCH($B12,""(?i)supino""),""Supino"", IF( REGEXMATCH($B12,""(?i)terra""),""Terra"", IF( REGEXMATCH($B12,""(?i)desenvolvimento""),""Desenvolvimento"&""", IF( REGEXMATCH($B12,""(?i)remada""),""Remada"", IF(REGEXMATCH($B12,""(?i)arranco""),""Arranco"",IF(REGEXMATCH($B12,""(?i)arremesso""),""Arremesso"","""")) ) ) ) ) ), prs!$A$30:$D$36, 4, FALSE ) ,"""")"),"") | R12: =IFERROR(__xludf.DUMMYFUNCTION("IFERROR( $Q12/ VLOOKUP( IF( REGEXMATCH($B12,""(?i)agachamento""),""Agachamento"", IF( REGEXMATCH($B12,""(?i)supino""),""Supino"", IF( REGEXMATCH($B12,""(?i)terra""),""Terra"", IF( REGEXMATCH($B12,""(?i)desenvolvimento""),""Desenvolvimento"&""", IF( REGEXMATCH($B12,""(?i)remada""),""Remada"", IF(REGEXMATCH($B12,""(?i)arranco""),""Arranco"",IF(REGEXMATCH($B12,""(?i)arremesso""),""Arremesso"","""")) ) ) ) ) ), prs!$A$30:$D$36, 4, FALSE ) ,"""")"),"") | X12: =IFERROR(__xludf.DUMMYFUNCTION("IFERROR( $W12/ VLOOKUP( IF( REGEXMATCH($B12,""(?i)agachamento""),""Agachamento"", IF( REGEXMATCH($B12,""(?i)supino""),""Supino"", IF( REGEXMATCH($B12,""(?i)terra""),""Terra"", IF( REGEXMATCH($B12,""(?i)desenvolvimento""),""Desenvolvimento"&""", IF( REGEXMATCH($B12,""(?i)remada""),""Remada"", IF(REGEXMATCH($B12,""(?i)arranco""),""Arranco"",IF(REGEXMATCH($B12,""(?i)arremesso""),""Arremesso"","""")) ) ) ) ) ), prs!$A$30:$D$36, 4, FALSE ) ,"""")"),"")
F13: =IFERROR(__xludf.DUMMYFUNCTION("IFERROR( $E13/ VLOOKUP( IF( REGEXMATCH($B13,""(?i)agachamento""),""Agachamento"", IF( REGEXMATCH($B13,""(?i)supino""),""Supino"", IF( REGEXMATCH($B13,""(?i)terra""),""Terra"", IF( REGEXMATCH($B13,""(?i)desenvolvimento""),""Desenvolvimento"&""", IF( REGEXMATCH($B13,""(?i)remada""),""Remada"", IF(REGEXMATCH($B13,""(?i)arranco""),""Arranco"",IF(REGEXMATCH($B13,""(?i)arremesso""),""Arremesso"","""")) ) ) ) ) ), prs!$A$30:$D$36, 4, FALSE ) ,"""")"),"") | L13: =IFERROR(__xludf.DUMMYFUNCTION("IFERROR( $K13/ VLOOKUP( IF( REGEXMATCH($B13,""(?i)agachamento""),""Agachamento"", IF( REGEXMATCH($B13,""(?i)supino""),""Supino"", IF( REGEXMATCH($B13,""(?i)terra""),""Terra"", IF( REGEXMATCH($B13,""(?i)desenvolvimento""),""Desenvolvimento"&""", IF( REGEXMATCH($B13,""(?i)remada""),""Remada"", IF(REGEXMATCH($B13,""(?i)arranco""),""Arranco"",IF(REGEXMATCH($B13,""(?i)arremesso""),""Arremesso"","""")) ) ) ) ) ), prs!$A$30:$D$36, 4, FALSE ) ,"""")"),"") | R13: =IFERROR(__xludf.DUMMYFUNCTION("IFERROR( $Q13/ VLOOKUP( IF( REGEXMATCH($B13,""(?i)agachamento""),""Agachamento"", IF( REGEXMATCH($B13,""(?i)supino""),""Supino"", IF( REGEXMATCH($B13,""(?i)terra""),""Terra"", IF( REGEXMATCH($B13,""(?i)desenvolvimento""),""Desenvolvimento"&""", IF( REGEXMATCH($B13,""(?i)remada""),""Remada"", IF(REGEXMATCH($B13,""(?i)arranco""),""Arranco"",IF(REGEXMATCH($B13,""(?i)arremesso""),""Arremesso"","""")) ) ) ) ) ), prs!$A$30:$D$36, 4, FALSE ) ,"""")"),"") | X13: =IFERROR(__xludf.DUMMYFUNCTION("IFERROR( $W13/ VLOOKUP( IF( REGEXMATCH($B13,""(?i)agachamento""),""Agachamento"", IF( REGEXMATCH($B13,""(?i)supino""),""Supino"", IF( REGEXMATCH($B13,""(?i)terra""),""Terra"", IF( REGEXMATCH($B13,""(?i)desenvolvimento""),""Desenvolvimento"&""", IF( REGEXMATCH($B13,""(?i)remada""),""Remada"", IF(REGEXMATCH($B13,""(?i)arranco""),""Arranco"",IF(REGEXMATCH($B13,""(?i)arremesso""),""Arremesso"","""")) ) ) ) ) ), prs!$A$30:$D$36, 4, FALSE ) ,"""")"),"")
F14: =IFERROR(__xludf.DUMMYFUNCTION("IFERROR( $E14/ VLOOKUP( IF( REGEXMATCH($B14,""(?i)agachamento""),""Agachamento"", IF( REGEXMATCH($B14,""(?i)supino""),""Supino"", IF( REGEXMATCH($B14,""(?i)terra""),""Terra"", IF( REGEXMATCH($B14,""(?i)desenvolvimento""),""Desenvolvimento"&""", IF( REGEXMATCH($B14,""(?i)remada""),""Remada"", IF(REGEXMATCH($B14,""(?i)arranco""),""Arranco"",IF(REGEXMATCH($B14,""(?i)arremesso""),""Arremesso"","""")) ) ) ) ) ), prs!$A$30:$D$36, 4, FALSE ) ,"""")"),"") | L14: =IFERROR(__xludf.DUMMYFUNCTION("IFERROR( $K14/ VLOOKUP( IF( REGEXMATCH($B14,""(?i)agachamento""),""Agachamento"", IF( REGEXMATCH($B14,""(?i)supino""),""Supino"", IF( REGEXMATCH($B14,""(?i)terra""),""Terra"", IF( REGEXMATCH($B14,""(?i)desenvolvimento""),""Desenvolvimento"&""", IF( REGEXMATCH($B14,""(?i)remada""),""Remada"", IF(REGEXMATCH($B14,""(?i)arranco""),""Arranco"",IF(REGEXMATCH($B14,""(?i)arremesso""),""Arremesso"","""")) ) ) ) ) ), prs!$A$30:$D$36, 4, FALSE ) ,"""")"),"") | R14: =IFERROR(__xludf.DUMMYFUNCTION("IFERROR( $Q14/ VLOOKUP( IF( REGEXMATCH($B14,""(?i)agachamento""),""Agachamento"", IF( REGEXMATCH($B14,""(?i)supino""),""Supino"", IF( REGEXMATCH($B14,""(?i)terra""),""Terra"", IF( REGEXMATCH($B14,""(?i)desenvolvimento""),""Desenvolvimento"&""", IF( REGEXMATCH($B14,""(?i)remada""),""Remada"", IF(REGEXMATCH($B14,""(?i)arranco""),""Arranco"",IF(REGEXMATCH($B14,""(?i)arremesso""),""Arremesso"","""")) ) ) ) ) ), prs!$A$30:$D$36, 4, FALSE ) ,"""")"),"") | X14: =IFERROR(__xludf.DUMMYFUNCTION("IFERROR( $W14/ VLOOKUP( IF( REGEXMATCH($B14,""(?i)agachamento""),""Agachamento"", IF( REGEXMATCH($B14,""(?i)supino""),""Supino"", IF( REGEXMATCH($B14,""(?i)terra""),""Terra"", IF( REGEXMATCH($B14,""(?i)desenvolvimento""),""Desenvolvimento"&""", IF( REGEXMATCH($B14,""(?i)remada""),""Remada"", IF(REGEXMATCH($B14,""(?i)arranco""),""Arranco"",IF(REGEXMATCH($B14,""(?i)arremesso""),""Arremesso"","""")) ) ) ) ) ), prs!$A$30:$D$36, 4, FALSE ) ,"""")"),"")
F15: =IFERROR(__xludf.DUMMYFUNCTION("IFERROR( $E15/ VLOOKUP( IF( REGEXMATCH($B15,""(?i)agachamento""),""Agachamento"", IF( REGEXMATCH($B15,""(?i)supino""),""Supino"", IF( REGEXMATCH($B15,""(?i)terra""),""Terra"", IF( REGEXMATCH($B15,""(?i)desenvolvimento""),""Desenvolvimento"&""", IF( REGEXMATCH($B15,""(?i)remada""),""Remada"", IF(REGEXMATCH($B15,""(?i)arranco""),""Arranco"",IF(REGEXMATCH($B15,""(?i)arremesso""),""Arremesso"","""")) ) ) ) ) ), prs!$A$30:$D$36, 4, FALSE ) ,"""")"),"") | L15: =IFERROR(__xludf.DUMMYFUNCTION("IFERROR( $K15/ VLOOKUP( IF( REGEXMATCH($B15,""(?i)agachamento""),""Agachamento"", IF( REGEXMATCH($B15,""(?i)supino""),""Supino"", IF( REGEXMATCH($B15,""(?i)terra""),""Terra"", IF( REGEXMATCH($B15,""(?i)desenvolvimento""),""Desenvolvimento"&""", IF( REGEXMATCH($B15,""(?i)remada""),""Remada"", IF(REGEXMATCH($B15,""(?i)arranco""),""Arranco"",IF(REGEXMATCH($B15,""(?i)arremesso""),""Arremesso"","""")) ) ) ) ) ), prs!$A$30:$D$36, 4, FALSE ) ,"""")"),"") | R15: =IFERROR(__xludf.DUMMYFUNCTION("IFERROR( $Q15/ VLOOKUP( IF( REGEXMATCH($B15,""(?i)agachamento""),""Agachamento"", IF( REGEXMATCH($B15,""(?i)supino""),""Supino"", IF( REGEXMATCH($B15,""(?i)terra""),""Terra"", IF( REGEXMATCH($B15,""(?i)desenvolvimento""),""Desenvolvimento"&""", IF( REGEXMATCH($B15,""(?i)remada""),""Remada"", IF(REGEXMATCH($B15,""(?i)arranco""),""Arranco"",IF(REGEXMATCH($B15,""(?i)arremesso""),""Arremesso"","""")) ) ) ) ) ), prs!$A$30:$D$36, 4, FALSE ) ,"""")"),"") | X15: =IFERROR(__xludf.DUMMYFUNCTION("IFERROR( $W15/ VLOOKUP( IF( REGEXMATCH($B15,""(?i)agachamento""),""Agachamento"", IF( REGEXMATCH($B15,""(?i)supino""),""Supino"", IF( REGEXMATCH($B15,""(?i)terra""),""Terra"", IF( REGEXMATCH($B15,""(?i)desenvolvimento""),""Desenvolvimento"&""", IF( REGEXMATCH($B15,""(?i)remada""),""Remada"", IF(REGEXMATCH($B15,""(?i)arranco""),""Arranco"",IF(REGEXMATCH($B15,""(?i)arremesso""),""Arremesso"","""")) ) ) ) ) ), prs!$A$30:$D$36, 4, FALSE ) ,"""")"),"")
C16: SEMANA 01 | I16: SEMANA 02 | O16: SEMANA 03 | U16: SEMANA 04
A18: TREINO 02
C19: SETS | D19: REPS | E19: KG | F19: %1RM | G19: OBS | I19: SETS | J19: REPS | K19: KG | L19: %1RM | M19: OBS | O19: SETS | P19: REPS | Q19: KG | R19: %1RM | S19: OBS | U19: SETS | V19: REPS | W19: KG | X19: %1RM | Y19: OBS
B20: exercícios | F20: pse | L20: pse | R20: pse | X20: pse
F21: =IFERROR(__xludf.DUMMYFUNCTION("IFERROR( $E21/ VLOOKUP( IF( REGEXMATCH($B21,""(?i)agachamento""),""Agachamento"", IF( REGEXMATCH($B21,""(?i)supino""),""Supino"", IF( REGEXMATCH($B21,""(?i)terra""),""Terra"", IF( REGEXMATCH($B21,""(?i)desenvolvimento""),""Desenvolvimento"&""", IF( REGEXMATCH($B21,""(?i)remada""),""Remada"", IF(REGEXMATCH($B21,""(?i)arranco""),""Arranco"",IF(REGEXMATCH($B21,""(?i)arremesso""),""Arremesso"","""")) ) ) ) ) ), prs!$A$30:$D$36, 4, FALSE ) ,"""")"),"") | L21: =IFERROR(__xludf.DUMMYFUNCTION("IFERROR( $E21/ VLOOKUP( IF( REGEXMATCH($B21,""(?i)agachamento""),""Agachamento"", IF( REGEXMATCH($B21,""(?i)supino""),""Supino"", IF( REGEXMATCH($B21,""(?i)terra""),""Terra"", IF( REGEXMATCH($B21,""(?i)desenvolvimento""),""Desenvolvimento"&""", IF( REGEXMATCH($B21,""(?i)remada""),""Remada"", IF(REGEXMATCH($B21,""(?i)arranco""),""Arranco"",IF(REGEXMATCH($B21,""(?i)arremesso""),""Arremesso"","""")) ) ) ) ) ), prs!$A$30:$D$36, 4, FALSE ) ,"""")"),"") | R21: =IFERROR(__xludf.DUMMYFUNCTION("IFERROR( $Q21/ VLOOKUP( IF( REGEXMATCH($B21,""(?i)agachamento""),""Agachamento"", IF( REGEXMATCH($B21,""(?i)supino""),""Supino"", IF( REGEXMATCH($B21,""(?i)terra""),""Terra"", IF( REGEXMATCH($B21,""(?i)desenvolvimento""),""Desenvolvimento"&""", IF( REGEXMATCH($B21,""(?i)remada""),""Remada"", IF(REGEXMATCH($B21,""(?i)arranco""),""Arranco"",IF(REGEXMATCH($B21,""(?i)arremesso""),""Arremesso"","""")) ) ) ) ) ), prs!$A$30:$D$36, 4, FALSE ) ,"""")"),"") | X21: =IFERROR(__xludf.DUMMYFUNCTION("IFERROR( $W21/ VLOOKUP( IF( REGEXMATCH($B21,""(?i)agachamento""),""Agachamento"", IF( REGEXMATCH($B21,""(?i)supino""),""Supino"", IF( REGEXMATCH($B21,""(?i)terra""),""Terra"", IF( REGEXMATCH($B21,""(?i)desenvolvimento""),""Desenvolvimento"&""", IF( REGEXMATCH($B21,""(?i)remada""),""Remada"", IF(REGEXMATCH($B21,""(?i)arranco""),""Arranco"",IF(REGEXMATCH($B21,""(?i)arremesso""),""Arremesso"","""")) ) ) ) ) ), prs!$A$30:$D$36, 4, FALSE ) ,"""")"),"")
F22: =IFERROR(__xludf.DUMMYFUNCTION("IFERROR( $E22/ VLOOKUP( IF( REGEXMATCH($B22,""(?i)agachamento""),""Agachamento"", IF( REGEXMATCH($B22,""(?i)supino""),""Supino"", IF( REGEXMATCH($B22,""(?i)terra""),""Terra"", IF( REGEXMATCH($B22,""(?i)desenvolvimento""),""Desenvolvimento"&""", IF( REGEXMATCH($B22,""(?i)remada""),""Remada"", IF(REGEXMATCH($B22,""(?i)arranco""),""Arranco"",IF(REGEXMATCH($B22,""(?i)arremesso""),""Arremesso"","""")) ) ) ) ) ), prs!$A$30:$D$36, 4, FALSE ) ,"""")"),"") | L22: =IFERROR(__xludf.DUMMYFUNCTION("IFERROR( $E22/ VLOOKUP( IF( REGEXMATCH($B22,""(?i)agachamento""),""Agachamento"", IF( REGEXMATCH($B22,""(?i)supino""),""Supino"", IF( REGEXMATCH($B22,""(?i)terra""),""Terra"", IF( REGEXMATCH($B22,""(?i)desenvolvimento""),""Desenvolvimento"&""", IF( REGEXMATCH($B22,""(?i)remada""),""Remada"", IF(REGEXMATCH($B22,""(?i)arranco""),""Arranco"",IF(REGEXMATCH($B22,""(?i)arremesso""),""Arremesso"","""")) ) ) ) ) ), prs!$A$30:$D$36, 4, FALSE ) ,"""")"),"") | R22: =IFERROR(__xludf.DUMMYFUNCTION("IFERROR( $Q22/ VLOOKUP( IF( REGEXMATCH($B22,""(?i)agachamento""),""Agachamento"", IF( REGEXMATCH($B22,""(?i)supino""),""Supino"", IF( REGEXMATCH($B22,""(?i)terra""),""Terra"", IF( REGEXMATCH($B22,""(?i)desenvolvimento""),""Desenvolvimento"&""", IF( REGEXMATCH($B22,""(?i)remada""),""Remada"", IF(REGEXMATCH($B22,""(?i)arranco""),""Arranco"",IF(REGEXMATCH($B22,""(?i)arremesso""),""Arremesso"","""")) ) ) ) ) ), prs!$A$30:$D$36, 4, FALSE ) ,"""")"),"") | X22: =IFERROR(__xludf.DUMMYFUNCTION("IFERROR( $W22/ VLOOKUP( IF( REGEXMATCH($B22,""(?i)agachamento""),""Agachamento"", IF( REGEXMATCH($B22,""(?i)supino""),""Supino"", IF( REGEXMATCH($B22,""(?i)terra""),""Terra"", IF( REGEXMATCH($B22,""(?i)desenvolvimento""),""Desenvolvimento"&""", IF( REGEXMATCH($B22,""(?i)remada""),""Remada"", IF(REGEXMATCH($B22,""(?i)arranco""),""Arranco"",IF(REGEXMATCH($B22,""(?i)arremesso""),""Arremesso"","""")) ) ) ) ) ), prs!$A$30:$D$36, 4, FALSE ) ,"""")"),"")
F23: =IFERROR(__xludf.DUMMYFUNCTION("IFERROR( $E23/ VLOOKUP( IF( REGEXMATCH($B23,""(?i)agachamento""),""Agachamento"", IF( REGEXMATCH($B23,""(?i)supino""),""Supino"", IF( REGEXMATCH($B23,""(?i)terra""),""Terra"", IF( REGEXMATCH($B23,""(?i)desenvolvimento""),""Desenvolvimento"&""", IF( REGEXMATCH($B23,""(?i)remada""),""Remada"", IF(REGEXMATCH($B23,""(?i)arranco""),""Arranco"",IF(REGEXMATCH($B23,""(?i)arremesso""),""Arremesso"","""")) ) ) ) ) ), prs!$A$30:$D$36, 4, FALSE ) ,"""")"),"") | L23: =IFERROR(__xludf.DUMMYFUNCTION("IFERROR( $E23/ VLOOKUP( IF( REGEXMATCH($B23,""(?i)agachamento""),""Agachamento"", IF( REGEXMATCH($B23,""(?i)supino""),""Supino"", IF( REGEXMATCH($B23,""(?i)terra""),""Terra"", IF( REGEXMATCH($B23,""(?i)desenvolvimento""),""Desenvolvimento"&""", IF( REGEXMATCH($B23,""(?i)remada""),""Remada"", IF(REGEXMATCH($B23,""(?i)arranco""),""Arranco"",IF(REGEXMATCH($B23,""(?i)arremesso""),""Arremesso"","""")) ) ) ) ) ), prs!$A$30:$D$36, 4, FALSE ) ,"""")"),"") | R23: =IFERROR(__xludf.DUMMYFUNCTION("IFERROR( $Q23/ VLOOKUP( IF( REGEXMATCH($B23,""(?i)agachamento""),""Agachamento"", IF( REGEXMATCH($B23,""(?i)supino""),""Supino"", IF( REGEXMATCH($B23,""(?i)terra""),""Terra"", IF( REGEXMATCH($B23,""(?i)desenvolvimento""),""Desenvolvimento"&""", IF( REGEXMATCH($B23,""(?i)remada""),""Remada"", IF(REGEXMATCH($B23,""(?i)arranco""),""Arranco"",IF(REGEXMATCH($B23,""(?i)arremesso""),""Arremesso"","""")) ) ) ) ) ), prs!$A$30:$D$36, 4, FALSE ) ,"""")"),"") | X23: =IFERROR(__xludf.DUMMYFUNCTION("IFERROR( $W23/ VLOOKUP( IF( REGEXMATCH($B23,""(?i)agachamento""),""Agachamento"", IF( REGEXMATCH($B23,""(?i)supino""),""Supino"", IF( REGEXMATCH($B23,""(?i)terra""),""Terra"", IF( REGEXMATCH($B23,""(?i)desenvolvimento""),""Desenvolvimento"&""", IF( REGEXMATCH($B23,""(?i)remada""),""Remada"", IF(REGEXMATCH($B23,""(?i)arranco""),""Arranco"",IF(REGEXMATCH($B23,""(?i)arremesso""),""Arremesso"","""")) ) ) ) ) ), prs!$A$30:$D$36, 4, FALSE ) ,"""")"),"")
F24: =IFERROR(__xludf.DUMMYFUNCTION("IFERROR( $E24/ VLOOKUP( IF( REGEXMATCH($B24,""(?i)agachamento""),""Agachamento"", IF( REGEXMATCH($B24,""(?i)supino""),""Supino"", IF( REGEXMATCH($B24,""(?i)terra""),""Terra"", IF( REGEXMATCH($B24,""(?i)desenvolvimento""),""Desenvolvimento"&""", IF( REGEXMATCH($B24,""(?i)remada""),""Remada"", IF(REGEXMATCH($B24,""(?i)arranco""),""Arranco"",IF(REGEXMATCH($B24,""(?i)arremesso""),""Arremesso"","""")) ) ) ) ) ), prs!$A$30:$D$36, 4, FALSE ) ,"""")"),"") | L24: =IFERROR(__xludf.DUMMYFUNCTION("IFERROR( $E24/ VLOOKUP( IF( REGEXMATCH($B24,""(?i)agachamento""),""Agachamento"", IF( REGEXMATCH($B24,""(?i)supino""),""Supino"", IF( REGEXMATCH($B24,""(?i)terra""),""Terra"", IF( REGEXMATCH($B24,""(?i)desenvolvimento""),""Desenvolvimento"&""", IF( REGEXMATCH($B24,""(?i)remada""),""Remada"", IF(REGEXMATCH($B24,""(?i)arranco""),""Arranco"",IF(REGEXMATCH($B24,""(?i)arremesso""),""Arremesso"","""")) ) ) ) ) ), prs!$A$30:$D$36, 4, FALSE ) ,"""")"),"") | R24: =IFERROR(__xludf.DUMMYFUNCTION("IFERROR( $Q24/ VLOOKUP( IF( REGEXMATCH($B24,""(?i)agachamento""),""Agachamento"", IF( REGEXMATCH($B24,""(?i)supino""),""Supino"", IF( REGEXMATCH($B24,""(?i)terra""),""Terra"", IF( REGEXMATCH($B24,""(?i)desenvolvimento""),""Desenvolvimento"&""", IF( REGEXMATCH($B24,""(?i)remada""),""Remada"", IF(REGEXMATCH($B24,""(?i)arranco""),""Arranco"",IF(REGEXMATCH($B24,""(?i)arremesso""),""Arremesso"","""")) ) ) ) ) ), prs!$A$30:$D$36, 4, FALSE ) ,"""")"),"") | X24: =IFERROR(__xludf.DUMMYFUNCTION("IFERROR( $W24/ VLOOKUP( IF( REGEXMATCH($B24,""(?i)agachamento""),""Agachamento"", IF( REGEXMATCH($B24,""(?i)supino""),""Supino"", IF( REGEXMATCH($B24,""(?i)terra""),""Terra"", IF( REGEXMATCH($B24,""(?i)desenvolvimento""),""Desenvolvimento"&""", IF( REGEXMATCH($B24,""(?i)remada""),""Remada"", IF(REGEXMATCH($B24,""(?i)arranco""),""Arranco"",IF(REGEXMATCH($B24,""(?i)arremesso""),""Arremesso"","""")) ) ) ) ) ), prs!$A$30:$D$36, 4, FALSE ) ,"""")"),"")
F25: =IFERROR(__xludf.DUMMYFUNCTION("IFERROR( $E25/ VLOOKUP( IF( REGEXMATCH($B25,""(?i)agachamento""),""Agachamento"", IF( REGEXMATCH($B25,""(?i)supino""),""Supino"", IF( REGEXMATCH($B25,""(?i)terra""),""Terra"", IF( REGEXMATCH($B25,""(?i)desenvolvimento""),""Desenvolvimento"&""", IF( REGEXMATCH($B25,""(?i)remada""),""Remada"", IF(REGEXMATCH($B25,""(?i)arranco""),""Arranco"",IF(REGEXMATCH($B25,""(?i)arremesso""),""Arremesso"","""")) ) ) ) ) ), prs!$A$30:$D$36, 4, FALSE ) ,"""")"),"") | L25: =IFERROR(__xludf.DUMMYFUNCTION("IFERROR( $E25/ VLOOKUP( IF( REGEXMATCH($B25,""(?i)agachamento""),""Agachamento"", IF( REGEXMATCH($B25,""(?i)supino""),""Supino"", IF( REGEXMATCH($B25,""(?i)terra""),""Terra"", IF( REGEXMATCH($B25,""(?i)desenvolvimento""),""Desenvolvimento"&""", IF( REGEXMATCH($B25,""(?i)remada""),""Remada"", IF(REGEXMATCH($B25,""(?i)arranco""),""Arranco"",IF(REGEXMATCH($B25,""(?i)arremesso""),""Arremesso"","""")) ) ) ) ) ), prs!$A$30:$D$36, 4, FALSE ) ,"""")"),"") | R25: =IFERROR(__xludf.DUMMYFUNCTION("IFERROR( $Q25/ VLOOKUP( IF( REGEXMATCH($B25,""(?i)agachamento""),""Agachamento"", IF( REGEXMATCH($B25,""(?i)supino""),""Supino"", IF( REGEXMATCH($B25,""(?i)terra""),""Terra"", IF( REGEXMATCH($B25,""(?i)desenvolvimento""),""Desenvolvimento"&""", IF( REGEXMATCH($B25,""(?i)remada""),""Remada"", IF(REGEXMATCH($B25,""(?i)arranco""),""Arranco"",IF(REGEXMATCH($B25,""(?i)arremesso""),""Arremesso"","""")) ) ) ) ) ), prs!$A$30:$D$36, 4, FALSE ) ,"""")"),"") | X25: =IFERROR(__xludf.DUMMYFUNCTION("IFERROR( $W25/ VLOOKUP( IF( REGEXMATCH($B25,""(?i)agachamento""),""Agachamento"", IF( REGEXMATCH($B25,""(?i)supino""),""Supino"", IF( REGEXMATCH($B25,""(?i)terra""),""Terra"", IF( REGEXMATCH($B25,""(?i)desenvolvimento""),""Desenvolvimento"&""", IF( REGEXMATCH($B25,""(?i)remada""),""Remada"", IF(REGEXMATCH($B25,""(?i)arranco""),""Arranco"",IF(REGEXMATCH($B25,""(?i)arremesso""),""Arremesso"","""")) ) ) ) ) ), prs!$A$30:$D$36, 4, FALSE ) ,"""")"),"")
F26: =IFERROR(__xludf.DUMMYFUNCTION("IFERROR( $E26/ VLOOKUP( IF( REGEXMATCH($B26,""(?i)agachamento""),""Agachamento"", IF( REGEXMATCH($B26,""(?i)supino""),""Supino"", IF( REGEXMATCH($B26,""(?i)terra""),""Terra"", IF( REGEXMATCH($B26,""(?i)desenvolvimento""),""Desenvolvimento"&""", IF( REGEXMATCH($B26,""(?i)remada""),""Remada"", IF(REGEXMATCH($B26,""(?i)arranco""),""Arranco"",IF(REGEXMATCH($B26,""(?i)arremesso""),""Arremesso"","""")) ) ) ) ) ), prs!$A$30:$D$36, 4, FALSE ) ,"""")"),"") | L26: =IFERROR(__xludf.DUMMYFUNCTION("IFERROR( $E26/ VLOOKUP( IF( REGEXMATCH($B26,""(?i)agachamento""),""Agachamento"", IF( REGEXMATCH($B26,""(?i)supino""),""Supino"", IF( REGEXMATCH($B26,""(?i)terra""),""Terra"", IF( REGEXMATCH($B26,""(?i)desenvolvimento""),""Desenvolvimento"&""", IF( REGEXMATCH($B26,""(?i)remada""),""Remada"", IF(REGEXMATCH($B26,""(?i)arranco""),""Arranco"",IF(REGEXMATCH($B26,""(?i)arremesso""),""Arremesso"","""")) ) ) ) ) ), prs!$A$30:$D$36, 4, FALSE ) ,"""")"),"") | R26: =IFERROR(__xludf.DUMMYFUNCTION("IFERROR( $Q26/ VLOOKUP( IF( REGEXMATCH($B26,""(?i)agachamento""),""Agachamento"", IF( REGEXMATCH($B26,""(?i)supino""),""Supino"", IF( REGEXMATCH($B26,""(?i)terra""),""Terra"", IF( REGEXMATCH($B26,""(?i)desenvolvimento""),""Desenvolvimento"&""", IF( REGEXMATCH($B26,""(?i)remada""),""Remada"", IF(REGEXMATCH($B26,""(?i)arranco""),""Arranco"",IF(REGEXMATCH($B26,""(?i)arremesso""),""Arremesso"","""")) ) ) ) ) ), prs!$A$30:$D$36, 4, FALSE ) ,"""")"),"") | X26: =IFERROR(__xludf.DUMMYFUNCTION("IFERROR( $W26/ VLOOKUP( IF( REGEXMATCH($B26,""(?i)agachamento""),""Agachamento"", IF( REGEXMATCH($B26,""(?i)supino""),""Supino"", IF( REGEXMATCH($B26,""(?i)terra""),""Terra"", IF( REGEXMATCH($B26,""(?i)desenvolvimento""),""Desenvolvimento"&""", IF( REGEXMATCH($B26,""(?i)remada""),""Remada"", IF(REGEXMATCH($B26,""(?i)arranco""),""Arranco"",IF(REGEXMATCH($B26,""(?i)arremesso""),""Arremesso"","""")) ) ) ) ) ), prs!$A$30:$D$36, 4, FALSE ) ,"""")"),"")
F27: =IFERROR(__xludf.DUMMYFUNCTION("IFERROR( $E27/ VLOOKUP( IF( REGEXMATCH($B27,""(?i)agachamento""),""Agachamento"", IF( REGEXMATCH($B27,""(?i)supino""),""Supino"", IF( REGEXMATCH($B27,""(?i)terra""),""Terra"", IF( REGEXMATCH($B27,""(?i)desenvolvimento""),""Desenvolvimento"&""", IF( REGEXMATCH($B27,""(?i)remada""),""Remada"", IF(REGEXMATCH($B27,""(?i)arranco""),""Arranco"",IF(REGEXMATCH($B27,""(?i)arremesso""),""Arremesso"","""")) ) ) ) ) ), prs!$A$30:$D$36, 4, FALSE ) ,"""")"),"") | L27: =IFERROR(__xludf.DUMMYFUNCTION("IFERROR( $E27/ VLOOKUP( IF( REGEXMATCH($B27,""(?i)agachamento""),""Agachamento"", IF( REGEXMATCH($B27,""(?i)supino""),""Supino"", IF( REGEXMATCH($B27,""(?i)terra""),""Terra"", IF( REGEXMATCH($B27,""(?i)desenvolvimento""),""Desenvolvimento"&""", IF( REGEXMATCH($B27,""(?i)remada""),""Remada"", IF(REGEXMATCH($B27,""(?i)arranco""),""Arranco"",IF(REGEXMATCH($B27,""(?i)arremesso""),""Arremesso"","""")) ) ) ) ) ), prs!$A$30:$D$36, 4, FALSE ) ,"""")"),"") | R27: =IFERROR(__xludf.DUMMYFUNCTION("IFERROR( $Q27/ VLOOKUP( IF( REGEXMATCH($B27,""(?i)agachamento""),""Agachamento"", IF( REGEXMATCH($B27,""(?i)supino""),""Supino"", IF( REGEXMATCH($B27,""(?i)terra""),""Terra"", IF( REGEXMATCH($B27,""(?i)desenvolvimento""),""Desenvolvimento"&""", IF( REGEXMATCH($B27,""(?i)remada""),""Remada"", IF(REGEXMATCH($B27,""(?i)arranco""),""Arranco"",IF(REGEXMATCH($B27,""(?i)arremesso""),""Arremesso"","""")) ) ) ) ) ), prs!$A$30:$D$36, 4, FALSE ) ,"""")"),"") | X27: =IFERROR(__xludf.DUMMYFUNCTION("IFERROR( $W27/ VLOOKUP( IF( REGEXMATCH($B27,""(?i)agachamento""),""Agachamento"", IF( REGEXMATCH($B27,""(?i)supino""),""Supino"", IF( REGEXMATCH($B27,""(?i)terra""),""Terra"", IF( REGEXMATCH($B27,""(?i)desenvolvimento""),""Desenvolvimento"&""", IF( REGEXMATCH($B27,""(?i)remada""),""Remada"", IF(REGEXMATCH($B27,""(?i)arranco""),""Arranco"",IF(REGEXMATCH($B27,""(?i)arremesso""),""Arremesso"","""")) ) ) ) ) ), prs!$A$30:$D$36, 4, FALSE ) ,"""")"),"")
F28: =IFERROR(__xludf.DUMMYFUNCTION("IFERROR( $E28/ VLOOKUP( IF( REGEXMATCH($B28,""(?i)agachamento""),""Agachamento"", IF( REGEXMATCH($B28,""(?i)supino""),""Supino"", IF( REGEXMATCH($B28,""(?i)terra""),""Terra"", IF( REGEXMATCH($B28,""(?i)desenvolvimento""),""Desenvolvimento"&""", IF( REGEXMATCH($B28,""(?i)remada""),""Remada"", IF(REGEXMATCH($B28,""(?i)arranco""),""Arranco"",IF(REGEXMATCH($B28,""(?i)arremesso""),""Arremesso"","""")) ) ) ) ) ), prs!$A$30:$D$36, 4, FALSE ) ,"""")"),"") | L28: =IFERROR(__xludf.DUMMYFUNCTION("IFERROR( $E28/ VLOOKUP( IF( REGEXMATCH($B28,""(?i)agachamento""),""Agachamento"", IF( REGEXMATCH($B28,""(?i)supino""),""Supino"", IF( REGEXMATCH($B28,""(?i)terra""),""Terra"", IF( REGEXMATCH($B28,""(?i)desenvolvimento""),""Desenvolvimento"&""", IF( REGEXMATCH($B28,""(?i)remada""),""Remada"", IF(REGEXMATCH($B28,""(?i)arranco""),""Arranco"",IF(REGEXMATCH($B28,""(?i)arremesso""),""Arremesso"","""")) ) ) ) ) ), prs!$A$30:$D$36, 4, FALSE ) ,"""")"),"") | R28: =IFERROR(__xludf.DUMMYFUNCTION("IFERROR( $Q28/ VLOOKUP( IF( REGEXMATCH($B28,""(?i)agachamento""),""Agachamento"", IF( REGEXMATCH($B28,""(?i)supino""),""Supino"", IF( REGEXMATCH($B28,""(?i)terra""),""Terra"", IF( REGEXMATCH($B28,""(?i)desenvolvimento""),""Desenvolvimento"&""", IF( REGEXMATCH($B28,""(?i)remada""),""Remada"", IF(REGEXMATCH($B28,""(?i)arranco""),""Arranco"",IF(REGEXMATCH($B28,""(?i)arremesso""),""Arremesso"","""")) ) ) ) ) ), prs!$A$30:$D$36, 4, FALSE ) ,"""")"),"") | X28: =IFERROR(__xludf.DUMMYFUNCTION("IFERROR( $W28/ VLOOKUP( IF( REGEXMATCH($B28,""(?i)agachamento""),""Agachamento"", IF( REGEXMATCH($B28,""(?i)supino""),""Supino"", IF( REGEXMATCH($B28,""(?i)terra""),""Terra"", IF( REGEXMATCH($B28,""(?i)desenvolvimento""),""Desenvolvimento"&""", IF( REGEXMATCH($B28,""(?i)remada""),""Remada"", IF(REGEXMATCH($B28,""(?i)arranco""),""Arranco"",IF(REGEXMATCH($B28,""(?i)arremesso""),""Arremesso"","""")) ) ) ) ) ), prs!$A$30:$D$36, 4, FALSE ) ,"""")"),"")
F29: =IFERROR(__xludf.DUMMYFUNCTION("IFERROR( $E29/ VLOOKUP( IF( REGEXMATCH($B29,""(?i)agachamento""),""Agachamento"", IF( REGEXMATCH($B29,""(?i)supino""),""Supino"", IF( REGEXMATCH($B29,""(?i)terra""),""Terra"", IF( REGEXMATCH($B29,""(?i)desenvolvimento""),""Desenvolvimento"&""", IF( REGEXMATCH($B29,""(?i)remada""),""Remada"", IF(REGEXMATCH($B29,""(?i)arranco""),""Arranco"",IF(REGEXMATCH($B29,""(?i)arremesso""),""Arremesso"","""")) ) ) ) ) ), prs!$A$30:$D$36, 4, FALSE ) ,"""")"),"") | L29: =IFERROR(__xludf.DUMMYFUNCTION("IFERROR( $E29/ VLOOKUP( IF( REGEXMATCH($B29,""(?i)agachamento""),""Agachamento"", IF( REGEXMATCH($B29,""(?i)supino""),""Supino"", IF( REGEXMATCH($B29,""(?i)terra""),""Terra"", IF( REGEXMATCH($B29,""(?i)desenvolvimento""),""Desenvolvimento"&""", IF( REGEXMATCH($B29,""(?i)remada""),""Remada"", IF(REGEXMATCH($B29,""(?i)arranco""),""Arranco"",IF(REGEXMATCH($B29,""(?i)arremesso""),""Arremesso"","""")) ) ) ) ) ), prs!$A$30:$D$36, 4, FALSE ) ,"""")"),"") | R29: =IFERROR(__xludf.DUMMYFUNCTION("IFERROR( $Q29/ VLOOKUP( IF( REGEXMATCH($B29,""(?i)agachamento""),""Agachamento"", IF( REGEXMATCH($B29,""(?i)supino""),""Supino"", IF( REGEXMATCH($B29,""(?i)terra""),""Terra"", IF( REGEXMATCH($B29,""(?i)desenvolvimento""),""Desenvolvimento"&""", IF( REGEXMATCH($B29,""(?i)remada""),""Remada"", IF(REGEXMATCH($B29,""(?i)arranco""),""Arranco"",IF(REGEXMATCH($B29,""(?i)arremesso""),""Arremesso"","""")) ) ) ) ) ), prs!$A$30:$D$36, 4, FALSE ) ,"""")"),"") | X29: =IFERROR(__xludf.DUMMYFUNCTION("IFERROR( $W29/ VLOOKUP( IF( REGEXMATCH($B29,""(?i)agachamento""),""Agachamento"", IF( REGEXMATCH($B29,""(?i)supino""),""Supino"", IF( REGEXMATCH($B29,""(?i)terra""),""Terra"", IF( REGEXMATCH($B29,""(?i)desenvolvimento""),""Desenvolvimento"&""", IF( REGEXMATCH($B29,""(?i)remada""),""Remada"", IF(REGEXMATCH($B29,""(?i)arranco""),""Arranco"",IF(REGEXMATCH($B29,""(?i)arremesso""),""Arremesso"","""")) ) ) ) ) ), prs!$A$30:$D$36, 4, FALSE ) ,"""")"),"")
F30: =IFERROR(__xludf.DUMMYFUNCTION("IFERROR( $E30/ VLOOKUP( IF( REGEXMATCH($B30,""(?i)agachamento""),""Agachamento"", IF( REGEXMATCH($B30,""(?i)supino""),""Supino"", IF( REGEXMATCH($B30,""(?i)terra""),""Terra"", IF( REGEXMATCH($B30,""(?i)desenvolvimento""),""Desenvolvimento"&""", IF( REGEXMATCH($B30,""(?i)remada""),""Remada"", IF(REGEXMATCH($B30,""(?i)arranco""),""Arranco"",IF(REGEXMATCH($B30,""(?i)arremesso""),""Arremesso"","""")) ) ) ) ) ), prs!$A$30:$D$36, 4, FALSE ) ,"""")"),"") | L30: =IFERROR(__xludf.DUMMYFUNCTION("IFERROR( $E30/ VLOOKUP( IF( REGEXMATCH($B30,""(?i)agachamento""),""Agachamento"", IF( REGEXMATCH($B30,""(?i)supino""),""Supino"", IF( REGEXMATCH($B30,""(?i)terra""),""Terra"", IF( REGEXMATCH($B30,""(?i)desenvolvimento""),""Desenvolvimento"&""", IF( REGEXMATCH($B30,""(?i)remada""),""Remada"", IF(REGEXMATCH($B30,""(?i)arranco""),""Arranco"",IF(REGEXMATCH($B30,""(?i)arremesso""),""Arremesso"","""")) ) ) ) ) ), prs!$A$30:$D$36, 4, FALSE ) ,"""")"),"") | R30: =IFERROR(__xludf.DUMMYFUNCTION("IFERROR( $Q30/ VLOOKUP( IF( REGEXMATCH($B30,""(?i)agachamento""),""Agachamento"", IF( REGEXMATCH($B30,""(?i)supino""),""Supino"", IF( REGEXMATCH($B30,""(?i)terra""),""Terra"", IF( REGEXMATCH($B30,""(?i)desenvolvimento""),""Desenvolvimento"&""", IF( REGEXMATCH($B30,""(?i)remada""),""Remada"", IF(REGEXMATCH($B30,""(?i)arranco""),""Arranco"",IF(REGEXMATCH($B30,""(?i)arremesso""),""Arremesso"","""")) ) ) ) ) ), prs!$A$30:$D$36, 4, FALSE ) ,"""")"),"") | X30: =IFERROR(__xludf.DUMMYFUNCTION("IFERROR( $W30/ VLOOKUP( IF( REGEXMATCH($B30,""(?i)agachamento""),""Agachamento"", IF( REGEXMATCH($B30,""(?i)supino""),""Supino"", IF( REGEXMATCH($B30,""(?i)terra""),""Terra"", IF( REGEXMATCH($B30,""(?i)desenvolvimento""),""Desenvolvimento"&""", IF( REGEXMATCH($B30,""(?i)remada""),""Remada"", IF(REGEXMATCH($B30,""(?i)arranco""),""Arranco"",IF(REGEXMATCH($B30,""(?i)arremesso""),""Arremesso"","""")) ) ) ) ) ), prs!$A$30:$D$36, 4, FALSE ) ,"""")"),"")
C31: SEMANA 01 | I31: SEMANA 02 | O31: SEMANA 03 | U31: SEMANA 04
A33: TREINO 03
C34: SETS | D34: REPS | E34: KG | F34: %1RM | G34: OBS | I34: SETS | J34: REPS | K34: KG | L34: %1RM | M34: OBS | O34: SETS | P34: REPS | Q34: KG | R34: %1RM | S34: OBS | U34: SETS | V34: REPS | W34: KG | X34: %1RM | Y34: OBS
B35: exercícios | F35: pse | L35: pse | R35: pse | X35: pse
F36: =IFERROR(__xludf.DUMMYFUNCTION("IFERROR( $E36/ VLOOKUP( IF( REGEXMATCH($B36,""(?i)agachamento""),""Agachamento"", IF( REGEXMATCH($B36,""(?i)supino""),""Supino"", IF( REGEXMATCH($B36,""(?i)terra""),""Terra"", IF( REGEXMATCH($B36,""(?i)desenvolvimento""),""Desenvolvimento"&""", IF( REGEXMATCH($B36,""(?i)remada""),""Remada"", IF(REGEXMATCH($B36,""(?i)arranco""),""Arranco"",IF(REGEXMATCH($B36,""(?i)arremesso""),""Arremesso"","""")) ) ) ) ) ), prs!$A$30:$D$36, 4, FALSE ) ,"""")"),"") | L36: =IFERROR(__xludf.DUMMYFUNCTION("IFERROR( $E36/ VLOOKUP( IF( REGEXMATCH($B36,""(?i)agachamento""),""Agachamento"", IF( REGEXMATCH($B36,""(?i)supino""),""Supino"", IF( REGEXMATCH($B36,""(?i)terra""),""Terra"", IF( REGEXMATCH($B36,""(?i)desenvolvimento""),""Desenvolvimento"&""", IF( REGEXMATCH($B36,""(?i)remada""),""Remada"", IF(REGEXMATCH($B36,""(?i)arranco""),""Arranco"",IF(REGEXMATCH($B36,""(?i)arremesso""),""Arremesso"","""")) ) ) ) ) ), prs!$A$30:$D$36, 4, FALSE ) ,"""")"),"") | R36: =IFERROR(__xludf.DUMMYFUNCTION("IFERROR( $Q36/ VLOOKUP( IF( REGEXMATCH($B36,""(?i)agachamento""),""Agachamento"", IF( REGEXMATCH($B36,""(?i)supino""),""Supino"", IF( REGEXMATCH($B36,""(?i)terra""),""Terra"", IF( REGEXMATCH($B36,""(?i)desenvolvimento""),""Desenvolvimento"&""", IF( REGEXMATCH($B36,""(?i)remada""),""Remada"", IF(REGEXMATCH($B36,""(?i)arranco""),""Arranco"",IF(REGEXMATCH($B36,""(?i)arremesso""),""Arremesso"","""")) ) ) ) ) ), prs!$A$30:$D$36, 4, FALSE ) ,"""")"),"") | X36: =IFERROR(__xludf.DUMMYFUNCTION("IFERROR( $W36/ VLOOKUP( IF( REGEXMATCH($B36,""(?i)agachamento""),""Agachamento"", IF( REGEXMATCH($B36,""(?i)supino""),""Supino"", IF( REGEXMATCH($B36,""(?i)terra""),""Terra"", IF( REGEXMATCH($B36,""(?i)desenvolvimento""),""Desenvolvimento"&""", IF( REGEXMATCH($B36,""(?i)remada""),""Remada"", IF(REGEXMATCH($B36,""(?i)arranco""),""Arranco"",IF(REGEXMATCH($B36,""(?i)arremesso""),""Arremesso"","""")) ) ) ) ) ), prs!$A$30:$D$36, 4, FALSE ) ,"""")"),"")
F37: =IFERROR(__xludf.DUMMYFUNCTION("IFERROR( $E37/ VLOOKUP( IF( REGEXMATCH($B37,""(?i)agachamento""),""Agachamento"", IF( REGEXMATCH($B37,""(?i)supino""),""Supino"", IF( REGEXMATCH($B37,""(?i)terra""),""Terra"", IF( REGEXMATCH($B37,""(?i)desenvolvimento""),""Desenvolvimento"&""", IF( REGEXMATCH($B37,""(?i)remada""),""Remada"", IF(REGEXMATCH($B37,""(?i)arranco""),""Arranco"",IF(REGEXMATCH($B37,""(?i)arremesso""),""Arremesso"","""")) ) ) ) ) ), prs!$A$30:$D$36, 4, FALSE ) ,"""")"),"") | L37: =IFERROR(__xludf.DUMMYFUNCTION("IFERROR( $E37/ VLOOKUP( IF( REGEXMATCH($B37,""(?i)agachamento""),""Agachamento"", IF( REGEXMATCH($B37,""(?i)supino""),""Supino"", IF( REGEXMATCH($B37,""(?i)terra""),""Terra"", IF( REGEXMATCH($B37,""(?i)desenvolvimento""),""Desenvolvimento"&""", IF( REGEXMATCH($B37,""(?i)remada""),""Remada"", IF(REGEXMATCH($B37,""(?i)arranco""),""Arranco"",IF(REGEXMATCH($B37,""(?i)arremesso""),""Arremesso"","""")) ) ) ) ) ), prs!$A$30:$D$36, 4, FALSE ) ,"""")"),"") | R37: =IFERROR(__xludf.DUMMYFUNCTION("IFERROR( $Q37/ VLOOKUP( IF( REGEXMATCH($B37,""(?i)agachamento""),""Agachamento"", IF( REGEXMATCH($B37,""(?i)supino""),""Supino"", IF( REGEXMATCH($B37,""(?i)terra""),""Terra"", IF( REGEXMATCH($B37,""(?i)desenvolvimento""),""Desenvolvimento"&""", IF( REGEXMATCH($B37,""(?i)remada""),""Remada"", IF(REGEXMATCH($B37,""(?i)arranco""),""Arranco"",IF(REGEXMATCH($B37,""(?i)arremesso""),""Arremesso"","""")) ) ) ) ) ), prs!$A$30:$D$36, 4, FALSE ) ,"""")"),"") | X37: =IFERROR(__xludf.DUMMYFUNCTION("IFERROR( $W37/ VLOOKUP( IF( REGEXMATCH($B37,""(?i)agachamento""),""Agachamento"", IF( REGEXMATCH($B37,""(?i)supino""),""Supino"", IF( REGEXMATCH($B37,""(?i)terra""),""Terra"", IF( REGEXMATCH($B37,""(?i)desenvolvimento""),""Desenvolvimento"&""", IF( REGEXMATCH($B37,""(?i)remada""),""Remada"", IF(REGEXMATCH($B37,""(?i)arranco""),""Arranco"",IF(REGEXMATCH($B37,""(?i)arremesso""),""Arremesso"","""")) ) ) ) ) ), prs!$A$30:$D$36, 4, FALSE ) ,"""")"),"")
F38: =IFERROR(__xludf.DUMMYFUNCTION("IFERROR( $E38/ VLOOKUP( IF( REGEXMATCH($B38,""(?i)agachamento""),""Agachamento"", IF( REGEXMATCH($B38,""(?i)supino""),""Supino"", IF( REGEXMATCH($B38,""(?i)terra""),""Terra"", IF( REGEXMATCH($B38,""(?i)desenvolvimento""),""Desenvolvimento"&""", IF( REGEXMATCH($B38,""(?i)remada""),""Remada"", IF(REGEXMATCH($B38,""(?i)arranco""),""Arranco"",IF(REGEXMATCH($B38,""(?i)arremesso""),""Arremesso"","""")) ) ) ) ) ), prs!$A$30:$D$36, 4, FALSE ) ,"""")"),"") | L38: =IFERROR(__xludf.DUMMYFUNCTION("IFERROR( $E38/ VLOOKUP( IF( REGEXMATCH($B38,""(?i)agachamento""),""Agachamento"", IF( REGEXMATCH($B38,""(?i)supino""),""Supino"", IF( REGEXMATCH($B38,""(?i)terra""),""Terra"", IF( REGEXMATCH($B38,""(?i)desenvolvimento""),""Desenvolvimento"&""", IF( REGEXMATCH($B38,""(?i)remada""),""Remada"", IF(REGEXMATCH($B38,""(?i)arranco""),""Arranco"",IF(REGEXMATCH($B38,""(?i)arremesso""),""Arremesso"","""")) ) ) ) ) ), prs!$A$30:$D$36, 4, FALSE ) ,"""")"),"") | R38: =IFERROR(__xludf.DUMMYFUNCTION("IFERROR( $Q38/ VLOOKUP( IF( REGEXMATCH($B38,""(?i)agachamento""),""Agachamento"", IF( REGEXMATCH($B38,""(?i)supino""),""Supino"", IF( REGEXMATCH($B38,""(?i)terra""),""Terra"", IF( REGEXMATCH($B38,""(?i)desenvolvimento""),""Desenvolvimento"&""", IF( REGEXMATCH($B38,""(?i)remada""),""Remada"", IF(REGEXMATCH($B38,""(?i)arranco""),""Arranco"",IF(REGEXMATCH($B38,""(?i)arremesso""),""Arremesso"","""")) ) ) ) ) ), prs!$A$30:$D$36, 4, FALSE ) ,"""")"),"") | X38: =IFERROR(__xludf.DUMMYFUNCTION("IFERROR( $W38/ VLOOKUP( IF( REGEXMATCH($B38,""(?i)agachamento""),""Agachamento"", IF( REGEXMATCH($B38,""(?i)supino""),""Supino"", IF( REGEXMATCH($B38,""(?i)terra""),""Terra"", IF( REGEXMATCH($B38,""(?i)desenvolvimento""),""Desenvolvimento"&""", IF( REGEXMATCH($B38,""(?i)remada""),""Remada"", IF(REGEXMATCH($B38,""(?i)arranco""),""Arranco"",IF(REGEXMATCH($B38,""(?i)arremesso""),""Arremesso"","""")) ) ) ) ) ), prs!$A$30:$D$36, 4, FALSE ) ,"""")"),"")
F39: =IFERROR(__xludf.DUMMYFUNCTION("IFERROR( $E39/ VLOOKUP( IF( REGEXMATCH($B39,""(?i)agachamento""),""Agachamento"", IF( REGEXMATCH($B39,""(?i)supino""),""Supino"", IF( REGEXMATCH($B39,""(?i)terra""),""Terra"", IF( REGEXMATCH($B39,""(?i)desenvolvimento""),""Desenvolvimento"&""", IF( REGEXMATCH($B39,""(?i)remada""),""Remada"", IF(REGEXMATCH($B39,""(?i)arranco""),""Arranco"",IF(REGEXMATCH($B39,""(?i)arremesso""),""Arremesso"","""")) ) ) ) ) ), prs!$A$30:$D$36, 4, FALSE ) ,"""")"),"") | L39: =IFERROR(__xludf.DUMMYFUNCTION("IFERROR( $E39/ VLOOKUP( IF( REGEXMATCH($B39,""(?i)agachamento""),""Agachamento"", IF( REGEXMATCH($B39,""(?i)supino""),""Supino"", IF( REGEXMATCH($B39,""(?i)terra""),""Terra"", IF( REGEXMATCH($B39,""(?i)desenvolvimento""),""Desenvolvimento"&""", IF( REGEXMATCH($B39,""(?i)remada""),""Remada"", IF(REGEXMATCH($B39,""(?i)arranco""),""Arranco"",IF(REGEXMATCH($B39,""(?i)arremesso""),""Arremesso"","""")) ) ) ) ) ), prs!$A$30:$D$36, 4, FALSE ) ,"""")"),"") | R39: =IFERROR(__xludf.DUMMYFUNCTION("IFERROR( $Q39/ VLOOKUP( IF( REGEXMATCH($B39,""(?i)agachamento""),""Agachamento"", IF( REGEXMATCH($B39,""(?i)supino""),""Supino"", IF( REGEXMATCH($B39,""(?i)terra""),""Terra"", IF( REGEXMATCH($B39,""(?i)desenvolvimento""),""Desenvolvimento"&""", IF( REGEXMATCH($B39,""(?i)remada""),""Remada"", IF(REGEXMATCH($B39,""(?i)arranco""),""Arranco"",IF(REGEXMATCH($B39,""(?i)arremesso""),""Arremesso"","""")) ) ) ) ) ), prs!$A$30:$D$36, 4, FALSE ) ,"""")"),"") | X39: =IFERROR(__xludf.DUMMYFUNCTION("IFERROR( $W39/ VLOOKUP( IF( REGEXMATCH($B39,""(?i)agachamento""),""Agachamento"", IF( REGEXMATCH($B39,""(?i)supino""),""Supino"", IF( REGEXMATCH($B39,""(?i)terra""),""Terra"", IF( REGEXMATCH($B39,""(?i)desenvolvimento""),""Desenvolvimento"&""", IF( REGEXMATCH($B39,""(?i)remada""),""Remada"", IF(REGEXMATCH($B39,""(?i)arranco""),""Arranco"",IF(REGEXMATCH($B39,""(?i)arremesso""),""Arremesso"","""")) ) ) ) ) ), prs!$A$30:$D$36, 4, FALSE ) ,"""")"),"")
F40: =IFERROR(__xludf.DUMMYFUNCTION("IFERROR( $E40/ VLOOKUP( IF( REGEXMATCH($B40,""(?i)agachamento""),""Agachamento"", IF( REGEXMATCH($B40,""(?i)supino""),""Supino"", IF( REGEXMATCH($B40,""(?i)terra""),""Terra"", IF( REGEXMATCH($B40,""(?i)desenvolvimento""),""Desenvolvimento"&""", IF( REGEXMATCH($B40,""(?i)remada""),""Remada"", IF(REGEXMATCH($B40,""(?i)arranco""),""Arranco"",IF(REGEXMATCH($B40,""(?i)arremesso""),""Arremesso"","""")) ) ) ) ) ), prs!$A$30:$D$36, 4, FALSE ) ,"""")"),"") | L40: =IFERROR(__xludf.DUMMYFUNCTION("IFERROR( $E40/ VLOOKUP( IF( REGEXMATCH($B40,""(?i)agachamento""),""Agachamento"", IF( REGEXMATCH($B40,""(?i)supino""),""Supino"", IF( REGEXMATCH($B40,""(?i)terra""),""Terra"", IF( REGEXMATCH($B40,""(?i)desenvolvimento""),""Desenvolvimento"&""", IF( REGEXMATCH($B40,""(?i)remada""),""Remada"", IF(REGEXMATCH($B40,""(?i)arranco""),""Arranco"",IF(REGEXMATCH($B40,""(?i)arremesso""),""Arremesso"","""")) ) ) ) ) ), prs!$A$30:$D$36, 4, FALSE ) ,"""")"),"") | R40: =IFERROR(__xludf.DUMMYFUNCTION("IFERROR( $Q40/ VLOOKUP( IF( REGEXMATCH($B40,""(?i)agachamento""),""Agachamento"", IF( REGEXMATCH($B40,""(?i)supino""),""Supino"", IF( REGEXMATCH($B40,""(?i)terra""),""Terra"", IF( REGEXMATCH($B40,""(?i)desenvolvimento""),""Desenvolvimento"&""", IF( REGEXMATCH($B40,""(?i)remada""),""Remada"", IF(REGEXMATCH($B40,""(?i)arranco""),""Arranco"",IF(REGEXMATCH($B40,""(?i)arremesso""),""Arremesso"","""")) ) ) ) ) ), prs!$A$30:$D$36, 4, FALSE ) ,"""")"),"") | X40: =IFERROR(__xludf.DUMMYFUNCTION("IFERROR( $W40/ VLOOKUP( IF( REGEXMATCH($B40,""(?i)agachamento""),""Agachamento"", IF( REGEXMATCH($B40,""(?i)supino""),""Supino"", IF( REGEXMATCH($B40,""(?i)terra""),""Terra"", IF( REGEXMATCH($B40,""(?i)desenvolvimento""),""Desenvolvimento"&""", IF( REGEXMATCH($B40,""(?i)remada""),""Remada"", IF(REGEXMATCH($B40,""(?i)arranco""),""Arranco"",IF(REGEXMATCH($B40,""(?i)arremesso""),""Arremesso"","""")) ) ) ) ) ), prs!$A$30:$D$36, 4, FALSE ) ,"""")"),"")
