Workbook

Sheet início
B1: FORÇA & INTELIGÊNCIA
B2: ='aluno 01'!C2
B4: OBJETIVO | E4: HOJE
B5: ='aluno 01'!C3 | E5: =IF(COUNT(macro!B6:M6)=0,"",IF(TODAY()<macro!B6,"Começa em "&TEXT(macro!B6,"dd/mm"),"Semana "&TEXT(MIN(COUNT(macro!B6:M6),MATCH(TODAY(),macro!B6:M6)),"00")))
B7: BLOCOS
C8: INÍCIO | D8: FIM
B9: Bloco 01 | C9: =macro!B6 | D9: =macro!B6+27 | E9: =IF(macro!B6="","",IF(TODAY()<macro!B6,"próximo",IF(TODAY()<=macro!B6+27,"em andamento","concluído")))
B10: Bloco 02 | C10: =macro!F6 | D10: =macro!F6+27 | E10: =IF(macro!F6="","",IF(TODAY()<macro!F6,"próximo",IF(TODAY()<=macro!F6+27,"em andamento","concluído")))
B11: Bloco 03 | C11: =macro!J6 | D11: =macro!J6+27 | E11: =IF(macro!J6="","",IF(TODAY()<macro!J6,"próximo",IF(TODAY()<=macro!J6+27,"em andamento","concluído")))
B13: 1RM ESTIMADO (KG)
C14: BLOCO 01 | D14: BLOCO 02 | E14: BLOCO 03
B15: Agachamento | C15: =IF(N(prs!D6)>0,ROUND(prs!D6),"") | D15: =IF(N(prs!D18)>0,ROUND(prs!D18),"") | E15: =IF(N(prs!D30)>0,ROUND(prs!D30),"")
B16: Supino | C16: =IF(N(prs!D7)>0,ROUND(prs!D7),"") | D16: =IF(N(prs!D19)>0,ROUND(prs!D19),"") | E16: =IF(N(prs!D31)>0,ROUND(prs!D31),"")
B17: Terra | C17: =IF(N(prs!D8)>0,ROUND(prs!D8),"") | D17: =IF(N(prs!D20)>0,ROUND(prs!D20),"") | E17: =IF(N(prs!D32)>0,ROUND(prs!D32),"")
B18: Desenvolvimento | C18: =IF(N(prs!D9)>0,ROUND(prs!D9),"") | D18: =IF(N(prs!D21)>0,ROUND(prs!D21),"") | E18: =IF(N(prs!D33)>0,ROUND(prs!D33),"")
B19: Remada | C19: =IF(N(prs!D10)>0,ROUND(prs!D10),"") | D19: =IF(N(prs!D22)>0,ROUND(prs!D22),"") | E19: =IF(N(prs!D34)>0,ROUND(prs!D34),"")
B20: Arranco | C20: =IF(N(prs!D11)>0,ROUND(prs!D11),"") | D20: =IF(N(prs!D23)>0,ROUND(prs!D23),"") | E20: =IF(N(prs!D35)>0,ROUND(prs!D35),"")
B21: Arremesso | C21: =IF(N(prs!D12)>0,ROUND(prs!D12),"") | D21: =IF(N(prs!D24)>0,ROUND(prs!D24),"") | E21: =IF(N(prs!D36)>0,ROUND(prs!D36),"")
B23: KG POR SEMANA
B24: =IFERROR(__xludf.DUMMYFUNCTION("SPARKLINE(macro!B3:M3,{""charttype"",""column"";""color"",""black"";""empty"",""zero""})"),"")

Sheet aluno 01
B1: PLANILHA DE TREINAMENTO
B2: NOME
B3: OBJETIVO
B5: SEGUNDA | C5: TERÇA | D5: QUARTA | E5: QUINTA | F5: SEXTA
A8: OBS
A11: AQC
B12: SETS | C12: REPS / TEMPO | D12: KG | E12: OBS
A16: ='bloco 01'!C3
A17: SEMANA 01
A18: TREINO 01
B19: SETS | C19: REPS | D19: KG | E19: %1RM / PSE | F19: OBS
A20: ='bloco 01'!$B$6 | B20: ='bloco 01'!C6 | C20: ='bloco 01'!D6 | D20: ='bloco 01'!E6 | E20: =IFERROR(('bloco 01'!F6),"") | F20: ='bloco 01'!G6
A21: ='bloco 01'!$B$7 | B21: ='bloco 01'!C7 | C21: ='bloco 01'!D7 | D21: ='bloco 01'!E7 | E21: =IFERROR(('bloco 01'!F7),"") | F21: ='bloco 01'!G7
A22: ='bloco 01'!$B$8 | B22: ='bloco 01'!C8 | C22: ='bloco 01'!D8 | D22: ='bloco 01'!E8 | E22: =IFERROR(('bloco 01'!F8),"") | F22: ='bloco 01'!G8
A23: ='bloco 01'!$B$9 | B23: ='bloco 01'!C9 | C23: ='bloco 01'!D9 | D23: ='bloco 01'!E9 | E23: =IFERROR(('bloco 01'!F9),"") | F23: ='bloco 01'!G9
A24: ='bloco 01'!$B$10 | B24: ='bloco 01'!C10 | C24: ='bloco 01'!D10 | D24: ='bloco 01'!E10 | E24: =IFERROR(('bloco 01'!F10),"") | F24: ='bloco 01'!G10
A25: ='bloco 01'!$B$11 | B25: ='bloco 01'!C11 | C25: ='bloco 01'!D11 | D25: ='bloco 01'!E11 | E25: =IFERROR(('bloco 01'!F11),"") | F25: ='bloco 01'!G11
A26: ='bloco 01'!$B$12 | B26: ='bloco 01'!C12 | C26: ='bloco 01'!D12 | D26: ='bloco 01'!E12 | E26: =IFERROR(('bloco 01'!F12),"") | F26: ='bloco 01'!G12
A27: ='bloco 01'!$B$13 | B27: ='bloco 01'!C13 | C27: ='bloco 01'!D13 | D27: ='bloco 01'!E13 | E27: =IFERROR(('bloco 01'!F13),"") | F27: ='bloco 01'!G13
A28: ='bloco 01'!$B$14 | B28: ='bloco 01'!C14 | C28: ='bloco 01'!D14 | D28: ='bloco 01'!E14 | E28: =IFERROR(('bloco 01'!F14),"") | F28: ='bloco 01'!G14
A29: ='bloco 01'!$B$15 | B29: ='bloco 01'!C15 | C29: ='bloco 01'!D15 | D29: ='bloco 01'!E15 | E29: =IFERROR(('bloco 01'!F15),"") | F29: ='bloco 01'!G15
A30: TREINO 02
B31: SETS | C31: REPS | D31: KG | E31: %1RM / PSE | F31: OBS
A32: ='bloco 01'!$B$21 | B32: ='bloco 01'!C21 | C32: ='bloco 01'!D21 | D32: ='bloco 01'!E21 | E32: =IFERROR(('bloco 01'!F21),"") | F32: ='bloco 01'!G21
A33: ='bloco 01'!$B$22 | B33: ='bloco 01'!C22 | C33: ='bloco 01'!D22 | D33: ='bloco 01'!E22 | E33: =IFERROR(('bloco 01'!F22),"") | F33: ='bloco 01'!G22
A34: ='bloco 01'!$B$23 | B34: ='bloco 01'!C23 | C34: ='bloco 01'!D23 | D34: ='bloco 01'!E23 | E34: =IFERROR(('bloco 01'!F23),"") | F34: ='bloco 01'!G23
A35: ='bloco 01'!$B$24 | B35: ='bloco 01'!C24 | C35: ='bloco 01'!D24 | D35: ='bloco 01'!E24 | E35: =IFERROR(('bloco 01'!F24),"") | F35: ='bloco 01'!G24
A36: ='bloco 01'!$B$25 | B36: ='bloco 01'!C25 | C36: ='bloco 01'!D25 | D36: ='bloco 01'!E25 | E36: =IFERROR(('bloco 01'!F25),"") | F36: ='bloco 01'!G25
A37: ='bloco 01'!$B$26 | B37: ='bloco 01'!C26 | C37: ='bloco 01'!D26 | D37: ='bloco 01'!E26 | E37: =IFERROR(('bloco 01'!F26),"") | F37: ='bloco 01'!G26
A38: ='bloco 01'!$B$27 | B38: ='bloco 01'!C27 | C38: ='bloco 01'!D27 | D38: ='bloco 01'!E27 | E38: =IFERROR(('bloco 01'!F27),"") | F38: ='bloco 01'!G27
A39: ='bloco 01'!$B$28 | B39: ='bloco 01'!C28 | C39: ='bloco 01'!D28 | D39: ='bloco 01'!E28 | E39: =IFERROR(('bloco 01'!F28),"") | F39: ='bloco 01'!G28
A40: ='bloco 01'!$B$29 | B40: ='bloco 01'!C29 | C40: ='bloco 01'!D29 | D40: ='bloco 01'!E29 | E40: =IFERROR(('bloco 01'!F29),"") | F40: ='bloco 01'!G29
A41: ='bloco 01'!$B$30 | B41: ='bloco 01'!C30 | C41: ='bloco 01'!D30 | D41: ='bloco 01'!E30 | E41: =IFERROR(('bloco 01'!F30),"") | F41: ='bloco 01'!G30
A42: TREINO 03
B43: SETS | C43: REPS | D43: KG | E43: %1RM / PSE | F43: OBS
A44: ='bloco 01'!$B$36 | B44: ='bloco 01'!C36 | C44: ='bloco 01'!D36 | D44: ='bloco 01'!E36 | E44: =IFERROR(('bloco 01'!F36),"") | F44: ='bloco 01'!G36
A45: ='bloco 01'!$B$37 | B45: ='bloco 01'!C37 | C45: ='bloco 01'!D37 | D45: ='bloco 01'!E37 | E45: =IFERROR(('bloco 01'!F37),"") | F45: ='bloco 01'!G37
A46: ='bloco 01'!$B$38 | B46: ='bloco 01'!C38 | C46: ='bloco 01'!D38 | D46: ='bloco 01'!E38 | E46: =IFERROR(('bloco 01'!F38),"") | F46: ='bloco 01'!G38
A47: ='bloco 01'!$B$39 | B47: ='bloco 01'!C39 | C47: ='bloco 01'!D39 | D47: ='bloco 01'!E39 | E47: =IFERROR(('bloco 01'!F39),"") | F47: ='bloco 01'!G39
A48: ='bloco 01'!$B$40 | B48: ='bloco 01'!C40 | C48: ='bloco 01'!D40 | D48: ='bloco 01'!E40 | E48: =IFERROR(('bloco 01'!F40),"") | F48: ='bloco 01'!G40
A49: ='bloco 01'!$B$41 | B49: ='bloco 01'!C41 | C49: ='bloco 01'!D41 | D49: ='bloco 01'!E41 | E49: =IFERROR(('bloco 01'!F41),"") | F49: ='bloco 01'!G41
A50: ='bloco 01'!$B$42 | B50: ='bloco 01'!C42 | C50: ='bloco 01'!D42 | D50: ='bloco 01'!E42 | E50: =IFERROR(('bloco 01'!F42),"") | F50: ='bloco 01'!G42
A51: ='bloco 01'!$B$43 | B51: ='bloco 01'!C43 | C51: ='bloco 01'!D43 | D51: ='bloco 01'!E43 | E51: =IFERROR(('bloco 01'!F43),"") | F51: ='bloco 01'!G43
A52: ='bloco 01'!$B$44 | B52: ='bloco 01'!C44 | C52: ='bloco 01'!D44 | D52: ='bloco 01'!E44 | E52: =IFERROR(('bloco 01'!F44),"") | F52: ='bloco 01'!G44
A53: ='bloco 01'!$B$45 | B53: ='bloco 01'!C45 | C53: ='bloco 01'!D45 | D53: ='bloco 01'!E45 | E53: =IFERROR(('bloco 01'!F45),"") | F53: ='bloco 01'!G45
A54: ='bloco 01'!J3
A55: SEMANA 02
A56: TREINO 01
B57: SETS | C57: REPS | D57: KG | E57: %1RM / PSE | F57: OBS
A58: ='bloco 01'!$I$6 | B58: ='bloco 01'!J6 | C58: ='bloco 01'!K6 | D58: ='bloco 01'!L6 | E58: =IFERROR(('bloco 01'!M6),"") | F58: ='bloco 01'!N6
A59: ='bloco 01'!$I$7 | B59: ='bloco 01'!J7 | C59: ='bloco 01'!K7 | D59: ='bloco 01'!L7 | E59: =IFERROR(('bloco 01'!M7),"") | F59: ='bloco 01'!N7
A60: ='bloco 01'!$I$8 | B60: ='bloco 01'!J8 | C60: ='bloco 01'!K8 | D60: ='bloco 01'!L8 | E60: =IFERROR(('bloco 01'!M8),"") | F60: ='bloco 01'!N8
A61: ='bloco 01'!$I$9 | B61: ='bloco 01'!J9 | C61: ='bloco 01'!K9 | D61: ='bloco 01'!L9 | E61: =IFERROR(('bloco 01'!M9),"") | F61: ='bloco 01'!N9
A62: ='bloco 01'!$I$10 | B62: ='bloco 01'!J10 | C62: ='bloco 01'!K10 | D62: ='bloco 01'!L10 | E62: =IFERROR(('bloco 01'!M10),"") | F62: ='bloco 01'!N10
A63: ='bloco 01'!$I$11 | B63: ='bloco 01'!J11 | C63: ='bloco 01'!K11 | D63: ='bloco 01'!L11 | E63: =IFERROR(('bloco 01'!M11),"") | F63: ='bloco 01'!N11
A64: ='bloco 01'!$I$12 | B64: ='bloco 01'!J12 | C64: ='bloco 01'!K12 | D64: ='bloco 01'!L12 | E64: =IFERROR(('bloco 01'!M12),"") | F64: ='bloco 01'!N12
A65: ='bloco 01'!$I$13 | B65: ='bloco 01'!J13 | C65: ='bloco 01'!K13 | D65: ='bloco 01'!L13 | E65: =IFERROR(('bloco 01'!M13),"") | F65: ='bloco 01'!N13
A66: ='bloco 01'!$I$14 | B66: ='bloco 01'!J14 | C66: ='bloco 01'!K14 | D66: ='bloco 01'!L14 | E66: =IFERROR(('bloco 01'!M14),"") | F66: ='bloco 01'!N14
A67: ='bloco 01'!$I$15 | B67: ='bloco 01'!J15 | C67: ='bloco 01'!K15 | D67: ='bloco 01'!L15 | E67: =IFERROR(('bloco 01'!M15),"") | F67: ='bloco 01'!N15
A68: TREINO 02
B69: SETS | C69: REPS | D69: KG | E69: %1RM / PSE | F69: OBS
A70: ='bloco 01'!$I$21 | B70: ='bloco 01'!J21 | C70: ='bloco 01'!K21 | D70: ='bloco 01'!L21 | E70: =IFERROR(('bloco 01'!M21),"") | F70: ='bloco 01'!N21
A71: ='bloco 01'!$I$22 | B71: ='bloco 01'!J22 | C71: ='bloco 01'!K22 | D71: ='bloco 01'!L22 | E71: =IFERROR(('bloco 01'!M22),"") | F71: ='bloco 01'!N22
A72: ='bloco 01'!$I$23 | B72: ='bloco 01'!J23 | C72: ='bloco 01'!K23 | D72: ='bloco 01'!L23 | E72: =IFERROR(('bloco 01'!M23),"") | F72: ='bloco 01'!N23
A73: ='bloco 01'!$I$24 | B73: ='bloco 01'!J24 | C73: ='bloco 01'!K24 | D73: ='bloco 01'!L24 | E73: =IFERROR(('bloco 01'!M24),"") | F73: ='bloco 01'!N24
A74: ='bloco 01'!$I$25 | B74: ='bloco 01'!J25 | C74: ='bloco 01'!K25 | D74: ='bloco 01'!L25 | E74: =IFERROR(('bloco 01'!M25),"") | F74: ='bloco 01'!N25
A75: ='bloco 01'!$I$26 | B75: ='bloco 01'!J26 | C75: ='bloco 01'!K26 | D75: ='bloco 01'!L26 | E75: =IFERROR(('bloco 01'!M26),"") | F75: ='bloco 01'!N26
A76: ='bloco 01'!$I$27 | B76: ='bloco 01'!J27 | C76: ='bloco 01'!K27 | D76: ='bloco 01'!L27 | E76: =IFERROR(('bloco 01'!M27),"") | F76: ='bloco 01'!N27
A77: ='bloco 01'!$I$28 | B77: ='bloco 01'!J28 | C77: ='bloco 01'!K28 | D77: ='bloco 01'!L28 | E77: =IFERROR(('bloco 01'!M28),"") | F77: ='bloco 01'!N28
A78: ='bloco 01'!$I$29 | B78: ='bloco 01'!J29 | C78: ='bloco 01'!K29 | D78: ='bloco 01'!L29 | E78: =IFERROR(('bloco 01'!M29),"") | F78: ='bloco 01'!N29
A79: ='bloco 01'!$I$30 | B79: ='bloco 01'!J30 | C79: ='bloco 01'!K30 | D79: ='bloco 01'!L30 | E79: =IFERROR(('bloco 01'!M30),"") | F79: ='bloco 01'!N30
A80: TREINO 03
B81: SETS | C81: REPS | D81: KG | E81: %1RM / PSE | F81: OBS
A82: ='bloco 01'!$I$36 | B82: ='bloco 01'!J36 | C82: ='bloco 01'!K36 | D82: ='bloco 01'!L36 | E82: =IFERROR(('bloco 01'!M36),"") | F82: ='bloco 01'!N36
A83: ='bloco 01'!$I$37 | B83: ='bloco 01'!J37 | C83: ='bloco 01'!K37 | D83: ='bloco 01'!L37 | E83: =IFERROR(('bloco 01'!M37),"") | F83: ='bloco 01'!N37
A84: ='bloco 01'!$I$38 | B84: ='bloco 01'!J38 | C84: ='bloco 01'!K38 | D84: ='bloco 01'!L38 | E84: =IFERROR(('bloco 01'!M38),"") | F84: ='bloco 01'!N38
A85: ='bloco 01'!$I$39 | B85: ='bloco 01'!J39 | C85: ='bloco 01'!K39 | D85: ='bloco 01'!L39 | E85: =IFERROR(('bloco 01'!M39),"") | F85: ='bloco 01'!N39
A86: ='bloco 01'!$I$40 | B86: ='bloco 01'!J40 | C86: ='bloco 01'!K40 | D86: ='bloco 01'!L40 | E86: =IFERROR(('bloco 01'!M40),"") | F86: ='bloco 01'!N40
A87: ='bloco 01'!$I$41 | B87: ='bloco 01'!J41 | C87: ='bloco 01'!K41 | D87: ='bloco 01'!L41 | E87: =IFERROR(('bloco 01'!M41),"") | F87: ='bloco 01'!N41
A88: ='bloco 01'!$I$42 | B88: ='bloco 01'!J42 | C88: ='bloco 01'!K42 | D88: ='bloco 01'!L42 | E88: =IFERROR(('bloco 01'!M42),"") | F88: ='bloco 01'!N42
A89: ='bloco 01'!$I$43 | B89: ='bloco 01'!J43 | C89: ='bloco 01'!K43 | D89: ='bloco 01'!L43 | E89: =IFERROR(('bloco 01'!M43),"") | F89: ='bloco 01'!N43
A90: ='bloco 01'!$I$44 | B90: ='bloco 01'!J44 | C90: ='bloco 01'!K44 | D90: ='bloco 01'!L44 | E90: =IFERROR(('bloco 01'!M44),"") | F90: ='bloco 01'!N44
A91: ='bloco 01'!$I$45 | B91: ='bloco 01'!J45 | C91: ='bloco 01'!K45 | D91: ='bloco 01'!L45 | E91: =IFERROR(('bloco 01'!M45),"") | F91: ='bloco 01'!N45
A109: ='bloco 01'!Q3
A110: SEMANA 03
A111: TREINO 01
B112: SETS | C112: REPS | D112: KG | E112: %1RM / PSE | F112: OBS
A113: ='bloco 01'!$P$6 | B113: ='bloco 01'!Q6 | C113: ='bloco 01'!R6 | D113: ='bloco 01'!S6 | E113: =IFERROR(('bloco 01'!T6),"") | F113: ='bloco 01'!U6
A114: ='bloco 01'!$P$7 | B114: ='bloco 01'!Q7 | C114: ='bloco 01'!R7 | D114: ='bloco 01'!S7 | E114: =IFERROR(('bloco 01'!T7),"") | F114: ='bloco 01'!U7
A115: ='bloco 01'!$P$8 | B115: ='bloco 01'!Q8 | C115: ='bloco 01'!R8 | D115: ='bloco 01'!S8 | E115: =IFERROR(('bloco 01'!T8),"") | F115: ='bloco 01'!U8
A116: ='bloco 01'!$P$9 | B116: ='bloco 01'!Q9 | C116: ='bloco 01'!R9 | D116: ='bloco 01'!S9 | E116: =IFERROR(('bloco 01'!T9),"") | F116: ='bloco 01'!U9
A117: ='bloco 01'!$P$10 | B117: ='bloco 01'!Q10 | C117: ='bloco 01'!R10 | D117: ='bloco 01'!S10 | E117: =IFERROR(('bloco 01'!T10),"") | F117: ='bloco 01'!U10
A118: ='bloco 01'!$P$11 | B118: ='bloco 01'!Q11 | C118: ='bloco 01'!R11 | D118: ='bloco 01'!S11 | E118: =IFERROR(('bloco 01'!T11),"") | F118: ='bloco 01'!U11
A119: ='bloco 01'!$P$12 | B119: ='bloco 01'!Q12 | C119: ='bloco 01'!R12 | D119: ='bloco 01'!S12 | E119: =IFERROR(('bloco 01'!T12),"") | F119: ='bloco 01'!U12
A120: ='bloco 01'!$P$13 | B120: ='bloco 01'!Q13 | C120: ='bloco 01'!R13 | D120: ='bloco 01'!S13 | E120: =IFERROR(('bloco 01'!T13),"") | F120: ='bloco 01'!U13
A121: ='bloco 01'!$P$14 | B121: ='bloco 01'!Q14 | C121: ='bloco 01'!R14 | D121: ='bloco 01'!S14 | E121: =IFERROR(('bloco 01'!T14),"") | F121: ='bloco 01'!U14
A122: ='bloco 01'!$P$15 | B122: ='bloco 01'!Q15 | C122: ='bloco 01'!R15 | D122: ='bloco 01'!S15 | E122: =IFERROR(('bloco 01'!T15),"") | F122: ='bloco 01'!U15
A123: TREINO 02
B124: SETS | C124: REPS | D124: KG | E124: %1RM / PSE | F124: OBS
A125: ='bloco 01'!$P$21 | B125: ='bloco 01'!Q21 | C125: ='bloco 01'!R21 | D125: ='bloco 01'!S21 | E125: =IFERROR(('bloco 01'!T21),"") | F125: ='bloco 01'!U21
...

Sheet bloco 01
A1: BLOCO 01
A3: TREINO 01 | C3: =macro!B6 | J3: =C3+7 | Q3: =J3+7 | X3: =Q3+7
C4: SETS | D4: REPS | E4: KG | F4: %1RM | G4: OBS | J4: SETS | K4: REPS | L4: KG | M4: %1RM | N4: OBS | Q4: SETS | R4: REPS | S4: KG | T4: %1RM | U4: OBS | X4: SETS | Y4: REPS | Z4: KG | AA4: %1RM | AB4: OBS
B5: exercícios | F5: pse | I5: exercícios | M5: pse | P5: exercícios | T5: pse | W5: exercícios | AA5: pse
F6: =IFERROR(__xludf.DUMMYFUNCTION("IFERROR($E6/INDEX(prs!$D$6:$D$12,MATCH(TRUE,ARRAYFORMULA(ISNUMBER(SEARCH(prs!$A$6:$A$12,$B6))),0)),"""")"),"") | M6: =IFERROR(__xludf.DUMMYFUNCTION("IFERROR($L6/INDEX(prs!$D$6:$D$12,MATCH(TRUE,ARRAYFORMULA(ISNUMBER(SEARCH(prs!$A$6:$A$12,$I6))),0)),"""")"),"") | T6: =IFERROR(__xludf.DUMMYFUNCTION("IFERROR($S6/INDEX(prs!$D$6:$D$12,MATCH(TRUE,ARRAYFORMULA(ISNUMBER(SEARCH(prs!$A$6:$A$12,$P6))),0)),"""")"),"") | AA6: =IFERROR(__xludf.DUMMYFUNCTION("IFERROR($Z6/INDEX(prs!$D$6:$D$12,MATCH(TRUE,ARRAYFORMULA(ISNUMBER(SEARCH(prs!$A$6:$A$12,$W6))),0)),"""")"),"")
F7: =IFERROR(__xludf.DUMMYFUNCTION("IFERROR($E7/INDEX(prs!$D$6:$D$12,MATCH(TRUE,ARRAYFORMULA(ISNUMBER(SEARCH(prs!$A$6:$A$12,$B7))),0)),"""")"),"") | M7: =IFERROR(__xludf.DUMMYFUNCTION("IFERROR($L7/INDEX(prs!$D$6:$D$12,MATCH(TRUE,ARRAYFORMULA(ISNUMBER(SEARCH(prs!$A$6:$A$12,$I7))),0)),"""")"),"") | T7: =IFERROR(__xludf.DUMMYFUNCTION("IFERROR($S7/INDEX(prs!$D$6:$D$12,MATCH(TRUE,ARRAYFORMULA(ISNUMBER(SEARCH(prs!$A$6:$A$12,$P7))),0)),"""")"),"") | AA7: =IFERROR(__xludf.DUMMYFUNCTION("IFERROR($Z7/INDEX(prs!$D$6:$D$12,MATCH(TRUE,ARRAYFORMULA(ISNUMBER(SEARCH(prs!$A$6:$A$12,$W7))),0)),"""")"),"")
F8: =IFERROR(__xludf.DUMMYFUNCTION("IFERROR($E8/INDEX(prs!$D$6:$D$12,MATCH(TRUE,ARRAYFORMULA(ISNUMBER(SEARCH(prs!$A$6:$A$12,$B8))),0)),"""")"),"") | M8: =IFERROR(__xludf.DUMMYFUNCTION("IFERROR($L8/INDEX(prs!$D$6:$D$12,MATCH(TRUE,ARRAYFORMULA(ISNUMBER(SEARCH(prs!$A$6:$A$12,$I8))),0)),"""")"),"") | T8: =IFERROR(__xludf.DUMMYFUNCTION("IFERROR($S8/INDEX(prs!$D$6:$D$12,MATCH(TRUE,ARRAYFORMULA(ISNUMBER(SEARCH(prs!$A$6:$A$12,$P8))),0)),"""")"),"") | AA8: =IFERROR(__xludf.DUMMYFUNCTION("IFERROR($Z8/INDEX(prs!$D$6:$D$12,MATCH(TRUE,ARRAYFORMULA(ISNUMBER(SEARCH(prs!$A$6:$A$12,$W8))),0)),"""")"),"")
F9: =IFERROR(__xludf.DUMMYFUNCTION("IFERROR($E9/INDEX(prs!$D$6:$D$12,MATCH(TRUE,ARRAYFORMULA(ISNUMBER(SEARCH(prs!$A$6:$A$12,$B9))),0)),"""")"),"") | M9: =IFERROR(__xludf.DUMMYFUNCTION("IFERROR($L9/INDEX(prs!$D$6:$D$12,MATCH(TRUE,ARRAYFORMULA(ISNUMBER(SEARCH(prs!$A$6:$A$12,$I9))),0)),"""")"),"") | T9: =IFERROR(__xludf.DUMMYFUNCTION("IFERROR($S9/INDEX(prs!$D$6:$D$12,MATCH(TRUE,ARRAYFORMULA(ISNUMBER(SEARCH(prs!$A$6:$A$12,$P9))),0)),"""")"),"") | AA9: =IFERROR(__xludf.DUMMYFUNCTION("IFERROR($Z9/INDEX(prs!$D$6:$D$12,MATCH(TRUE,ARRAYFORMULA(ISNUMBER(SEARCH(prs!$A$6:$A$12,$W9))),0)),"""")"),"")
F10: =IFERROR(__xludf.DUMMYFUNCTION("IFERROR($E10/INDEX(prs!$D$6:$D$12,MATCH(TRUE,ARRAYFORMULA(ISNUMBER(SEARCH(prs!$A$6:$A$12,$B10))),0)),"""")"),"") | M10: =IFERROR(__xludf.DUMMYFUNCTION("IFERROR($L10/INDEX(prs!$D$6:$D$12,MATCH(TRUE,ARRAYFORMULA(ISNUMBER(SEARCH(prs!$A$6:$A$12,$I10))),0)),"""")"),"") | T10: =IFERROR(__xludf.DUMMYFUNCTION("IFERROR($S10/INDEX(prs!$D$6:$D$12,MATCH(TRUE,ARRAYFORMULA(ISNUMBER(SEARCH(prs!$A$6:$A$12,$P10))),0)),"""")"),"") | AA10: =IFERROR(__xludf.DUMMYFUNCTION("IFERROR($Z10/INDEX(prs!$D$6:$D$12,MATCH(TRUE,ARRAYFORMULA(ISNUMBER(SEARCH(prs!$A$6:$A$12,$W10))),0)),"""")"),"")
F11: =IFERROR(__xludf.DUMMYFUNCTION("IFERROR($E11/INDEX(prs!$D$6:$D$12,MATCH(TRUE,ARRAYFORMULA(ISNUMBER(SEARCH(prs!$A$6:$A$12,$B11))),0)),"""")"),"") | M11: =IFERROR(__xludf.DUMMYFUNCTION("IFERROR($L11/INDEX(prs!$D$6:$D$12,MATCH(TRUE,ARRAYFORMULA(ISNUMBER(SEARCH(prs!$A$6:$A$12,$I11))),0)),"""")"),"") | T11: =IFERROR(__xludf.DUMMYFUNCTION("IFERROR($S11/INDEX(prs!$D$6:$D$12,MATCH(TRUE,ARRAYFORMULA(ISNUMBER(SEARCH(prs!$A$6:$A$12,$P11))),0)),"""")"),"") | AA11: =IFERROR(__xludf.DUMMYFUNCTION("IFERROR($Z11/INDEX(prs!$D$6:$D$12,MATCH(TRUE,ARRAYFORMULA(ISNUMBER(SEARCH(prs!$A$6:$A$12,$W11))),0)),"""")"),"")
F12: =IFERROR(__xludf.DUMMYFUNCTION("IFERROR($E12/INDEX(prs!$D$6:$D$12,MATCH(TRUE,ARRAYFORMULA(ISNUMBER(SEARCH(prs!$A$6:$A$12,$B12))),0)),"""")"),"") | M12: =IFERROR(__xludf.DUMMYFUNCTION("IFERROR($L12/INDEX(prs!$D$6:$D$12,MATCH(TRUE,ARRAYFORMULA(ISNUMBER(SEARCH(prs!$A$6:$A$12,$I12))),0)),"""")"),"") | T12: =IFERROR(__xludf.DUMMYFUNCTION("IFERROR($S12/INDEX(prs!$D$6:$D$12,MATCH(TRUE,ARRAYFORMULA(ISNUMBER(SEARCH(prs!$A$6:$A$12,$P12))),0)),"""")"),"") | AA12: =IFERROR(__xludf.DUMMYFUNCTION("IFERROR($Z12/INDEX(prs!$D$6:$D$12,MATCH(TRUE,ARRAYFORMULA(ISNUMBER(SEARCH(prs!$A$6:$A$12,$W12))),0)),"""")"),"")
F13: =IFERROR(__xludf.DUMMYFUNCTION("IFERROR($E13/INDEX(prs!$D$6:$D$12,MATCH(TRUE,ARRAYFORMULA(ISNUMBER(SEARCH(prs!$A$6:$A$12,$B13))),0)),"""")"),"") | M13: =IFERROR(__xludf.DUMMYFUNCTION("IFERROR($L13/INDEX(prs!$D$6:$D$12,MATCH(TRUE,ARRAYFORMULA(ISNUMBER(SEARCH(prs!$A$6:$A$12,$I13))),0)),"""")"),"") | T13: =IFERROR(__xludf.DUMMYFUNCTION("IFERROR($S13/INDEX(prs!$D$6:$D$12,MATCH(TRUE,ARRAYFORMULA(ISNUMBER(SEARCH(prs!$A$6:$A$12,$P13))),0)),"""")"),"") | AA13: =IFERROR(__xludf.DUMMYFUNCTION("IFERROR($Z13/INDEX(prs!$D$6:$D$12,MATCH(TRUE,ARRAYFORMULA(ISNUMBER(SEARCH(prs!$A$6:$A$12,$W13))),0)),"""")"),"")
F14: =IFERROR(__xludf.DUMMYFUNCTION("IFERROR($E14/INDEX(prs!$D$6:$D$12,MATCH(TRUE,ARRAYFORMULA(ISNUMBER(SEARCH(prs!$A$6:$A$12,$B14))),0)),"""")"),"") | M14: =IFERROR(__xludf.DUMMYFUNCTION("IFERROR($L14/INDEX(prs!$D$6:$D$12,MATCH(TRUE,ARRAYFORMULA(ISNUMBER(SEARCH(prs!$A$6:$A$12,$I14))),0)),"""")"),"") | T14: =IFERROR(__xludf.DUMMYFUNCTION("IFERROR($S14/INDEX(prs!$D$6:$D$12,MATCH(TRUE,ARRAYFORMULA(ISNUMBER(SEARCH(prs!$A$6:$A$12,$P14))),0)),"""")"),"") | AA14: =IFERROR(__xludf.DUMMYFUNCTION("IFERROR($Z14/INDEX(prs!$D$6:$D$12,MATCH(TRUE,ARRAYFORMULA(ISNUMBER(SEARCH(prs!$A$6:$A$12,$W14))),0)),"""")"),"")
F15: =IFERROR(__xludf.DUMMYFUNCTION("IFERROR($E15/INDEX(prs!$D$6:$D$12,MATCH(TRUE,ARRAYFORMULA(ISNUMBER(SEARCH(prs!$A$6:$A$12,$B15))),0)),"""")"),"") | M15: =IFERROR(__xludf.DUMMYFUNCTION("IFERROR($L15/INDEX(prs!$D$6:$D$12,MATCH(TRUE,ARRAYFORMULA(ISNUMBER(SEARCH(prs!$A$6:$A$12,$I15))),0)),"""")"),"") | T15: =IFERROR(__xludf.DUMMYFUNCTION("IFERROR($S15/INDEX(prs!$D$6:$D$12,MATCH(TRUE,ARRAYFORMULA(ISNUMBER(SEARCH(prs!$A$6:$A$12,$P15))),0)),"""")"),"") | AA15: =IFERROR(__xludf.DUMMYFUNCTION("IFERROR($Z15/INDEX(prs!$D$6:$D$12,MATCH(TRUE,ARRAYFORMULA(ISNUMBER(SEARCH(prs!$A$6:$A$12,$W15))),0)),"""")"),"")
C16: SEMANA 01 | J16: SEMANA 02 | Q16: SEMANA 03 | X16: SEMANA 04
A18: TREINO 02
C19: SETS | D19: REPS | E19: KG | F19: %1RM | G19: OBS | J19: SETS | K19: REPS | L19: KG | M19: %1RM | N19: OBS | Q19: SETS | R19: REPS | S19: KG | T19: %1RM | U19: OBS | X19: SETS | Y19: REPS | Z19: KG | AA19: %1RM | AB19: OBS
B20: exercícios | F20: pse | I20: exercícios | M20: pse | P20: exercícios | T20: pse | W20: exercícios | AA20: pse
F21: =IFERROR(__xludf.DUMMYFUNCTION("IFERROR($E21/INDEX(prs!$D$6:$D$12,MATCH(TRUE,ARRAYFORMULA(ISNUMBER(SEARCH(prs!$A$6:$A$12,$B21))),0)),"""")"),"") | M21: =IFERROR(__xludf.DUMMYFUNCTION("IFERROR($L21/INDEX(prs!$D$6:$D$12,MATCH(TRUE,ARRAYFORMULA(ISNUMBER(SEARCH(prs!$A$6:$A$12,$I21))),0)),"""")"),"") | T21: =IFERROR(__xludf.DUMMYFUNCTION("IFERROR($S21/INDEX(prs!$D$6:$D$12,MATCH(TRUE,ARRAYFORMULA(ISNUMBER(SEARCH(prs!$A$6:$A$12,$P21))),0)),"""")"),"") | AA21: =IFERROR(__xludf.DUMMYFUNCTION("IFERROR($Z21/INDEX(prs!$D$6:$D$12,MATCH(TRUE,ARRAYFORMULA(ISNUMBER(SEARCH(prs!$A$6:$A$12,$W21))),0)),"""")"),"")
F22: =IFERROR(__xludf.DUMMYFUNCTION("IFERROR($E22/INDEX(prs!$D$6:$D$12,MATCH(TRUE,ARRAYFORMULA(ISNUMBER(SEARCH(prs!$A$6:$A$12,$B22))),0)),"""")"),"") | M22: =IFERROR(__xludf.DUMMYFUNCTION("IFERROR($L22/INDEX(prs!$D$6:$D$12,MATCH(TRUE,ARRAYFORMULA(ISNUMBER(SEARCH(prs!$A$6:$A$12,$I22))),0)),"""")"),"") | T22: =IFERROR(__xludf.DUMMYFUNCTION("IFERROR($S22/INDEX(prs!$D$6:$D$12,MATCH(TRUE,ARRAYFORMULA(ISNUMBER(SEARCH(prs!$A$6:$A$12,$P22))),0)),"""")"),"") | AA22: =IFERROR(__xludf.DUMMYFUNCTION("IFERROR($Z22/INDEX(prs!$D$6:$D$12,MATCH(TRUE,ARRAYFORMULA(ISNUMBER(SEARCH(prs!$A$6:$A$12,$W22))),0)),"""")"),"")
F23: =IFERROR(__xludf.DUMMYFUNCTION("IFERROR($E23/INDEX(prs!$D$6:$D$12,MATCH(TRUE,ARRAYFORMULA(ISNUMBER(SEARCH(prs!$A$6:$A$12,$B23))),0)),"""")"),"") | M23: =IFERROR(__xludf.DUMMYFUNCTION("IFERROR($L23/INDEX(prs!$D$6:$D$12,MATCH(TRUE,ARRAYFORMULA(ISNUMBER(SEARCH(prs!$A$6:$A$12,$I23))),0)),"""")"),"") | T23: =IFERROR(__xludf.DUMMYFUNCTION("IFERROR($S23/INDEX(prs!$D$6:$D$12,MATCH(TRUE,ARRAYFORMULA(ISNUMBER(SEARCH(prs!$A$6:$A$12,$P23))),0)),"""")"),"") | AA23: =IFERROR(__xludf.DUMMYFUNCTION("IFERROR($Z23/INDEX(prs!$D$6:$D$12,MATCH(TRUE,ARRAYFORMULA(ISNUMBER(SEARCH(prs!$A$6:$A$12,$W23))),0)),"""")"),"")
F24: =IFERROR(__xludf.DUMMYFUNCTION("IFERROR($E24/INDEX(prs!$D$6:$D$12,MATCH(TRUE,ARRAYFORMULA(ISNUMBER(SEARCH(prs!$A$6:$A$12,$B24))),0)),"""")"),"") | M24: =IFERROR(__xludf.DUMMYFUNCTION("IFERROR($L24/INDEX(prs!$D$6:$D$12,MATCH(TRUE,ARRAYFORMULA(ISNUMBER(SEARCH(prs!$A$6:$A$12,$I24))),0)),"""")"),"") | T24: =IFERROR(__xludf.DUMMYFUNCTION("IFERROR($S24/INDEX(prs!$D$6:$D$12,MATCH(TRUE,ARRAYFORMULA(ISNUMBER(SEARCH(prs!$A$6:$A$12,$P24))),0)),"""")"),"") | AA24: =IFERROR(__xludf.DUMMYFUNCTION("IFERROR($Z24/INDEX(prs!$D$6:$D$12,MATCH(TRUE,ARRAYFORMULA(ISNUMBER(SEARCH(prs!$A$6:$A$12,$W24))),0)),"""")"),"")
F25: =IFERROR(__xludf.DUMMYFUNCTION("IFERROR($E25/INDEX(prs!$D$6:$D$12,MATCH(TRUE,ARRAYFORMULA(ISNUMBER(SEARCH(prs!$A$6:$A$12,$B25))),0)),"""")"),"") | M25: =IFERROR(__xludf.DUMMYFUNCTION("IFERROR($L25/INDEX(prs!$D$6:$D$12,MATCH(TRUE,ARRAYFORMULA(ISNUMBER(SEARCH(prs!$A$6:$A$12,$I25))),0)),"""")"),"") | T25: =IFERROR(__xludf.DUMMYFUNCTION("IFERROR($S25/INDEX(prs!$D$6:$D$12,MATCH(TRUE,ARRAYFORMULA(ISNUMBER(SEARCH(prs!$A$6:$A$12,$P25))),0)),"""")"),"") | AA25: =IFERROR(__xludf.DUMMYFUNCTION("IFERROR($Z25/INDEX(prs!$D$6:$D$12,MATCH(TRUE,ARRAYFORMULA(ISNUMBER(SEARCH(prs!$A$6:$A$12,$W25))),0)),"""")"),"")
F26: =IFERROR(__xludf.DUMMYFUNCTION("IFERROR($E26/INDEX(prs!$D$6:$D$12,MATCH(TRUE,ARRAYFORMULA(ISNUMBER(SEARCH(prs!$A$6:$A$12,$B26))),0)),"""")"),"") | M26: =IFERROR(__xludf.DUMMYFUNCTION("IFERROR($L26/INDEX(prs!$D$6:$D$12,MATCH(TRUE,ARRAYFORMULA(ISNUMBER(SEARCH(prs!$A$6:$A$12,$I26))),0)),"""")"),"") | T26: =IFERROR(__xludf.DUMMYFUNCTION("IFERROR($S26/INDEX(prs!$D$6:$D$12,MATCH(TRUE,ARRAYFORMULA(ISNUMBER(SEARCH(prs!$A$6:$A$12,$P26))),0)),"""")"),"") | AA26: =IFERROR(__xludf.DUMMYFUNCTION("IFERROR($Z26/INDEX(prs!$D$6:$D$12,MATCH(TRUE,ARRAYFORMULA(ISNUMBER(SEARCH(prs!$A$6:$A$12,$W26))),0)),"""")"),"")
F27: =IFERROR(__xludf.DUMMYFUNCTION("IFERROR($E27/INDEX(prs!$D$6:$D$12,MATCH(TRUE,ARRAYFORMULA(ISNUMBER(SEARCH(prs!$A$6:$A$12,$B27))),0)),"""")"),"") | M27: =IFERROR(__xludf.DUMMYFUNCTION("IFERROR($L27/INDEX(prs!$D$6:$D$12,MATCH(TRUE,ARRAYFORMULA(ISNUMBER(SEARCH(prs!$A$6:$A$12,$I27))),0)),"""")"),"") | T27: =IFERROR(__xludf.DUMMYFUNCTION("IFERROR($S27/INDEX(prs!$D$6:$D$12,MATCH(TRUE,ARRAYFORMULA(ISNUMBER(SEARCH(prs!$A$6:$A$12,$P27))),0)),"""")"),"") | AA27: =IFERROR(__xludf.DUMMYFUNCTION("IFERROR($Z27/INDEX(prs!$D$6:$D$12,MATCH(TRUE,ARRAYFORMULA(ISNUMBER(SEARCH(prs!$A$6:$A$12,$W27))),0)),"""")"),"")
F28: =IFERROR(__xludf.DUMMYFUNCTION("IFERROR($E28/INDEX(prs!$D$6:$D$12,MATCH(TRUE,ARRAYFORMULA(ISNUMBER(SEARCH(prs!$A$6:$A$12,$B28))),0)),"""")"),"") | M28: =IFERROR(__xludf.DUMMYFUNCTION("IFERROR($L28/INDEX(prs!$D$6:$D$12,MATCH(TRUE,ARRAYFORMULA(ISNUMBER(SEARCH(prs!$A$6:$A$12,$I28))),0)),"""")"),"") | T28: =IFERROR(__xludf.DUMMYFUNCTION("IFERROR($S28/INDEX(prs!$D$6:$D$12,MATCH(TRUE,ARRAYFORMULA(ISNUMBER(SEARCH(prs!$A$6:$A$12,$P28))),0)),"""")"),"") | AA28: =IFERROR(__xludf.DUMMYFUNCTION("IFERROR($Z28/INDEX(prs!$D$6:$D$12,MATCH(TRUE,ARRAYFORMULA(ISNUMBER(SEARCH(prs!$A$6:$A$12,$W28))),0)),"""")"),"")
F29: =IFERROR(__xludf.DUMMYFUNCTION("IFERROR($E29/INDEX(prs!$D$6:$D$12,MATCH(TRUE,ARRAYFORMULA(ISNUMBER(SEARCH(prs!$A$6:$A$12,$B29))),0)),"""")"),"") | M29: =IFERROR(__xludf.DUMMYFUNCTION("IFERROR($L29/INDEX(prs!$D$6:$D$12,MATCH(TRUE,ARRAYFORMULA(ISNUMBER(SEARCH(prs!$A$6:$A$12,$I29))),0)),"""")"),"") | T29: =IFERROR(__xludf.DUMMYFUNCTION("IFERROR($S29/INDEX(prs!$D$6:$D$12,MATCH(TRUE,ARRAYFORMULA(ISNUMBER(SEARCH(prs!$A$6:$A$12,$P29))),0)),"""")"),"") | AA29: =IFERROR(__xludf.DUMMYFUNCTION("IFERROR($Z29/INDEX(prs!$D$6:$D$12,MATCH(TRUE,ARRAYFORMULA(ISNUMBER(SEARCH(prs!$A$6:$A$12,$W29))),0)),"""")"),"")
F30: =IFERROR(__xludf.DUMMYFUNCTION("IFERROR($E30/INDEX(prs!$D$6:$D$12,MATCH(TRUE,ARRAYFORMULA(ISNUMBER(SEARCH(prs!$A$6:$A$12,$B30))),0)),"""")"),"") | M30: =IFERROR(__xludf.DUMMYFUNCTION("IFERROR($L30/INDEX(prs!$D$6:$D$12,MATCH(TRUE,ARRAYFORMULA(ISNUMBER(SEARCH(prs!$A$6:$A$12,$I30))),0)),"""")"),"") | T30: =IFERROR(__xludf.DUMMYFUNCTION("IFERROR($S30/INDEX(prs!$D$6:$D$12,MATCH(TRUE,ARRAYFORMULA(ISNUMBER(SEARCH(prs!$A$6:$A$12,$P30))),0)),"""")"),"") | AA30: =IFERROR(__xludf.DUMMYFUNCTION("IFERROR($Z30/INDEX(prs!$D$6:$D$12,MATCH(TRUE,ARRAYFORMULA(ISNUMBER(SEARCH(prs!$A$6:$A$12,$W30))),0)),"""")"),"")
C31: SEMANA 01 | J31: SEMANA 02 | Q31: SEMANA 03 | X31: SEMANA 04
A33: TREINO 03
C34: SETS | D34: REPS | E34: KG | F34: %1RM | G34: OBS | J34: SETS | K34: REPS | L34: KG | M34: %1RM | N34: OBS | Q34: SETS | R34: REPS | S34: KG | T34: %1RM | U34: OBS | X34: SETS | Y34: REPS | Z34: KG | AA34: %1RM | AB34: OBS
B35: exercícios | F35: pse | I35: exercícios | M35: pse | P35: exercícios | T35: pse | W35: exercícios | AA35: pse
F36: =IFERROR(__xludf.DUMMYFUNCTION("IFERROR($E36/INDEX(prs!$D$6:$D$12,MATCH(TRUE,ARRAYFORMULA(ISNUMBER(SEARCH(prs!$A$6:$A$12,$B36))),0)),"""")"),"") | M36: =IFERROR(__xludf.DUMMYFUNCTION("IFERROR($L36/INDEX(prs!$D$6:$D$12,MATCH(TRUE,ARRAYFORMULA(ISNUMBER(SEARCH(prs!$A$6:$A$12,$I36))),0)),"""")"),"") | T36: =IFERROR(__xludf.DUMMYFUNCTION("IFERROR($S36/INDEX(prs!$D$6:$D$12,MATCH(TRUE,ARRAYFORMULA(ISNUMBER(SEARCH(prs!$A$6:$A$12,$P36))),0)),"""")"),"") | AA36: =IFERROR(__xludf.DUMMYFUNCTION("IFERROR($Z36/INDEX(prs!$D$6:$D$12,MATCH(TRUE,ARRAYFORMULA(ISNUMBER(SEARCH(prs!$A$6:$A$12,$W36))),0)),"""")"),"")
F37: =IFERROR(__xludf.DUMMYFUNCTION("IFERROR($E37/INDEX(prs!$D$6:$D$12,MATCH(TRUE,ARRAYFORMULA(ISNUMBER(SEARCH(prs!$A$6:$A$12,$B37))),0)),"""")"),"") | M37: =IFERROR(__xludf.DUMMYFUNCTION("IFERROR($L37/INDEX(prs!$D$6:$D$12,MATCH(TRUE,ARRAYFORMULA(ISNUMBER(SEARCH(prs!$A$6:$A$12,$I37))),0)),"""")"),"") | T37: =IFERROR(__xludf.DUMMYFUNCTION("IFERROR($S37/INDEX(prs!$D$6:$D$12,MATCH(TRUE,ARRAYFORMULA(ISNUMBER(SEARCH(prs!$A$6:$A$12,$P37))),0)),"""")"),"") | AA37: =IFERROR(__xludf.DUMMYFUNCTION("IFERROR($Z37/INDEX(prs!$D$6:$D$12,MATCH(TRUE,ARRAYFORMULA(ISNUMBER(SEARCH(prs!$A$6:$A$12,$W37))),0)),"""")"),"")
F38: =IFERROR(__xludf.DUMMYFUNCTION("IFERROR($E38/INDEX(prs!$D$6:$D$12,MATCH(TRUE,ARRAYFORMULA(ISNUMBER(SEARCH(prs!$A$6:$A$12,$B38))),0)),"""")"),"") | M38: =IFERROR(__xludf.DUMMYFUNCTION("IFERROR($L38/INDEX(prs!$D$6:$D$12,MATCH(TRUE,ARRAYFORMULA(ISNUMBER(SEARCH(prs!$A$6:$A$12,$I38))),0)),"""")"),"") | T38: =IFERROR(__xludf.DUMMYFUNCTION("IFERROR($S38/INDEX(prs!$D$6:$D$12,MATCH(TRUE,ARRAYFORMULA(ISNUMBER(SEARCH(prs!$A$6:$A$12,$P38))),0)),"""")"),"") | AA38: =IFERROR(__xludf.DUMMYFUNCTION("IFERROR($Z38/INDEX(prs!$D$6:$D$12,MATCH(TRUE,ARRAYFORMULA(ISNUMBER(SEARCH(prs!$A$6:$A$12,$W38))),0)),"""")"),"")
F39: =IFERROR(__xludf.DUMMYFUNCTION("IFERROR($E39/INDEX(prs!$D$6:$D$12,MATCH(TRUE,ARRAYFORMULA(ISNUMBER(SEARCH(prs!$A$6:$A$12,$B39))),0)),"""")"),"") | M39: =IFERROR(__xludf.DUMMYFUNCTION("IFERROR($L39/INDEX(prs!$D$6:$D$12,MATCH(TRUE,ARRAYFORMULA(ISNUMBER(SEARCH(prs!$A$6:$A$12,$I39))),0)),"""")"),"") | T39: =IFERROR(__xludf.DUMMYFUNCTION("IFERROR($S39/INDEX(prs!$D$6:$D$12,MATCH(TRUE,ARRAYFORMULA(ISNUMBER(SEARCH(prs!$A$6:$A$12,$P39))),0)),"""")"),"") | AA39: =IFERROR(__xludf.DUMMYFUNCTION("IFERROR($Z39/INDEX(prs!$D$6:$D$12,MATCH(TRUE,ARRAYFORMULA(ISNUMBER(SEARCH(prs!$A$6:$A$12,$W39))),0)),"""")"),"")
F40: =IFERROR(__xludf.DUMMYFUNCTION("IFERROR($E40/INDEX(prs!$D$6:$D$12,MATCH(TRUE,ARRAYFORMULA(ISNUMBER(SEARCH(prs!$A$6:$A$12,$B40))),0)),"""")"),"") | M40: =IFERROR(__xludf.DUMMYFUNCTION("IFERROR($L40/INDEX(prs!$D$6:$D$12,MATCH(TRUE,ARRAYFORMULA(ISNUMBER(SEARCH(prs!$A$6:$A$12,$I40))),0)),"""")"),"") | T40: =IFERROR(__xludf.DUMMYFUNCTION("IFERROR($S40/INDEX(prs!$D$6:$D$12,MATCH(TRUE,ARRAYFORMULA(ISNUMBER(SEARCH(prs!$A$6:$A$12,$P40))),0)),"""")"),"") | AA40: =IFERROR(__xludf.DUMMYFUNCTION("IFERROR($Z40/INDEX(prs!$D$6:$D$12,MATCH(TRUE,ARRAYFORMULA(ISNUMBER(SEARCH(prs!$A$6:$A$12,$W40))),0)),"""")"),"")
F41: =IFERROR(__xludf.DUMMYFUNCTION("IFERROR($E41/INDEX(prs!$D$6:$D$12,MATCH(TRUE,ARRAYFORMULA(ISNUMBER(SEARCH(prs!$A$6:$A$12,$B41))),0)),"""")"),"") | M41: =IFERROR(__xludf.DUMMYFUNCTION("IFERROR($L41/INDEX(prs!$D$6:$D$12,MATCH(TRUE,ARRAYFORMULA(ISNUMBER(SEARCH(prs!$A$6:$A$12,$I41))),0)),"""")"),"") | T41: =IFERROR(__xludf.DUMMYFUNCTION("IFERROR($S41/INDEX(prs!$D$6:$D$12,MATCH(TRUE,ARRAYFORMULA(ISNUMBER(SEARCH(prs!$A$6:$A$12,$P41))),0)),"""")"),"") | AA41: =IFERROR(__xludf.DUMMYFUNCTION("IFERROR($Z41/INDEX(prs!$D$6:$D$12,MATCH(TRUE,ARRAYFORMULA(ISNUMBER(SEARCH(prs!$A$6:$A$12,$W41))),0)),"""")"),"")
F42: =IFERROR(__xludf.DUMMYFUNCTION("IFERROR($E42/INDEX(prs!$D$6:$D$12,MATCH(TRUE,ARRAYFORMULA(ISNUMBER(SEARCH(prs!$A$6:$A$12,$B42))),0)),"""")"),"") | M42: =IFERROR(__xludf.DUMMYFUNCTION("IFERROR($L42/INDEX(prs!$D$6:$D$12,MATCH(TRUE,ARRAYFORMULA(ISNUMBER(SEARCH(prs!$A$6:$A$12,$I42))),0)),"""")"),"") | T42: =IFERROR(__xludf.DUMMYFUNCTION("IFERROR($S42/INDEX(prs!$D$6:$D$12,MATCH(TRUE,ARRAYFORMULA(ISNUMBER(SEARCH(prs!$A$6:$A$12,$P42))),0)),"""")"),"") | AA42: =IFERROR(__xludf.DUMMYFUNCTION("IFERROR($Z42/INDEX(prs!$D$6:$D$12,MATCH(TRUE,ARRAYFORMULA(ISNUMBER(SEARCH(prs!$A$6:$A$12,$W42))),0)),"""")"),"")
F43: =IFERROR(__xludf.DUMMYFUNCTION("IFERROR($E43/INDEX(prs!$D$6:$D$12,MATCH(TRUE,ARRAYFORMULA(ISNUMBER(SEARCH(prs!$A$6:$A$12,$B43))),0)),"""")"),"") | M43: =IFERROR(__xludf.DUMMYFUNCTION("IFERROR($L43/INDEX(prs!$D$6:$D$12,MATCH(TRUE,ARRAYFORMULA(ISNUMBER(SEARCH(prs!$A$6:$A$12,$I43))),0)),"""")"),"") | T43: =IFERROR(__xludf.DUMMYFUNCTION("IFERROR($S43/INDEX(prs!$D$6:$D$12,MATCH(TRUE,ARRAYFORMULA(ISNUMBER(SEARCH(prs!$A$6:$A$12,$P43))),0)),"""")"),"") | AA43: =IFERROR(__xludf.DUMMYFUNCTION("IFERROR($Z43/INDEX(prs!$D$6:$D$12,MATCH(TRUE,ARRAYFORMULA(ISNUMBER(SEARCH(prs!$A$6:$A$12,$W43))),0)),"""")"),"")
F44: =IFERROR(__xludf.DUMMYFUNCTION("IFERROR($E44/INDEX(prs!$D$6:$D$12,MATCH(TRUE,ARRAYFORMULA(ISNUMBER(SEARCH(prs!$A$6:$A$12,$B44))),0)),"""")"),"") | M44: =IFERROR(__xludf.DUMMYFUNCTION("IFERROR($L44/INDEX(prs!$D$6:$D$12,MATCH(TRUE,ARRAYFORMULA(ISNUMBER(SEARCH(prs!$A$6:$A$12,$I44))),0)),"""")"),"") | T44: =IFERROR(__xludf.DUMMYFUNCTION("IFERROR($S44/INDEX(prs!$D$6:$D$12,MATCH(TRUE,ARRAYFORMULA(ISNUMBER(SEARCH(prs!$A$6:$A$12,$P44))),0)),"""")"),"") | AA44: =IFERROR(__xludf.DUMMYFUNCTION("IFERROR($Z44/INDEX(prs!$D$6:$D$12,MATCH(TRUE,ARRAYFORMULA(ISNUMBER(SEARCH(prs!$A$6:$A$12,$W44))),0)),"""")"),"")
F45: =IFERROR(__xludf.DUMMYFUNCTION("IFERROR($E45/INDEX(prs!$D$6:$D$12,MATCH(TRUE,ARRAYFORMULA(ISNUMBER(SEARCH(prs!$A$6:$A$12,$B45))),0)),"""")"),"") | M45: =IFERROR(__xludf.DUMMYFUNCTION("IFERROR($L45/INDEX(prs!$D$6:$D$12,MATCH(TRUE,ARRAYFORMULA(ISNUMBER(SEARCH(prs!$A$6:$A$12,$I45))),0)),"""")"),"") | T45: =IFERROR(__xludf.DUMMYFUNCTION("IFERROR($S45/INDEX(prs!$D$6:$D$12,MATCH(TRUE,ARRAYFORMULA(ISNUMBER(SEARCH(prs!$A$6:$A$12,$P45))),0)),"""")"),"") | AA45: =IFERROR(__xludf.DUMMYFUNCTION("IFERROR($Z45/INDEX(prs!$D$6:$D$12,MATCH(TRUE,ARRAYFORMULA(ISNUMBER(SEARCH(prs!$A$6:$A$12,$W45))),0)),"""")"),"")
C46: SEMANA 01 | J46: SEMANA 02 | Q46: SEMANA 03 | X46: SEMANA 04

Sheet aluno 02
B1: PLANILHA DE TREINAMENTO
B2: NOME | C2: ='aluno 01'!C2
B3: OBJETIVO | C3: ='aluno 01'!C3
B5: SEGUNDA | C5: TERÇA | D5: QUARTA | E5: QUINTA | F5: SEXTA
B6: ='aluno 01'!B6 | C6: ='aluno 01'!C6 | D6: ='aluno 01'!D6 | E6: ='aluno 01'!E6 | F6: ='aluno 01'!F6
A8: OBS
A9: ='aluno 01'!A9
A11: AQC
B12: SETS | C12: REPS / TEMPO | D12: KG | E12: OBS
A16: ='bloco 02'!C3
A17: SEMANA 01
A18: TREINO 01
B19: SETS | C19: REPS | D19: KG | E19: %1RM / PSE | F19: OBS
A20: ='bloco 02'!$B6 | B20: ='bloco 02'!C6 | C20: ='bloco 02'!D6 | D20: ='bloco 02'!E6 | E20: =IFERROR(('bloco 02'!F6),"") | F20: ='bloco 02'!G6
A21: ='bloco 02'!$B7 | B21: ='bloco 02'!C7 | C21: ='bloco 02'!D7 | D21: ='bloco 02'!E7 | E21: =IFERROR(('bloco 02'!F7),"") | F21: ='bloco 02'!G7
A22: ='bloco 02'!$B8 | B22: ='bloco 02'!C8 | C22: ='bloco 02'!D8 | D22: ='bloco 02'!E8 | E22: =IFERROR(('bloco 02'!F8),"") | F22: ='bloco 02'!G8
A23: ='bloco 02'!$B9 | B23: ='bloco 02'!C9 | C23: ='bloco 02'!D9 | D23: ='bloco 02'!E9 | E23: =IFERROR(('bloco 02'!F9),"") | F23: ='bloco 02'!G9
A24: ='bloco 02'!$B10 | B24: ='bloco 02'!C10 | C24: ='bloco 02'!D10 | D24: ='bloco 02'!E10 | E24: =IFERROR(('bloco 02'!F10),"") | F24: ='bloco 02'!G10
A25: ='bloco 02'!$B11 | B25: ='bloco 02'!C11 | C25: ='bloco 02'!D11 | D25: ='bloco 02'!E11 | E25: =IFERROR(('bloco 02'!F11),"") | F25: ='bloco 02'!G11
A26: ='bloco 02'!$B12 | B26: ='bloco 02'!C12 | C26: ='bloco 02'!D12 | D26: ='bloco 02'!E12 | E26: =IFERROR(('bloco 02'!F12),"") | F26: ='bloco 02'!G12
A27: ='bloco 02'!$B13 | B27: ='bloco 02'!C13 | C27: ='bloco 02'!D13 | D27: ='bloco 02'!E13 | E27: =IFERROR(('bloco 02'!F13),"") | F27: ='bloco 02'!G13
A28: ='bloco 02'!$B14 | B28: ='bloco 02'!C14 | C28: ='bloco 02'!D14 | D28: ='bloco 02'!E14 | E28: =IFERROR(('bloco 02'!F14),"") | F28: ='bloco 02'!G14
A29: ='bloco 02'!$B15 | B29: ='bloco 02'!C15 | C29: ='bloco 02'!D15 | D29: ='bloco 02'!E15 | E29: =IFERROR(('bloco 02'!F15),"") | F29: ='bloco 02'!G15
A30: TREINO 02
B31: SETS | C31: REPS | D31: KG | E31: %1RM / PSE | F31: OBS
A32: ='bloco 02'!$B21 | B32: ='bloco 02'!C21 | C32: ='bloco 02'!D21 | D32: ='bloco 02'!E21 | E32: =IFERROR(('bloco 02'!F21),"") | F32: ='bloco 02'!G21
A33: ='bloco 02'!$B22 | B33: ='bloco 02'!C22 | C33: ='bloco 02'!D22 | D33: ='bloco 02'!E22 | E33: =IFERROR(('bloco 02'!F22),"") | F33: ='bloco 02'!G22
A34: ='bloco 02'!$B23 | B34: ='bloco 02'!C23 | C34: ='bloco 02'!D23 | D34: ='bloco 02'!E23 | E34: =IFERROR(('bloco 02'!F23),"") | F34: ='bloco 02'!G23
A35: ='bloco 02'!$B24 | B35: ='bloco 02'!C24 | C35: ='bloco 02'!D24 | D35: ='bloco 02'!E24 | E35: =IFERROR(('bloco 02'!F24),"") | F35: ='bloco 02'!G24
A36: ='bloco 02'!$B25 | B36: ='bloco 02'!C25 | C36: ='bloco 02'!D25 | D36: ='bloco 02'!E25 | E36: =IFERROR(('bloco 02'!F25),"") | F36: ='bloco 02'!G25
A37: ='bloco 02'!$B26 | B37: ='bloco 02'!C26 | C37: ='bloco 02'!D26 | D37: ='bloco 02'!E26 | E37: =IFERROR(('bloco 02'!F26),"") | F37: ='bloco 02'!G26
A38: ='bloco 02'!$B27 | B38: ='bloco 02'!C27 | C38: ='bloco 02'!D27 | D38: ='bloco 02'!E27 | E38: =IFERROR(('bloco 02'!F27),"") | F38: ='bloco 02'!G27
A39: ='bloco 02'!$B28 | B39: ='bloco 02'!C28 | C39: ='bloco 02'!D28 | D39: ='bloco 02'!E28 | E39: =IFERROR(('bloco 02'!F28),"") | F39: ='bloco 02'!G28
A40: ='bloco 02'!$B29 | B40: ='bloco 02'!C29 | C40: ='bloco 02'!D29 | D40: ='bloco 02'!E29 | E40: =IFERROR(('bloco 02'!F29),"") | F40: ='bloco 02'!G29
A41: ='bloco 02'!$B30 | B41: ='bloco 02'!C30 | C41: ='bloco 02'!D30 | D41: ='bloco 02'!E30 | E41: =IFERROR(('bloco 02'!F30),"") | F41: ='bloco 02'!G30
A42: TREINO 03
B43: SETS | C43: REPS | D43: KG | E43: %1RM / PSE | F43: OBS
A44: ='bloco 02'!$B36 | B44: ='bloco 02'!C36 | C44: ='bloco 02'!D36 | D44: ='bloco 02'!E36 | E44: =IFERROR(('bloco 02'!F36),"") | F44: ='bloco 02'!G36
A45: ='bloco 02'!$B37 | B45: ='bloco 02'!C37 | C45: ='bloco 02'!D37 | D45: ='bloco 02'!E37 | E45: =IFERROR(('bloco 02'!F37),"") | F45: ='bloco 02'!G37
A46: ='bloco 02'!$B38 | B46: ='bloco 02'!C38 | C46: ='bloco 02'!D38 | D46: ='bloco 02'!E38 | E46: =IFERROR(('bloco 02'!F38),"") | F46: ='bloco 02'!G38
A47: ='bloco 02'!$B39 | B47: ='bloco 02'!C39 | C47: ='bloco 02'!D39 | D47: ='bloco 02'!E39 | E47: =IFERROR(('bloco 02'!F39),"") | F47: ='bloco 02'!G39
A48: ='bloco 02'!$B40 | B48: ='bloco 02'!C40 | C48: ='bloco 02'!D40 | D48: ='bloco 02'!E40 | E48: =IFERROR(('bloco 02'!F40),"") | F48: ='bloco 02'!G40
A49: ='bloco 02'!$B41 | B49: ='bloco 02'!C41 | C49: ='bloco 02'!D41 | D49: ='bloco 02'!E41 | E49: =IFERROR(('bloco 02'!F41),"") | F49: ='bloco 02'!G41
A50: ='bloco 02'!$B42 | B50: ='bloco 02'!C42 | C50: ='bloco 02'!D42 | D50: ='bloco 02'!E42 | E50: =IFERROR(('bloco 02'!F42),"") | F50: ='bloco 02'!G42
A51: ='bloco 02'!$B43 | B51: ='bloco 02'!C43 | C51: ='bloco 02'!D43 | D51: ='bloco 02'!E43 | E51: =IFERROR(('bloco 02'!F43),"") | F51: ='bloco 02'!G43
A52: ='bloco 02'!$B44 | B52: ='bloco 02'!C44 | C52: ='bloco 02'!D44 | D52: ='bloco 02'!E44 | E52: =IFERROR(('bloco 02'!F44),"") | F52: ='bloco 02'!G44
A53: ='bloco 02'!$B45 | B53: ='bloco 02'!C45 | C53: ='bloco 02'!D45 | D53: ='bloco 02'!E45 | E53: =IFERROR(('bloco 02'!F45),"") | F53: ='bloco 02'!G45
A54: ='bloco 02'!J3
A55: SEMANA 02
A56: TREINO 01
B57: SETS | C57: REPS | D57: KG | E57: %1RM / PSE | F57: OBS
A58: ='bloco 02'!$I6 | B58: ='bloco 02'!J6 | C58: ='bloco 02'!K6 | D58: ='bloco 02'!L6 | E58: =IFERROR(('bloco 02'!M6),"") | F58: ='bloco 02'!N6
A59: ='bloco 02'!$I7 | B59: ='bloco 02'!J7 | C59: ='bloco 02'!K7 | D59: ='bloco 02'!L7 | E59: =IFERROR(('bloco 02'!M7),"") | F59: ='bloco 02'!N7
A60: ='bloco 02'!$I8 | B60: ='bloco 02'!J8 | C60: ='bloco 02'!K8 | D60: ='bloco 02'!L8 | E60: =IFERROR(('bloco 02'!M8),"") | F60: ='bloco 02'!N8
A61: ='bloco 02'!$I9 | B61: ='bloco 02'!J9 | C61: ='bloco 02'!K9 | D61: ='bloco 02'!L9 | E61: =IFERROR(('bloco 02'!M9),"") | F61: ='bloco 02'!N9
A62: ='bloco 02'!$I10 | B62: ='bloco 02'!J10 | C62: ='bloco 02'!K10 | D62: ='bloco 02'!L10 | E62: =IFERROR(('bloco 02'!M10),"") | F62: ='bloco 02'!N10
A63: ='bloco 02'!$I11 | B63: ='bloco 02'!J11 | C63: ='bloco 02'!K11 | D63: ='bloco 02'!L11 | E63: =IFERROR(('bloco 02'!M11),"") | F63: ='bloco 02'!N11
A64: ='bloco 02'!$I12 | B64: ='bloco 02'!J12 | C64: ='bloco 02'!K12 | D64: ='bloco 02'!L12 | E64: =IFERROR(('bloco 02'!M12),"") | F64: ='bloco 02'!N12
A65: ='bloco 02'!$I13 | B65: ='bloco 02'!J13 | C65: ='bloco 02'!K13 | D65: ='bloco 02'!L13 | E65: =IFERROR(('bloco 02'!M13),"") | F65: ='bloco 02'!N13
A66: ='bloco 02'!$I14 | B66: ='bloco 02'!J14 | C66: ='bloco 02'!K14 | D66: ='bloco 02'!L14 | E66: =IFERROR(('bloco 02'!M14),"") | F66: ='bloco 02'!N14
A67: ='bloco 02'!$I15 | B67: ='bloco 02'!J15 | C67: ='bloco 02'!K15 | D67: ='bloco 02'!L15 | E67: =IFERROR(('bloco 02'!M15),"") | F67: ='bloco 02'!N15
A68: TREINO 02
B69: SETS | C69: REPS | D69: KG | E69: %1RM / PSE | F69: OBS
A70: ='bloco 02'!$I21 | B70: ='bloco 02'!J21 | C70: ='bloco 02'!K21 | D70: ='bloco 02'!L21 | E70: =IFERROR(('bloco 02'!M21),"") | F70: ='bloco 02'!N21
A71: ='bloco 02'!$I22 | B71: ='bloco 02'!J22 | C71: ='bloco 02'!K22 | D71: ='bloco 02'!L22 | E71: =IFERROR(('bloco 02'!M22),"") | F71: ='bloco 02'!N22
A72: ='bloco 02'!$I23 | B72: ='bloco 02'!J23 | C72: ='bloco 02'!K23 | D72: ='bloco 02'!L23 | E72: =IFERROR(('bloco 02'!M23),"") | F72: ='bloco 02'!N23
A73: ='bloco 02'!$I24 | B73: ='bloco 02'!J24 | C73: ='bloco 02'!K24 | D73: ='bloco 02'!L24 | E73: =IFERROR(('bloco 02'!M24),"") | F73: ='bloco 02'!N24
A74: ='bloco 02'!$I25 | B74: ='bloco 02'!J25 | C74: ='bloco 02'!K25 | D74: ='bloco 02'!L25 | E74: =IFERROR(('bloco 02'!M25),"") | F74: ='bloco 02'!N25
A75: ='bloco 02'!$I26 | B75: ='bloco 02'!J26 | C75: ='bloco 02'!K26 | D75: ='bloco 02'!L26 | E75: =IFERROR(('bloco 02'!M26),"") | F75: ='bloco 02'!N26
A76: ='bloco 02'!$I27 | B76: ='bloco 02'!J27 | C76: ='bloco 02'!K27 | D76: ='bloco 02'!L27 | E76: =IFERROR(('bloco 02'!M27),"") | F76: ='bloco 02'!N27
A77: ='bloco 02'!$I28 | B77: ='bloco 02'!J28 | C77: ='bloco 02'!K28 | D77: ='bloco 02'!L28 | E77: =IFERROR(('bloco 02'!M28),"") | F77: ='bloco 02'!N28
A78: ='bloco 02'!$I29 | B78: ='bloco 02'!J29 | C78: ='bloco 02'!K29 | D78: ='bloco 02'!L29 | E78: =IFERROR(('bloco 02'!M29),"") | F78: ='bloco 02'!N29
A79: ='bloco 02'!$I30 | B79: ='bloco 02'!J30 | C79: ='bloco 02'!K30 | D79: ='bloco 02'!L30 | E79: =IFERROR(('bloco 02'!M30),"") | F79: ='bloco 02'!N30
A80: TREINO 03
B81: SETS | C81: REPS | D81: KG | E81: %1RM / PSE | F81: OBS
A82: ='bloco 02'!$I36 | B82: ='bloco 02'!J36 | C82: ='bloco 02'!K36 | D82: ='bloco 02'!L36 | E82: =IFERROR(('bloco 02'!M36),"") | F82: ='bloco 02'!N36
A83: ='bloco 02'!$I37 | B83: ='bloco 02'!J37 | C83: ='bloco 02'!K37 | D83: ='bloco 02'!L37 | E83: =IFERROR(('bloco 02'!M37),"") | F83: ='bloco 02'!N37
A84: ='bloco 02'!$I38 | B84: ='bloco 02'!J38 | C84: ='bloco 02'!K38 | D84: ='bloco 02'!L38 | E84: =IFERROR(('bloco 02'!M38),"") | F84: ='bloco 02'!N38
A85: ='bloco 02'!$I39 | B85: ='bloco 02'!J39 | C85: ='bloco 02'!K39 | D85: ='bloco 02'!L39 | E85: =IFERROR(('bloco 02'!M39),"") | F85: ='bloco 02'!N39
A86: ='bloco 02'!$I40 | B86: ='bloco 02'!J40 | C86: ='bloco 02'!K40 | D86: ='bloco 02'!L40 | E86: =IFERROR(('bloco 02'!M40),"") | F86: ='bloco 02'!N40
A87: ='bloco 02'!$I41 | B87: ='bloco 02'!J41 | C87: ='bloco 02'!K41 | D87: ='bloco 02'!L41 | E87: =IFERROR(('bloco 02'!M41),"") | F87: ='bloco 02'!N41
A88: ='bloco 02'!$I42 | B88: ='bloco 02'!J42 | C88: ='bloco 02'!K42 | D88: ='bloco 02'!L42 | E88: =IFERROR(('bloco 02'!M42),"") | F88: ='bloco 02'!N42
A89: ='bloco 02'!$I43 | B89: ='bloco 02'!J43 | C89: ='bloco 02'!K43 | D89: ='bloco 02'!L43 | E89: =IFERROR(('bloco 02'!M43),"") | F89: ='bloco 02'!N43
A90: ='bloco 02'!$I44 | B90: ='bloco 02'!J44 | C90: ='bloco 02'!K44 | D90: ='bloco 02'!L44 | E90: =IFERROR(('bloco 02'!M44),"") | F90: ='bloco 02'!N44
A91: ='bloco 02'!$I45 | B91: ='bloco 02'!J45 | C91: ='bloco 02'!K45 | D91: ='bloco 02'!L45 | E91: =IFERROR(('bloco 02'!M45),"") | F91: ='bloco 02'!N45
A109: ='bloco 02'!Q3
A110: SEMANA 03
A111: TREINO 01
B112: SETS | C112: REPS | D112: KG | E112: %1RM / PSE | F112: OBS
A113: ='bloco 02'!$P6 | B113: ='bloco 02'!Q6 | C113: ='bloco 02'!R6 | D113: ='bloco 02'!S6 | E113: =IFERROR(('bloco 02'!T6),"") | F113: ='bloco 02'!U6
A114: ='bloco 02'!$P7 | B114: ='bloco 02'!Q7 | C114: ='bloco 02'!R7 | D114: ='bloco 02'!S7 | E114: =IFERROR(('bloco 02'!T7),"") | F114: ='bloco 02'!U7
A115: ='bloco 02'!$P8 | B115: ='bloco 02'!Q8 | C115: ='bloco 02'!R8 | D115: ='bloco 02'!S8 | E115: =IFERROR(('bloco 02'!T8),"") | F115: ='bloco 02'!U8
A116: ='bloco 02'!$P9 | B116: ='bloco 02'!Q9 | C116: ='bloco 02'!R9 | D116: ='bloco 02'!S9 | E116: =IFERROR(('bloco 02'!T9),"") | F116: ='bloco 02'!U9
A117: ='bloco 02'!$P10 | B117: ='bloco 02'!Q10 | C117: ='bloco 02'!R10 | D117: ='bloco 02'!S10 | E117: =IFERROR(('bloco 02'!T10),"") | F117: ='bloco 02'!U10
A118: ='bloco 02'!$P11 | B118: ='bloco 02'!Q11 | C118: ='bloco 02'!R11 | D118: ='bloco 02'!S11 | E118: =IFERROR(('bloco 02'!T11),"") | F118: ='bloco 02'!U11
A119: ='bloco 02'!$P12 | B119: ='bloco 02'!Q12 | C119: ='bloco 02'!R12 | D119: ='bloco 02'!S12 | E119: =IFERROR(('bloco 02'!T12),"") | F119: ='bloco 02'!U12
A120: ='bloco 02'!$P13 | B120: ='bloco 02'!Q13 | C120: ='bloco 02'!R13 | D120: ='bloco 02'!S13 | E120: =IFERROR(('bloco 02'!T13),"") | F120: ='bloco 02'!U13
A121: ='bloco 02'!$P14 | B121: ='bloco 02'!Q14 | C121: ='bloco 02'!R14 | D121: ='bloco 02'!S14 | E121: =IFERROR(('bloco 02'!T14),"") | F121: ='bloco 02'!U14
A122: ='bloco 02'!$P15 | B122: ='bloco 02'!Q15 | C122: ='bloco 02'!R15 | D122: ='bloco 02'!S15 | E122: =IFERROR(('bloco 02'!T15),"") | F122: ='bloco 02'!U15
A123: TREINO 02
...

Sheet bloco 02
A1: BLOCO 02
A3: TREINO 01 | C3: =macro!F6 | J3: =C3+7 | Q3: =J3+7 | X3: =Q3+7
C4: SETS | D4: REPS | E4: KG | F4: %1RM | G4: OBS | J4: SETS | K4: REPS | L4: KG | M4: %1RM | N4: OBS | Q4: SETS | R4: REPS | S4: KG | T4: %1RM | U4: OBS | X4: SETS | Y4: REPS | Z4: KG | AA4: %1RM | AB4: OBS
B5: exercícios | F5: pse | I5: exercícios | M5: pse | P5: exercícios | T5: pse | W5: exercícios | AA5: pse
F6: =IFERROR(__xludf.DUMMYFUNCTION("IFERROR($E6/INDEX(prs!$D$18:$D$24,MATCH(TRUE,ARRAYFORMULA(ISNUMBER(SEARCH(prs!$A$18:$A$24,$B6))),0)),"""")"),"") | M6: =IFERROR(__xludf.DUMMYFUNCTION("IFERROR($L6/INDEX(prs!$D$18:$D$24,MATCH(TRUE,ARRAYFORMULA(ISNUMBER(SEARCH(prs!$A$18:$A$24,$I6))),0)),"""")"),"") | T6: =IFERROR(__xludf.DUMMYFUNCTION("IFERROR($S6/INDEX(prs!$D$18:$D$24,MATCH(TRUE,ARRAYFORMULA(ISNUMBER(SEARCH(prs!$A$18:$A$24,$P6))),0)),"""")"),"") | AA6: =IFERROR(__xludf.DUMMYFUNCTION("IFERROR($Z6/INDEX(prs!$D$18:$D$24,MATCH(TRUE,ARRAYFORMULA(ISNUMBER(SEARCH(prs!$A$18:$A$24,$W6))),0)),"""")"),"")
F7: =IFERROR(__xludf.DUMMYFUNCTION("IFERROR($E7/INDEX(prs!$D$18:$D$24,MATCH(TRUE,ARRAYFORMULA(ISNUMBER(SEARCH(prs!$A$18:$A$24,$B7))),0)),"""")"),"") | M7: =IFERROR(__xludf.DUMMYFUNCTION("IFERROR($L7/INDEX(prs!$D$18:$D$24,MATCH(TRUE,ARRAYFORMULA(ISNUMBER(SEARCH(prs!$A$18:$A$24,$I7))),0)),"""")"),"") | T7: =IFERROR(__xludf.DUMMYFUNCTION("IFERROR($S7/INDEX(prs!$D$18:$D$24,MATCH(TRUE,ARRAYFORMULA(ISNUMBER(SEARCH(prs!$A$18:$A$24,$P7))),0)),"""")"),"") | AA7: =IFERROR(__xludf.DUMMYFUNCTION("IFERROR($Z7/INDEX(prs!$D$18:$D$24,MATCH(TRUE,ARRAYFORMULA(ISNUMBER(SEARCH(prs!$A$18:$A$24,$W7))),0)),"""")"),"")
F8: =IFERROR(__xludf.DUMMYFUNCTION("IFERROR($E8/INDEX(prs!$D$18:$D$24,MATCH(TRUE,ARRAYFORMULA(ISNUMBER(SEARCH(prs!$A$18:$A$24,$B8))),0)),"""")"),"") | M8: =IFERROR(__xludf.DUMMYFUNCTION("IFERROR($L8/INDEX(prs!$D$18:$D$24,MATCH(TRUE,ARRAYFORMULA(ISNUMBER(SEARCH(prs!$A$18:$A$24,$I8))),0)),"""")"),"") | T8: =IFERROR(__xludf.DUMMYFUNCTION("IFERROR($S8/INDEX(prs!$D$18:$D$24,MATCH(TRUE,ARRAYFORMULA(ISNUMBER(SEARCH(prs!$A$18:$A$24,$P8))),0)),"""")"),"") | AA8: =IFERROR(__xludf.DUMMYFUNCTION("IFERROR($Z8/INDEX(prs!$D$18:$D$24,MATCH(TRUE,ARRAYFORMULA(ISNUMBER(SEARCH(prs!$A$18:$A$24,$W8))),0)),"""")"),"")
F9: =IFERROR(__xludf.DUMMYFUNCTION("IFERROR($E9/INDEX(prs!$D$18:$D$24,MATCH(TRUE,ARRAYFORMULA(ISNUMBER(SEARCH(prs!$A$18:$A$24,$B9))),0)),"""")"),"") | M9: =IFERROR(__xludf.DUMMYFUNCTION("IFERROR($L9/INDEX(prs!$D$18:$D$24,MATCH(TRUE,ARRAYFORMULA(ISNUMBER(SEARCH(prs!$A$18:$A$24,$I9))),0)),"""")"),"") | T9: =IFERROR(__xludf.DUMMYFUNCTION("IFERROR($S9/INDEX(prs!$D$18:$D$24,MATCH(TRUE,ARRAYFORMULA(ISNUMBER(SEARCH(prs!$A$18:$A$24,$P9))),0)),"""")"),"") | AA9: =IFERROR(__xludf.DUMMYFUNCTION("IFERROR($Z9/INDEX(prs!$D$18:$D$24,MATCH(TRUE,ARRAYFORMULA(ISNUMBER(SEARCH(prs!$A$18:$A$24,$W9))),0)),"""")"),"")
F10: =IFERROR(__xludf.DUMMYFUNCTION("IFERROR($E10/INDEX(prs!$D$18:$D$24,MATCH(TRUE,ARRAYFORMULA(ISNUMBER(SEARCH(prs!$A$18:$A$24,$B10))),0)),"""")"),"") | M10: =IFERROR(__xludf.DUMMYFUNCTION("IFERROR($L10/INDEX(prs!$D$18:$D$24,MATCH(TRUE,ARRAYFORMULA(ISNUMBER(SEARCH(prs!$A$18:$A$24,$I10))),0)),"""")"),"") | T10: =IFERROR(__xludf.DUMMYFUNCTION("IFERROR($S10/INDEX(prs!$D$18:$D$24,MATCH(TRUE,ARRAYFORMULA(ISNUMBER(SEARCH(prs!$A$18:$A$24,$P10))),0)),"""")"),"") | AA10: =IFERROR(__xludf.DUMMYFUNCTION("IFERROR($Z10/INDEX(prs!$D$18:$D$24,MATCH(TRUE,ARRAYFORMULA(ISNUMBER(SEARCH(prs!$A$18:$A$24,$W10))),0)),"""")"),"")
F11: =IFERROR(__xludf.DUMMYFUNCTION("IFERROR($E11/INDEX(prs!$D$18:$D$24,MATCH(TRUE,ARRAYFORMULA(ISNUMBER(SEARCH(prs!$A$18:$A$24,$B11))),0)),"""")"),"") | M11: =IFERROR(__xludf.DUMMYFUNCTION("IFERROR($L11/INDEX(prs!$D$18:$D$24,MATCH(TRUE,ARRAYFORMULA(ISNUMBER(SEARCH(prs!$A$18:$A$24,$I11))),0)),"""")"),"") | T11: =IFERROR(__xludf.DUMMYFUNCTION("IFERROR($S11/INDEX(prs!$D$18:$D$24,MATCH(TRUE,ARRAYFORMULA(ISNUMBER(SEARCH(prs!$A$18:$A$24,$P11))),0)),"""")"),"") | AA11: =IFERROR(__xludf.DUMMYFUNCTION("IFERROR($Z11/INDEX(prs!$D$18:$D$24,MATCH(TRUE,ARRAYFORMULA(ISNUMBER(SEARCH(prs!$A$18:$A$24,$W11))),0)),"""")"),"")
F12: =IFERROR(__xludf.DUMMYFUNCTION("IFERROR($E12/INDEX(prs!$D$18:$D$24,MATCH(TRUE,ARRAYFORMULA(ISNUMBER(SEARCH(prs!$A$18:$A$24,$B12))),0)),"""")"),"") | M12: =IFERROR(__xludf.DUMMYFUNCTION("IFERROR($L12/INDEX(prs!$D$18:$D$24,MATCH(TRUE,ARRAYFORMULA(ISNUMBER(SEARCH(prs!$A$18:$A$24,$I12))),0)),"""")"),"") | T12: =IFERROR(__xludf.DUMMYFUNCTION("IFERROR($S12/INDEX(prs!$D$18:$D$24,MATCH(TRUE,ARRAYFORMULA(ISNUMBER(SEARCH(prs!$A$18:$A$24,$P12))),0)),"""")"),"") | AA12: =IFERROR(__xludf.DUMMYFUNCTION("IFERROR($Z12/INDEX(prs!$D$18:$D$24,MATCH(TRUE,ARRAYFORMULA(ISNUMBER(SEARCH(prs!$A$18:$A$24,$W12))),0)),"""")"),"")
F13: =IFERROR(__xludf.DUMMYFUNCTION("IFERROR($E13/INDEX(prs!$D$18:$D$24,MATCH(TRUE,ARRAYFORMULA(ISNUMBER(SEARCH(prs!$A$18:$A$24,$B13))),0)),"""")"),"") | M13: =IFERROR(__xludf.DUMMYFUNCTION("IFERROR($L13/INDEX(prs!$D$18:$D$24,MATCH(TRUE,ARRAYFORMULA(ISNUMBER(SEARCH(prs!$A$18:$A$24,$I13))),0)),"""")"),"") | T13: =IFERROR(__xludf.DUMMYFUNCTION("IFERROR($S13/INDEX(prs!$D$18:$D$24,MATCH(TRUE,ARRAYFORMULA(ISNUMBER(SEARCH(prs!$A$18:$A$24,$P13))),0)),"""")"),"") | AA13: =IFERROR(__xludf.DUMMYFUNCTION("IFERROR($Z13/INDEX(prs!$D$18:$D$24,MATCH(TRUE,ARRAYFORMULA(ISNUMBER(SEARCH(prs!$A$18:$A$24,$W13))),0)),"""")"),"")
F14: =IFERROR(__xludf.DUMMYFUNCTION("IFERROR($E14/INDEX(prs!$D$18:$D$24,MATCH(TRUE,ARRAYFORMULA(ISNUMBER(SEARCH(prs!$A$18:$A$24,$B14))),0)),"""")"),"") | M14: =IFERROR(__xludf.DUMMYFUNCTION("IFERROR($L14/INDEX(prs!$D$18:$D$24,MATCH(TRUE,ARRAYFORMULA(ISNUMBER(SEARCH(prs!$A$18:$A$24,$I14))),0)),"""")"),"") | T14: =IFERROR(__xludf.DUMMYFUNCTION("IFERROR($S14/INDEX(prs!$D$18:$D$24,MATCH(TRUE,ARRAYFORMULA(ISNUMBER(SEARCH(prs!$A$18:$A$24,$P14))),0)),"""")"),"") | AA14: =IFERROR(__xludf.DUMMYFUNCTION("IFERROR($Z14/INDEX(prs!$D$18:$D$24,MATCH(TRUE,ARRAYFORMULA(ISNUMBER(SEARCH(prs!$A$18:$A$24,$W14))),0)),"""")"),"")
F15: =IFERROR(__xludf.DUMMYFUNCTION("IFERROR($E15/INDEX(prs!$D$18:$D$24,MATCH(TRUE,ARRAYFORMULA(ISNUMBER(SEARCH(prs!$A$18:$A$24,$B15))),0)),"""")"),"") | M15: =IFERROR(__xludf.DUMMYFUNCTION("IFERROR($L15/INDEX(prs!$D$18:$D$24,MATCH(TRUE,ARRAYFORMULA(ISNUMBER(SEARCH(prs!$A$18:$A$24,$I15))),0)),"""")"),"") | T15: =IFERROR(__xludf.DUMMYFUNCTION("IFERROR($S15/INDEX(prs!$D$18:$D$24,MATCH(TRUE,ARRAYFORMULA(ISNUMBER(SEARCH(prs!$A$18:$A$24,$P15))),0)),"""")"),"") | AA15: =IFERROR(__xludf.DUMMYFUNCTION("IFERROR($Z15/INDEX(prs!$D$18:$D$24,MATCH(TRUE,ARRAYFORMULA(ISNUMBER(SEARCH(prs!$A$18:$A$24,$W15))),0)),"""")"),"")
C16: SEMANA 01 | J16: SEMANA 02 | Q16: SEMANA 03 | X16: SEMANA 04
A18: TREINO 02
C19: SETS | D19: REPS | E19: KG | F19: %1RM | G19: OBS | J19: SETS | K19: REPS | L19: KG | M19: %1RM | N19: OBS | Q19: SETS | R19: REPS | S19: KG | T19: %1RM | U19: OBS | X19: SETS | Y19: REPS | Z19: KG | AA19: %1RM | AB19: OBS
B20: exercícios | F20: pse | I20: exercícios | M20: pse | P20: exercícios | T20: pse | W20: exercícios | AA20: pse
F21: =IFERROR(__xludf.DUMMYFUNCTION("IFERROR($E21/INDEX(prs!$D$18:$D$24,MATCH(TRUE,ARRAYFORMULA(ISNUMBER(SEARCH(prs!$A$18:$A$24,$B21))),0)),"""")"),"") | M21: =IFERROR(__xludf.DUMMYFUNCTION("IFERROR($L21/INDEX(prs!$D$18:$D$24,MATCH(TRUE,ARRAYFORMULA(ISNUMBER(SEARCH(prs!$A$18:$A$24,$I21))),0)),"""")"),"") | T21: =IFERROR(__xludf.DUMMYFUNCTION("IFERROR($S21/INDEX(prs!$D$18:$D$24,MATCH(TRUE,ARRAYFORMULA(ISNUMBER(SEARCH(prs!$A$18:$A$24,$P21))),0)),"""")"),"") | AA21: =IFERROR(__xludf.DUMMYFUNCTION("IFERROR($Z21/INDEX(prs!$D$18:$D$24,MATCH(TRUE,ARRAYFORMULA(ISNUMBER(SEARCH(prs!$A$18:$A$24,$W21))),0)),"""")"),"")
F22: =IFERROR(__xludf.DUMMYFUNCTION("IFERROR($E22/INDEX(prs!$D$18:$D$24,MATCH(TRUE,ARRAYFORMULA(ISNUMBER(SEARCH(prs!$A$18:$A$24,$B22))),0)),"""")"),"") | M22: =IFERROR(__xludf.DUMMYFUNCTION("IFERROR($L22/INDEX(prs!$D$18:$D$24,MATCH(TRUE,ARRAYFORMULA(ISNUMBER(SEARCH(prs!$A$18:$A$24,$I22))),0)),"""")"),"") | T22: =IFERROR(__xludf.DUMMYFUNCTION("IFERROR($S22/INDEX(prs!$D$18:$D$24,MATCH(TRUE,ARRAYFORMULA(ISNUMBER(SEARCH(prs!$A$18:$A$24,$P22))),0)),"""")"),"") | AA22: =IFERROR(__xludf.DUMMYFUNCTION("IFERROR($Z22/INDEX(prs!$D$18:$D$24,MATCH(TRUE,ARRAYFORMULA(ISNUMBER(SEARCH(prs!$A$18:$A$24,$W22))),0)),"""")"),"")
F23: =IFERROR(__xludf.DUMMYFUNCTION("IFERROR($E23/INDEX(prs!$D$18:$D$24,MATCH(TRUE,ARRAYFORMULA(ISNUMBER(SEARCH(prs!$A$18:$A$24,$B23))),0)),"""")"),"") | M23: =IFERROR(__xludf.DUMMYFUNCTION("IFERROR($L23/INDEX(prs!$D$18:$D$24,MATCH(TRUE,ARRAYFORMULA(ISNUMBER(SEARCH(prs!$A$18:$A$24,$I23))),0)),"""")"),"") | T23: =IFERROR(__xludf.DUMMYFUNCTION("IFERROR($S23/INDEX(prs!$D$18:$D$24,MATCH(TRUE,ARRAYFORMULA(ISNUMBER(SEARCH(prs!$A$18:$A$24,$P23))),0)),"""")"),"") | AA23: =IFERROR(__xludf.DUMMYFUNCTION("IFERROR($Z23/INDEX(prs!$D$18:$D$24,MATCH(TRUE,ARRAYFORMULA(ISNUMBER(SEARCH(prs!$A$18:$A$24,$W23))),0)),"""")"),"")
F24: =IFERROR(__xludf.DUMMYFUNCTION("IFERROR($E24/INDEX(prs!$D$18:$D$24,MATCH(TRUE,ARRAYFORMULA(ISNUMBER(SEARCH(prs!$A$18:$A$24,$B24))),0)),"""")"),"") | M24: =IFERROR(__xludf.DUMMYFUNCTION("IFERROR($L24/INDEX(prs!$D$18:$D$24,MATCH(TRUE,ARRAYFORMULA(ISNUMBER(SEARCH(prs!$A$18:$A$24,$I24))),0)),"""")"),"") | T24: =IFERROR(__xludf.DUMMYFUNCTION("IFERROR($S24/INDEX(prs!$D$18:$D$24,MATCH(TRUE,ARRAYFORMULA(ISNUMBER(SEARCH(prs!$A$18:$A$24,$P24))),0)),"""")"),"") | AA24: =IFERROR(__xludf.DUMMYFUNCTION("IFERROR($Z24/INDEX(prs!$D$18:$D$24,MATCH(TRUE,ARRAYFORMULA(ISNUMBER(SEARCH(prs!$A$18:$A$24,$W24))),0)),"""")"),"")
F25: =IFERROR(__xludf.DUMMYFUNCTION("IFERROR($E25/INDEX(prs!$D$18:$D$24,MATCH(TRUE,ARRAYFORMULA(ISNUMBER(SEARCH(prs!$A$18:$A$24,$B25))),0)),"""")"),"") | M25: =IFERROR(__xludf.DUMMYFUNCTION("IFERROR($L25/INDEX(prs!$D$18:$D$24,MATCH(TRUE,ARRAYFORMULA(ISNUMBER(SEARCH(prs!$A$18:$A$24,$I25))),0)),"""")"),"") | T25: =IFERROR(__xludf.DUMMYFUNCTION("IFERROR($S25/INDEX(prs!$D$18:$D$24,MATCH(TRUE,ARRAYFORMULA(ISNUMBER(SEARCH(prs!$A$18:$A$24,$P25))),0)),"""")"),"") | AA25: =IFERROR(__xludf.DUMMYFUNCTION("IFERROR($Z25/INDEX(prs!$D$18:$D$24,MATCH(TRUE,ARRAYFORMULA(ISNUMBER(SEARCH(prs!$A$18:$A$24,$W25))),0)),"""")"),"")
F26: =IFERROR(__xludf.DUMMYFUNCTION("IFERROR($E26/INDEX(prs!$D$18:$D$24,MATCH(TRUE,ARRAYFORMULA(ISNUMBER(SEARCH(prs!$A$18:$A$24,$B26))),0)),"""")"),"") | M26: =IFERROR(__xludf.DUMMYFUNCTION("IFERROR($L26/INDEX(prs!$D$18:$D$24,MATCH(TRUE,ARRAYFORMULA(ISNUMBER(SEARCH(prs!$A$18:$A$24,$I26))),0)),"""")"),"") | T26: =IFERROR(__xludf.DUMMYFUNCTION("IFERROR($S26/INDEX(prs!$D$18:$D$24,MATCH(TRUE,ARRAYFORMULA(ISNUMBER(SEARCH(prs!$A$18:$A$24,$P26))),0)),"""")"),"") | AA26: =IFERROR(__xludf.DUMMYFUNCTION("IFERROR($Z26/INDEX(prs!$D$18:$D$24,MATCH(TRUE,ARRAYFORMULA(ISNUMBER(SEARCH(prs!$A$18:$A$24,$W26))),0)),"""")"),"")
F27: =IFERROR(__xludf.DUMMYFUNCTION("IFERROR($E27/INDEX(prs!$D$18:$D$24,MATCH(TRUE,ARRAYFORMULA(ISNUMBER(SEARCH(prs!$A$18:$A$24,$B27))),0)),"""")"),"") | M27: =IFERROR(__xludf.DUMMYFUNCTION("IFERROR($L27/INDEX(prs!$D$18:$D$24,MATCH(TRUE,ARRAYFORMULA(ISNUMBER(SEARCH(prs!$A$18:$A$24,$I27))),0)),"""")"),"") | T27: =IFERROR(__xludf.DUMMYFUNCTION("IFERROR($S27/INDEX(prs!$D$18:$D$24,MATCH(TRUE,ARRAYFORMULA(ISNUMBER(SEARCH(prs!$A$18:$A$24,$P27))),0)),"""")"),"") | AA27: =IFERROR(__xludf.DUMMYFUNCTION("IFERROR($Z27/INDEX(prs!$D$18:$D$24,MATCH(TRUE,ARRAYFORMULA(ISNUMBER(SEARCH(prs!$A$18:$A$24,$W27))),0)),"""")"),"")
F28: =IFERROR(__xludf.DUMMYFUNCTION("IFERROR($E28/INDEX(prs!$D$18:$D$24,MATCH(TRUE,ARRAYFORMULA(ISNUMBER(SEARCH(prs!$A$18:$A$24,$B28))),0)),"""")"),"") | M28: =IFERROR(__xludf.DUMMYFUNCTION("IFERROR($L28/INDEX(prs!$D$18:$D$24,MATCH(TRUE,ARRAYFORMULA(ISNUMBER(SEARCH(prs!$A$18:$A$24,$I28))),0)),"""")"),"") | T28: =IFERROR(__xludf.DUMMYFUNCTION("IFERROR($S28/INDEX(prs!$D$18:$D$24,MATCH(TRUE,ARRAYFORMULA(ISNUMBER(SEARCH(prs!$A$18:$A$24,$P28))),0)),"""")"),"") | AA28: =IFERROR(__xludf.DUMMYFUNCTION("IFERROR($Z28/INDEX(prs!$D$18:$D$24,MATCH(TRUE,ARRAYFORMULA(ISNUMBER(SEARCH(prs!$A$18:$A$24,$W28))),0)),"""")"),"")
F29: =IFERROR(__xludf.DUMMYFUNCTION("IFERROR($E29/INDEX(prs!$D$18:$D$24,MATCH(TRUE,ARRAYFORMULA(ISNUMBER(SEARCH(prs!$A$18:$A$24,$B29))),0)),"""")"),"") | M29: =IFERROR(__xludf.DUMMYFUNCTION("IFERROR($L29/INDEX(prs!$D$18:$D$24,MATCH(TRUE,ARRAYFORMULA(ISNUMBER(SEARCH(prs!$A$18:$A$24,$I29))),0)),"""")"),"") | T29: =IFERROR(__xludf.DUMMYFUNCTION("IFERROR($S29/INDEX(prs!$D$18:$D$24,MATCH(TRUE,ARRAYFORMULA(ISNUMBER(SEARCH(prs!$A$18:$A$24,$P29))),0)),"""")"),"") | AA29: =IFERROR(__xludf.DUMMYFUNCTION("IFERROR($Z29/INDEX(prs!$D$18:$D$24,MATCH(TRUE,ARRAYFORMULA(ISNUMBER(SEARCH(prs!$A$18:$A$24,$W29))),0)),"""")"),"")
F30: =IFERROR(__xludf.DUMMYFUNCTION("IFERROR($E30/INDEX(prs!$D$18:$D$24,MATCH(TRUE,ARRAYFORMULA(ISNUMBER(SEARCH(prs!$A$18:$A$24,$B30))),0)),"""")"),"") | M30: =IFERROR(__xludf.DUMMYFUNCTION("IFERROR($L30/INDEX(prs!$D$18:$D$24,MATCH(TRUE,ARRAYFORMULA(ISNUMBER(SEARCH(prs!$A$18:$A$24,$I30))),0)),"""")"),"") | T30: =IFERROR(__xludf.DUMMYFUNCTION("IFERROR($S30/INDEX(prs!$D$18:$D$24,MATCH(TRUE,ARRAYFORMULA(ISNUMBER(SEARCH(prs!$A$18:$A$24,$P30))),0)),"""")"),"") | AA30: =IFERROR(__xludf.DUMMYFUNCTION("IFERROR($Z30/INDEX(prs!$D$18:$D$24,MATCH(TRUE,ARRAYFORMULA(ISNUMBER(SEARCH(prs!$A$18:$A$24,$W30))),0)),"""")"),"")
C31: SEMANA 01 | J31: SEMANA 02 | Q31: SEMANA 03 | X31: SEMANA 04
A33: TREINO 03
C34: SETS | D34: REPS | E34: KG | F34: %1RM | G34: OBS | J34: SETS | K34: REPS | L34: KG | M34: %1RM | N34: OBS | Q34: SETS | R34: REPS | S34: KG | T34: %1RM | U34: OBS | X34: SETS | Y34: REPS | Z34: KG | AA34: %1RM | AB34: OBS
B35: exercícios | F35: pse | I35: exercícios | M35: pse | P35: exercícios | T35: pse | W35: exercícios | AA35: pse
F36: =IFERROR(__xludf.DUMMYFUNCTION("IFERROR($E36/INDEX(prs!$D$18:$D$24,MATCH(TRUE,ARRAYFORMULA(ISNUMBER(SEARCH(prs!$A$18:$A$24,$B36))),0)),"""")"),"") | M36: =IFERROR(__xludf.DUMMYFUNCTION("IFERROR($L36/INDEX(prs!$D$18:$D$24,MATCH(TRUE,ARRAYFORMULA(ISNUMBER(SEARCH(prs!$A$18:$A$24,$I36))),0)),"""")"),"") | T36: =IFERROR(__xludf.DUMMYFUNCTION("IFERROR($S36/INDEX(prs!$D$18:$D$24,MATCH(TRUE,ARRAYFORMULA(ISNUMBER(SEARCH(prs!$A$18:$A$24,$P36))),0)),"""")"),"") | AA36: =IFERROR(__xludf.DUMMYFUNCTION("IFERROR($Z36/INDEX(prs!$D$18:$D$24,MATCH(TRUE,ARRAYFORMULA(ISNUMBER(SEARCH(prs!$A$18:$A$24,$W36))),0)),"""")"),"")
F37: =IFERROR(__xludf.DUMMYFUNCTION("IFERROR($E37/INDEX(prs!$D$18:$D$24,MATCH(TRUE,ARRAYFORMULA(ISNUMBER(SEARCH(prs!$A$18:$A$24,$B37))),0)),"""")"),"") | M37: =IFERROR(__xludf.DUMMYFUNCTION("IFERROR($L37/INDEX(prs!$D$18:$D$24,MATCH(TRUE,ARRAYFORMULA(ISNUMBER(SEARCH(prs!$A$18:$A$24,$I37))),0)),"""")"),"") | T37: =IFERROR(__xludf.DUMMYFUNCTION("IFERROR($S37/INDEX(prs!$D$18:$D$24,MATCH(TRUE,ARRAYFORMULA(ISNUMBER(SEARCH(prs!$A$18:$A$24,$P37))),0)),"""")"),"") | AA37: =IFERROR(__xludf.DUMMYFUNCTION("IFERROR($Z37/INDEX(prs!$D$18:$D$24,MATCH(TRUE,ARRAYFORMULA(ISNUMBER(SEARCH(prs!$A$18:$A$24,$W37))),0)),"""")"),"")
F38: =IFERROR(__xludf.DUMMYFUNCTION("IFERROR($E38/INDEX(prs!$D$18:$D$24,MATCH(TRUE,ARRAYFORMULA(ISNUMBER(SEARCH(prs!$A$18:$A$24,$B38))),0)),"""")"),"") | M38: =IFERROR(__xludf.DUMMYFUNCTION("IFERROR($L38/INDEX(prs!$D$18:$D$24,MATCH(TRUE,ARRAYFORMULA(ISNUMBER(SEARCH(prs!$A$18:$A$24,$I38))),0)),"""")"),"") | T38: =IFERROR(__xludf.DUMMYFUNCTION("IFERROR($S38/INDEX(prs!$D$18:$D$24,MATCH(TRUE,ARRAYFORMULA(ISNUMBER(SEARCH(prs!$A$18:$A$24,$P38))),0)),"""")"),"") | AA38: =IFERROR(__xludf.DUMMYFUNCTION("IFERROR($Z38/INDEX(prs!$D$18:$D$24,MATCH(TRUE,ARRAYFORMULA(ISNUMBER(SEARCH(prs!$A$18:$A$24,$W38))),0)),"""")"),"")
F39: =IFERROR(__xludf.DUMMYFUNCTION("IFERROR($E39/INDEX(prs!$D$18:$D$24,MATCH(TRUE,ARRAYFORMULA(ISNUMBER(SEARCH(prs!$A$18:$A$24,$B39))),0)),"""")"),"") | M39: =IFERROR(__xludf.DUMMYFUNCTION("IFERROR($L39/INDEX(prs!$D$18:$D$24,MATCH(TRUE,ARRAYFORMULA(ISNUMBER(SEARCH(prs!$A$18:$A$24,$I39))),0)),"""")"),"") | T39: =IFERROR(__xludf.DUMMYFUNCTION("IFERROR($S39/INDEX(prs!$D$18:$D$24,MATCH(TRUE,ARRAYFORMULA(ISNUMBER(SEARCH(prs!$A$18:$A$24,$P39))),0)),"""")"),"") | AA39: =IFERROR(__xludf.DUMMYFUNCTION("IFERROR($Z39/INDEX(prs!$D$18:$D$24,MATCH(TRUE,ARRAYFORMULA(ISNUMBER(SEARCH(prs!$A$18:$A$24,$W39))),0)),"""")"),"")
F40: =IFERROR(__xludf.DUMMYFUNCTION("IFERROR($E40/INDEX(prs!$D$18:$D$24,MATCH(TRUE,ARRAYFORMULA(ISNUMBER(SEARCH(prs!$A$18:$A$24,$B40))),0)),"""")"),"") | M40: =IFERROR(__xludf.DUMMYFUNCTION("IFERROR($L40/INDEX(prs!$D$18:$D$24,MATCH(TRUE,ARRAYFORMULA(ISNUMBER(SEARCH(prs!$A$18:$A$24,$I40))),0)),"""")"),"") | T40: =IFERROR(__xludf.DUMMYFUNCTION("IFERROR($S40/INDEX(prs!$D$18:$D$24,MATCH(TRUE,ARRAYFORMULA(ISNUMBER(SEARCH(prs!$A$18:$A$24,$P40))),0)),"""")"),"") | AA40: =IFERROR(__xludf.DUMMYFUNCTION("IFERROR($Z40/INDEX(prs!$D$18:$D$24,MATCH(TRUE,ARRAYFORMULA(ISNUMBER(SEARCH(prs!$A$18:$A$24,$W40))),0)),"""")"),"")
F41: =IFERROR(__xludf.DUMMYFUNCTION("IFERROR($E41/INDEX(prs!$D$18:$D$24,MATCH(TRUE,ARRAYFORMULA(ISNUMBER(SEARCH(prs!$A$18:$A$24,$B41))),0)),"""")"),"") | M41: =IFERROR(__xludf.DUMMYFUNCTION("IFERROR($L41/INDEX(prs!$D$18:$D$24,MATCH(TRUE,ARRAYFORMULA(ISNUMBER(SEARCH(prs!$A$18:$A$24,$I41))),0)),"""")"),"") | T41: =IFERROR(__xludf.DUMMYFUNCTION("IFERROR($S41/INDEX(prs!$D$18:$D$24,MATCH(TRUE,ARRAYFORMULA(ISNUMBER(SEARCH(prs!$A$18:$A$24,$P41))),0)),"""")"),"") | AA41: =IFERROR(__xludf.DUMMYFUNCTION("IFERROR($Z41/INDEX(prs!$D$18:$D$24,MATCH(TRUE,ARRAYFORMULA(ISNUMBER(SEARCH(prs!$A$18:$A$24,$W41))),0)),"""")"),"")
F42: =IFERROR(__xludf.DUMMYFUNCTION("IFERROR($E42/INDEX(prs!$D$18:$D$24,MATCH(TRUE,ARRAYFORMULA(ISNUMBER(SEARCH(prs!$A$18:$A$24,$B42))),0)),"""")"),"") | M42: =IFERROR(__xludf.DUMMYFUNCTION("IFERROR($L42/INDEX(prs!$D$18:$D$24,MATCH(TRUE,ARRAYFORMULA(ISNUMBER(SEARCH(prs!$A$18:$A$24,$I42))),0)),"""")"),"") | T42: =IFERROR(__xludf.DUMMYFUNCTION("IFERROR($S42/INDEX(prs!$D$18:$D$24,MATCH(TRUE,ARRAYFORMULA(ISNUMBER(SEARCH(prs!$A$18:$A$24,$P42))),0)),"""")"),"") | AA42: =IFERROR(__xludf.DUMMYFUNCTION("IFERROR($Z42/INDEX(prs!$D$18:$D$24,MATCH(TRUE,ARRAYFORMULA(ISNUMBER(SEARCH(prs!$A$18:$A$24,$W42))),0)),"""")"),"")
F43: =IFERROR(__xludf.DUMMYFUNCTION("IFERROR($E43/INDEX(prs!$D$18:$D$24,MATCH(TRUE,ARRAYFORMULA(ISNUMBER(SEARCH(prs!$A$18:$A$24,$B43))),0)),"""")"),"") | M43: =IFERROR(__xludf.DUMMYFUNCTION("IFERROR($L43/INDEX(prs!$D$18:$D$24,MATCH(TRUE,ARRAYFORMULA(ISNUMBER(SEARCH(prs!$A$18:$A$24,$I43))),0)),"""")"),"") | T43: =IFERROR(__xludf.DUMMYFUNCTION("IFERROR($S43/INDEX(prs!$D$18:$D$24,MATCH(TRUE,ARRAYFORMULA(ISNUMBER(SEARCH(prs!$A$18:$A$24,$P43))),0)),"""")"),"") | AA43: =IFERROR(__xludf.DUMMYFUNCTION("IFERROR($Z43/INDEX(prs!$D$18:$D$24,MATCH(TRUE,ARRAYFORMULA(ISNUMBER(SEARCH(prs!$A$18:$A$24,$W43))),0)),"""")"),"")
F44: =IFERROR(__xludf.DUMMYFUNCTION("IFERROR($E44/INDEX(prs!$D$18:$D$24,MATCH(TRUE,ARRAYFORMULA(ISNUMBER(SEARCH(prs!$A$18:$A$24,$B44))),0)),"""")"),"") | M44: =IFERROR(__xludf.DUMMYFUNCTION("IFERROR($L44/INDEX(prs!$D$18:$D$24,MATCH(TRUE,ARRAYFORMULA(ISNUMBER(SEARCH(prs!$A$18:$A$24,$I44))),0)),"""")"),"") | T44: =IFERROR(__xludf.DUMMYFUNCTION("IFERROR($S44/INDEX(prs!$D$18:$D$24,MATCH(TRUE,ARRAYFORMULA(ISNUMBER(SEARCH(prs!$A$18:$A$24,$P44))),0)),"""")"),"") | AA44: =IFERROR(__xludf.DUMMYFUNCTION("IFERROR($Z44/INDEX(prs!$D$18:$D$24,MATCH(TRUE,ARRAYFORMULA(ISNUMBER(SEARCH(prs!$A$18:$A$24,$W44))),0)),"""")"),"")
F45: =IFERROR(__xludf.DUMMYFUNCTION("IFERROR($E45/INDEX(prs!$D$18:$D$24,MATCH(TRUE,ARRAYFORMULA(ISNUMBER(SEARCH(prs!$A$18:$A$24,$B45))),0)),"""")"),"") | M45: =IFERROR(__xludf.DUMMYFUNCTION("IFERROR($L45/INDEX(prs!$D$18:$D$24,MATCH(TRUE,ARRAYFORMULA(ISNUMBER(SEARCH(prs!$A$18:$A$24,$I45))),0)),"""")"),"") | T45: =IFERROR(__xludf.DUMMYFUNCTION("IFERROR($S45/INDEX(prs!$D$18:$D$24,MATCH(TRUE,ARRAYFORMULA(ISNUMBER(SEARCH(prs!$A$18:$A$24,$P45))),0)),"""")"),"") | AA45: =IFERROR(__xludf.DUMMYFUNCTION("IFERROR($Z45/INDEX(prs!$D$18:$D$24,MATCH(TRUE,ARRAYFORMULA(ISNUMBER(SEARCH(prs!$A$18:$A$24,$W45))),0)),"""")"),"")
C46: SEMANA 01 | J46: SEMANA 02 | Q46: SEMANA 03 | X46: SEMANA 04

Sheet aluno 03
B1: PLANILHA DE TREINAMENTO
B2: NOME | C2: ='aluno 01'!C2
B3: OBJETIVO | C3: ='aluno 01'!C3
B5: SEGUNDA | C5: TERÇA | D5: QUARTA | E5: QUINTA | F5: SEXTA
B6: ='aluno 01'!B6 | C6: ='aluno 01'!C6 | D6: ='aluno 01'!D6 | E6: ='aluno 01'!E6 | F6: ='aluno 01'!F6
A8: OBS
A9: ='aluno 01'!A9
A11: AQC
B12: SETS | C12: REPS / TEMPO | D12: KG | E12: OBS
A16: ='bloco 03'!C3
A17: SEMANA 01
A18: TREINO 01
B19: SETS | C19: REPS | D19: KG | E19: %1RM / PSE | F19: OBS
A20: ='bloco 03'!$B6 | B20: ='bloco 03'!C6 | C20: ='bloco 03'!D6 | D20: ='bloco 03'!E6 | E20: =IFERROR(('bloco 03'!F6),"") | F20: ='bloco 03'!G6
A21: ='bloco 03'!$B7 | B21: ='bloco 03'!C7 | C21: ='bloco 03'!D7 | D21: ='bloco 03'!E7 | E21: =IFERROR(('bloco 03'!F7),"") | F21: ='bloco 03'!G7
A22: ='bloco 03'!$B8 | B22: ='bloco 03'!C8 | C22: ='bloco 03'!D8 | D22: ='bloco 03'!E8 | E22: =IFERROR(('bloco 03'!F8),"") | F22: ='bloco 03'!G8
A23: ='bloco 03'!$B9 | B23: ='bloco 03'!C9 | C23: ='bloco 03'!D9 | D23: ='bloco 03'!E9 | E23: =IFERROR(('bloco 03'!F9),"") | F23: ='bloco 03'!G9
A24: ='bloco 03'!$B10 | B24: ='bloco 03'!C10 | C24: ='bloco 03'!D10 | D24: ='bloco 03'!E10 | E24: =IFERROR(('bloco 03'!F10),"") | F24: ='bloco 03'!G10
A25: ='bloco 03'!$B11 | B25: ='bloco 03'!C11 | C25: ='bloco 03'!D11 | D25: ='bloco 03'!E11 | E25: =IFERROR(('bloco 03'!F11),"") | F25: ='bloco 03'!G11
A26: ='bloco 03'!$B12 | B26: ='bloco 03'!C12 | C26: ='bloco 03'!D12 | D26: ='bloco 03'!E12 | E26: =IFERROR(('bloco 03'!F12),"") | F26: ='bloco 03'!G12
A27: ='bloco 03'!$B13 | B27: ='bloco 03'!C13 | C27: ='bloco 03'!D13 | D27: ='bloco 03'!E13 | E27: =IFERROR(('bloco 03'!F13),"") | F27: ='bloco 03'!G13
A28: ='bloco 03'!$B14 | B28: ='bloco 03'!C14 | C28: ='bloco 03'!D14 | D28: ='bloco 03'!E14 | E28: =IFERROR(('bloco 03'!F14),"") | F28: ='bloco 03'!G14
A29: ='bloco 03'!$B15 | B29: ='bloco 03'!C15 | C29: ='bloco 03'!D15 | D29: ='bloco 03'!E15 | E29: =IFERROR(('bloco 03'!F15),"") | F29: ='bloco 03'!G15
A30: TREINO 02
B31: SETS | C31: REPS | D31: KG | E31: %1RM / PSE | F31: OBS
A32: ='bloco 03'!$B21 | B32: ='bloco 03'!C21 | C32: ='bloco 03'!D21 | D32: ='bloco 03'!E21 | E32: =IFERROR(('bloco 03'!F21),"") | F32: ='bloco 03'!G21
A33: ='bloco 03'!$B22 | B33: ='bloco 03'!C22 | C33: ='bloco 03'!D22 | D33: ='bloco 03'!E22 | E33: =IFERROR(('bloco 03'!F22),"") | F33: ='bloco 03'!G22
A34: ='bloco 03'!$B23 | B34: ='bloco 03'!C23 | C34: ='bloco 03'!D23 | D34: ='bloco 03'!E23 | E34: =IFERROR(('bloco 03'!F23),"") | F34: ='bloco 03'!G23
A35: ='bloco 03'!$B24 | B35: ='bloco 03'!C24 | C35: ='bloco 03'!D24 | D35: ='bloco 03'!E24 | E35: =IFERROR(('bloco 03'!F24),"") | F35: ='bloco 03'!G24
A36: ='bloco 03'!$B25 | B36: ='bloco 03'!C25 | C36: ='bloco 03'!D25 | D36: ='bloco 03'!E25 | E36: =IFERROR(('bloco 03'!F25),"") | F36: ='bloco 03'!G25
A37: ='bloco 03'!$B26 | B37: ='bloco 03'!C26 | C37: ='bloco 03'!D26 | D37: ='bloco 03'!E26 | E37: =IFERROR(('bloco 03'!F26),"") | F37: ='bloco 03'!G26
A38: ='bloco 03'!$B27 | B38: ='bloco 03'!C27 | C38: ='bloco 03'!D27 | D38: ='bloco 03'!E27 | E38: =IFERROR(('bloco 03'!F27),"") | F38: ='bloco 03'!G27
A39: ='bloco 03'!$B28 | B39: ='bloco 03'!C28 | C39: ='bloco 03'!D28 | D39: ='bloco 03'!E28 | E39: =IFERROR(('bloco 03'!F28),"") | F39: ='bloco 03'!G28
A40: ='bloco 03'!$B29 | B40: ='bloco 03'!C29 | C40: ='bloco 03'!D29 | D40: ='bloco 03'!E29 | E40: =IFERROR(('bloco 03'!F29),"") | F40: ='bloco 03'!G29
A41: ='bloco 03'!$B30 | B41: ='bloco 03'!C30 | C41: ='bloco 03'!D30 | D41: ='bloco 03'!E30 | E41: =IFERROR(('bloco 03'!F30),"") | F41: ='bloco 03'!G30
A42: TREINO 03
B43: SETS | C43: REPS | D43: KG | E43: %1RM / PSE | F43: OBS
A44: ='bloco 03'!$B36 | B44: ='bloco 03'!C36 | C44: ='bloco 03'!D36 | D44: ='bloco 03'!E36 | E44: =IFERROR(('bloco 03'!F36),"") | F44: ='bloco 03'!G36
A45: ='bloco 03'!$B37 | B45: ='bloco 03'!C37 | C45: ='bloco 03'!D37 | D45: ='bloco 03'!E37 | E45: =IFERROR(('bloco 03'!F37),"") | F45: ='bloco 03'!G37
A46: ='bloco 03'!$B38 | B46: ='bloco 03'!C38 | C46: ='bloco 03'!D38 | D46: ='bloco 03'!E38 | E46: =IFERROR(('bloco 03'!F38),"") | F46: ='bloco 03'!G38
A47: ='bloco 03'!$B39 | B47: ='bloco 03'!C39 | C47: ='bloco 03'!D39 | D47: ='bloco 03'!E39 | E47: =IFERROR(('bloco 03'!F39),"") | F47: ='bloco 03'!G39
A48: ='bloco 03'!$B40 | B48: ='bloco 03'!C40 | C48: ='bloco 03'!D40 | D48: ='bloco 03'!E40 | E48: =IFERROR(('bloco 03'!F40),"") | F48: ='bloco 03'!G40
A49: ='bloco 03'!$B41 | B49: ='bloco 03'!C41 | C49: ='bloco 03'!D41 | D49: ='bloco 03'!E41 | E49: =IFERROR(('bloco 03'!F41),"") | F49: ='bloco 03'!G41
A50: ='bloco 03'!$B42 | B50: ='bloco 03'!C42 | C50: ='bloco 03'!D42 | D50: ='bloco 03'!E42 | E50: =IFERROR(('bloco 03'!F42),"") | F50: ='bloco 03'!G42
A51: ='bloco 03'!$B43 | B51: ='bloco 03'!C43 | C51: ='bloco 03'!D43 | D51: ='bloco 03'!E43 | E51: =IFERROR(('bloco 03'!F43),"") | F51: ='bloco 03'!G43
A52: ='bloco 03'!$B44 | B52: ='bloco 03'!C44 | C52: ='bloco 03'!D44 | D52: ='bloco 03'!E44 | E52: =IFERROR(('bloco 03'!F44),"") | F52: ='bloco 03'!G44
A53: ='bloco 03'!$B45 | B53: ='bloco 03'!C45 | C53: ='bloco 03'!D45 | D53: ='bloco 03'!E45 | E53: =IFERROR(('bloco 03'!F45),"") | F53: ='bloco 03'!G45
A54: ='bloco 03'!J3
A55: SEMANA 02
A56: TREINO 01
B57: SETS | C57: REPS | D57: KG | E57: %1RM / PSE | F57: OBS
A58: ='bloco 03'!$I6 | B58: ='bloco 03'!J6 | C58: ='bloco 03'!K6 | D58: ='bloco 03'!L6 | E58: =IFERROR(('bloco 03'!M6),"") | F58: ='bloco 03'!N6
A59: ='bloco 03'!$I7 | B59: ='bloco 03'!J7 | C59: ='bloco 03'!K7 | D59: ='bloco 03'!L7 | E59: =IFERROR(('bloco 03'!M7),"") | F59: ='bloco 03'!N7
A60: ='bloco 03'!$I8 | B60: ='bloco 03'!J8 | C60: ='bloco 03'!K8 | D60: ='bloco 03'!L8 | E60: =IFERROR(('bloco 03'!M8),"") | F60: ='bloco 03'!N8
A61: ='bloco 03'!$I9 | B61: ='bloco 03'!J9 | C61: ='bloco 03'!K9 | D61: ='bloco 03'!L9 | E61: =IFERROR(('bloco 03'!M9),"") | F61: ='bloco 03'!N9
A62: ='bloco 03'!$I10 | B62: ='bloco 03'!J10 | C62: ='bloco 03'!K10 | D62: ='bloco 03'!L10 | E62: =IFERROR(('bloco 03'!M10),"") | F62: ='bloco 03'!N10
A63: ='bloco 03'!$I11 | B63: ='bloco 03'!J11 | C63: ='bloco 03'!K11 | D63: ='bloco 03'!L11 | E63: =IFERROR(('bloco 03'!M11),"") | F63: ='bloco 03'!N11
A64: ='bloco 03'!$I12 | B64: ='bloco 03'!J12 | C64: ='bloco 03'!K12 | D64: ='bloco 03'!L12 | E64: =IFERROR(('bloco 03'!M12),"") | F64: ='bloco 03'!N12
A65: ='bloco 03'!$I13 | B65: ='bloco 03'!J13 | C65: ='bloco 03'!K13 | D65: ='bloco 03'!L13 | E65: =IFERROR(('bloco 03'!M13),"") | F65: ='bloco 03'!N13
A66: ='bloco 03'!$I14 | B66: ='bloco 03'!J14 | C66: ='bloco 03'!K14 | D66: ='bloco 03'!L14 | E66: =IFERROR(('bloco 03'!M14),"") | F66: ='bloco 03'!N14
A67: ='bloco 03'!$I15 | B67: ='bloco 03'!J15 | C67: ='bloco 03'!K15 | D67: ='bloco 03'!L15 | E67: =IFERROR(('bloco 03'!M15),"") | F67: ='bloco 03'!N15
A68: TREINO 02
B69: SETS | C69: REPS | D69: KG | E69: %1RM / PSE | F69: OBS
A70: ='bloco 03'!$I21 | B70: ='bloco 03'!J21 | C70: ='bloco 03'!K21 | D70: ='bloco 03'!L21 | E70: =IFERROR(('bloco 03'!M21),"") | F70: ='bloco 03'!N21
A71: ='bloco 03'!$I22 | B71: ='bloco 03'!J22 | C71: ='bloco 03'!K22 | D71: ='bloco 03'!L22 | E71: =IFERROR(('bloco 03'!M22),"") | F71: ='bloco 03'!N22
A72: ='bloco 03'!$I23 | B72: ='bloco 03'!J23 | C72: ='bloco 03'!K23 | D72: ='bloco 03'!L23 | E72: =IFERROR(('bloco 03'!M23),"") | F72: ='bloco 03'!N23
A73: ='bloco 03'!$I24 | B73: ='bloco 03'!J24 | C73: ='bloco 03'!K24 | D73: ='bloco 03'!L24 | E73: =IFERROR(('bloco 03'!M24),"") | F73: ='bloco 03'!N24
A74: ='bloco 03'!$I25 | B74: ='bloco 03'!J25 | C74: ='bloco 03'!K25 | D74: ='bloco 03'!L25 | E74: =IFERROR(('bloco 03'!M25),"") | F74: ='bloco 03'!N25
A75: ='bloco 03'!$I26 | B75: ='bloco 03'!J26 | C75: ='bloco 03'!K26 | D75: ='bloco 03'!L26 | E75: =IFERROR(('bloco 03'!M26),"") | F75: ='bloco 03'!N26
A76: ='bloco 03'!$I27 | B76: ='bloco 03'!J27 | C76: ='bloco 03'!K27 | D76: ='bloco 03'!L27 | E76: =IFERROR(('bloco 03'!M27),"") | F76: ='bloco 03'!N27
A77: ='bloco 03'!$I28 | B77: ='bloco 03'!J28 | C77: ='bloco 03'!K28 | D77: ='bloco 03'!L28 | E77: =IFERROR(('bloco 03'!M28),"") | F77: ='bloco 03'!N28
A78: ='bloco 03'!$I29 | B78: ='bloco 03'!J29 | C78: ='bloco 03'!K29 | D78: ='bloco 03'!L29 | E78: =IFERROR(('bloco 03'!M29),"") | F78: ='bloco 03'!N29
A79: ='bloco 03'!$I30 | B79: ='bloco 03'!J30 | C79: ='bloco 03'!K30 | D79: ='bloco 03'!L30 | E79: =IFERROR(('bloco 03'!M30),"") | F79: ='bloco 03'!N30
A80: TREINO 03
B81: SETS | C81: REPS | D81: KG | E81: %1RM / PSE | F81: OBS
A82: ='bloco 03'!$I36 | B82: ='bloco 03'!J36 | C82: ='bloco 03'!K36 | D82: ='bloco 03'!L36 | E82: =IFERROR(('bloco 03'!M36),"") | F82: ='bloco 03'!N36
A83: ='bloco 03'!$I37 | B83: ='bloco 03'!J37 | C83: ='bloco 03'!K37 | D83: ='bloco 03'!L37 | E83: =IFERROR(('bloco 03'!M37),"") | F83: ='bloco 03'!N37
A84: ='bloco 03'!$I38 | B84: ='bloco 03'!J38 | C84: ='bloco 03'!K38 | D84: ='bloco 03'!L38 | E84: =IFERROR(('bloco 03'!M38),"") | F84: ='bloco 03'!N38
A85: ='bloco 03'!$I39 | B85: ='bloco 03'!J39 | C85: ='bloco 03'!K39 | D85: ='bloco 03'!L39 | E85: =IFERROR(('bloco 03'!M39),"") | F85: ='bloco 03'!N39
A86: ='bloco 03'!$I40 | B86: ='bloco 03'!J40 | C86: ='bloco 03'!K40 | D86: ='bloco 03'!L40 | E86: =IFERROR(('bloco 03'!M40),"") | F86: ='bloco 03'!N40
A87: ='bloco 03'!$I41 | B87: ='bloco 03'!J41 | C87: ='bloco 03'!K41 | D87: ='bloco 03'!L41 | E87: =IFERROR(('bloco 03'!M41),"") | F87: ='bloco 03'!N41
A88: ='bloco 03'!$I42 | B88: ='bloco 03'!J42 | C88: ='bloco 03'!K42 | D88: ='bloco 03'!L42 | E88: =IFERROR(('bloco 03'!M42),"") | F88: ='bloco 03'!N42
A89: ='bloco 03'!$I43 | B89: ='bloco 03'!J43 | C89: ='bloco 03'!K43 | D89: ='bloco 03'!L43 | E89: =IFERROR(('bloco 03'!M43),"") | F89: ='bloco 03'!N43
A90: ='bloco 03'!$I44 | B90: ='bloco 03'!J44 | C90: ='bloco 03'!K44 | D90: ='bloco 03'!L44 | E90: =IFERROR(('bloco 03'!M44),"") | F90: ='bloco 03'!N44
A91: ='bloco 03'!$I45 | B91: ='bloco 03'!J45 | C91: ='bloco 03'!K45 | D91: ='bloco 03'!L45 | E91: =IFERROR(('bloco 03'!M45),"") | F91: ='bloco 03'!N45
A109: ='bloco 03'!Q3
A110: SEMANA 03
A111: TREINO 01
B112: SETS | C112: REPS | D112: KG | E112: %1RM / PSE | F112: OBS
A113: ='bloco 03'!$P6 | B113: ='bloco 03'!Q6 | C113: ='bloco 03'!R6 | D113: ='bloco 03'!S6 | E113: =IFERROR(('bloco 03'!T6),"") | F113: ='bloco 03'!U6
A114: ='bloco 03'!$P7 | B114: ='bloco 03'!Q7 | C114: ='bloco 03'!R7 | D114: ='bloco 03'!S7 | E114: =IFERROR(('bloco 03'!T7),"") | F114: ='bloco 03'!U7
A115: ='bloco 03'!$P8 | B115: ='bloco 03'!Q8 | C115: ='bloco 03'!R8 | D115: ='bloco 03'!S8 | E115: =IFERROR(('bloco 03'!T8),"") | F115: ='bloco 03'!U8
A116: ='bloco 03'!$P9 | B116: ='bloco 03'!Q9 | C116: ='bloco 03'!R9 | D116: ='bloco 03'!S9 | E116: =IFERROR(('bloco 03'!T9),"") | F116: ='bloco 03'!U9
A117: ='bloco 03'!$P10 | B117: ='bloco 03'!Q10 | C117: ='bloco 03'!R10 | D117: ='bloco 03'!S10 | E117: =IFERROR(('bloco 03'!T10),"") | F117: ='bloco 03'!U10
A118: ='bloco 03'!$P11 | B118: ='bloco 03'!Q11 | C118: ='bloco 03'!R11 | D118: ='bloco 03'!S11 | E118: =IFERROR(('bloco 03'!T11),"") | F118: ='bloco 03'!U11
A119: ='bloco 03'!$P12 | B119: ='bloco 03'!Q12 | C119: ='bloco 03'!R12 | D119: ='bloco 03'!S12 | E119: =IFERROR(('bloco 03'!T12),"") | F119: ='bloco 03'!U12
A120: ='bloco 03'!$P13 | B120: ='bloco 03'!Q13 | C120: ='bloco 03'!R13 | D120: ='bloco 03'!S13 | E120: =IFERROR(('bloco 03'!T13),"") | F120: ='bloco 03'!U13
A121: ='bloco 03'!$P14 | B121: ='bloco 03'!Q14 | C121: ='bloco 03'!R14 | D121: ='bloco 03'!S14 | E121: =IFERROR(('bloco 03'!T14),"") | F121: ='bloco 03'!U14
A122: ='bloco 03'!$P15 | B122: ='bloco 03'!Q15 | C122: ='bloco 03'!R15 | D122: ='bloco 03'!S15 | E122: =IFERROR(('bloco 03'!T15),"") | F122: ='bloco 03'!U15
A123: TREINO 02
...

Sheet bloco 03
A1: BLOCO 03
A3: TREINO 01 | C3: =macro!J6 | J3: =C3+7 | Q3: =J3+7 | X3: =Q3+7
C4: SETS | D4: REPS | E4: KG | F4: %1RM | G4: OBS | J4: SETS | K4: REPS | L4: KG | M4: %1RM | N4: OBS | Q4: SETS | R4: REPS | S4: KG | T4: %1RM | U4: OBS | X4: SETS | Y4: REPS | Z4: KG | AA4: %1RM | AB4: OBS
B5: exercícios | F5: pse | I5: exercícios | M5: pse | P5: exercícios | T5: pse | W5: exercícios | AA5: pse
F6: =IFERROR(__xludf.DUMMYFUNCTION("IFERROR($E6/INDEX(prs!$D$30:$D$36,MATCH(TRUE,ARRAYFORMULA(ISNUMBER(SEARCH(prs!$A$30:$A$36,$B6))),0)),"""")"),"") | M6: =IFERROR(__xludf.DUMMYFUNCTION("IFERROR($L6/INDEX(prs!$D$30:$D$36,MATCH(TRUE,ARRAYFORMULA(ISNUMBER(SEARCH(prs!$A$30:$A$36,$I6))),0)),"""")"),"") | T6: =IFERROR(__xludf.DUMMYFUNCTION("IFERROR($S6/INDEX(prs!$D$30:$D$36,MATCH(TRUE,ARRAYFORMULA(ISNUMBER(SEARCH(prs!$A$30:$A$36,$P6))),0)),"""")"),"") | AA6: =IFERROR(__xludf.DUMMYFUNCTION("IFERROR($Z6/INDEX(prs!$D$30:$D$36,MATCH(TRUE,ARRAYFORMULA(ISNUMBER(SEARCH(prs!$A$30:$A$36,$W6))),0)),"""")"),"")
F7: =IFERROR(__xludf.DUMMYFUNCTION("IFERROR($E7/INDEX(prs!$D$30:$D$36,MATCH(TRUE,ARRAYFORMULA(ISNUMBER(SEARCH(prs!$A$30:$A$36,$B7))),0)),"""")"),"") | M7: =IFERROR(__xludf.DUMMYFUNCTION("IFERROR($L7/INDEX(prs!$D$30:$D$36,MATCH(TRUE,ARRAYFORMULA(ISNUMBER(SEARCH(prs!$A$30:$A$36,$I7))),0)),"""")"),"") | T7: =IFERROR(__xludf.DUMMYFUNCTION("IFERROR($S7/INDEX(prs!$D$30:$D$36,MATCH(TRUE,ARRAYFORMULA(ISNUMBER(SEARCH(prs!$A$30:$A$36,$P7))),0)),"""")"),"") | AA7: =IFERROR(__xludf.DUMMYFUNCTION("IFERROR($Z7/INDEX(prs!$D$30:$D$36,MATCH(TRUE,ARRAYFORMULA(ISNUMBER(SEARCH(prs!$A$30:$A$36,$W7))),0)),"""")"),"")
F8: =IFERROR(__xludf.DUMMYFUNCTION("IFERROR($E8/INDEX(prs!$D$30:$D$36,MATCH(TRUE,ARRAYFORMULA(ISNUMBER(SEARCH(prs!$A$30:$A$36,$B8))),0)),"""")"),"") | M8: =IFERROR(__xludf.DUMMYFUNCTION("IFERROR($L8/INDEX(prs!$D$30:$D$36,MATCH(TRUE,ARRAYFORMULA(ISNUMBER(SEARCH(prs!$A$30:$A$36,$I8))),0)),"""")"),"") | T8: =IFERROR(__xludf.DUMMYFUNCTION("IFERROR($S8/INDEX(prs!$D$30:$D$36,MATCH(TRUE,ARRAYFORMULA(ISNUMBER(SEARCH(prs!$A$30:$A$36,$P8))),0)),"""")"),"") | AA8: =IFERROR(__xludf.DUMMYFUNCTION("IFERROR($Z8/INDEX(prs!$D$30:$D$36,MATCH(TRUE,ARRAYFORMULA(ISNUMBER(SEARCH(prs!$A$30:$A$36,$W8))),0)),"""")"),"")
F9: =IFERROR(__xludf.DUMMYFUNCTION("IFERROR($E9/INDEX(prs!$D$30:$D$36,MATCH(TRUE,ARRAYFORMULA(ISNUMBER(SEARCH(prs!$A$30:$A$36,$B9))),0)),"""")"),"") | M9: =IFERROR(__xludf.DUMMYFUNCTION("IFERROR($L9/INDEX(prs!$D$30:$D$36,MATCH(TRUE,ARRAYFORMULA(ISNUMBER(SEARCH(prs!$A$30:$A$36,$I9))),0)),"""")"),"") | T9: =IFERROR(__xludf.DUMMYFUNCTION("IFERROR($S9/INDEX(prs!$D$30:$D$36,MATCH(TRUE,ARRAYFORMULA(ISNUMBER(SEARCH(prs!$A$30:$A$36,$P9))),0)),"""")"),"") | AA9: =IFERROR(__xludf.DUMMYFUNCTION("IFERROR($Z9/INDEX(prs!$D$30:$D$36,MATCH(TRUE,ARRAYFORMULA(ISNUMBER(SEARCH(prs!$A$30:$A$36,$W9))),0)),"""")"),"")
F10: =IFERROR(__xludf.DUMMYFUNCTION("IFERROR($E10/INDEX(prs!$D$30:$D$36,MATCH(TRUE,ARRAYFORMULA(ISNUMBER(SEARCH(prs!$A$30:$A$36,$B10))),0)),"""")"),"") | M10: =IFERROR(__xludf.DUMMYFUNCTION("IFERROR($L10/INDEX(prs!$D$30:$D$36,MATCH(TRUE,ARRAYFORMULA(ISNUMBER(SEARCH(prs!$A$30:$A$36,$I10))),0)),"""")"),"") | T10: =IFERROR(__xludf.DUMMYFUNCTION("IFERROR($S10/INDEX(prs!$D$30:$D$36,MATCH(TRUE,ARRAYFORMULA(ISNUMBER(SEARCH(prs!$A$30:$A$36,$P10))),0)),"""")"),"") | AA10: =IFERROR(__xludf.DUMMYFUNCTION("IFERROR($Z10/INDEX(prs!$D$30:$D$36,MATCH(TRUE,ARRAYFORMULA(ISNUMBER(SEARCH(prs!$A$30:$A$36,$W10))),0)),"""")"),"")
F11: =IFERROR(__xludf.DUMMYFUNCTION("IFERROR($E11/INDEX(prs!$D$30:$D$36,MATCH(TRUE,ARRAYFORMULA(ISNUMBER(SEARCH(prs!$A$30:$A$36,$B11))),0)),"""")"),"") | M11: =IFERROR(__xludf.DUMMYFUNCTION("IFERROR($L11/INDEX(prs!$D$30:$D$36,MATCH(TRUE,ARRAYFORMULA(ISNUMBER(SEARCH(prs!$A$30:$A$36,$I11))),0)),"""")"),"") | T11: =IFERROR(__xludf.DUMMYFUNCTION("IFERROR($S11/INDEX(prs!$D$30:$D$36,MATCH(TRUE,ARRAYFORMULA(ISNUMBER(SEARCH(prs!$A$30:$A$36,$P11))),0)),"""")"),"") | AA11: =IFERROR(__xludf.DUMMYFUNCTION("IFERROR($Z11/INDEX(prs!$D$30:$D$36,MATCH(TRUE,ARRAYFORMULA(ISNUMBER(SEARCH(prs!$A$30:$A$36,$W11))),0)),"""")"),"")
F12: =IFERROR(__xludf.DUMMYFUNCTION("IFERROR($E12/INDEX(prs!$D$30:$D$36,MATCH(TRUE,ARRAYFORMULA(ISNUMBER(SEARCH(prs!$A$30:$A$36,$B12))),0)),"""")"),"") | M12: =IFERROR(__xludf.DUMMYFUNCTION("IFERROR($L12/INDEX(prs!$D$30:$D$36,MATCH(TRUE,ARRAYFORMULA(ISNUMBER(SEARCH(prs!$A$30:$A$36,$I12))),0)),"""")"),"") | T12: =IFERROR(__xludf.DUMMYFUNCTION("IFERROR($S12/INDEX(prs!$D$30:$D$36,MATCH(TRUE,ARRAYFORMULA(ISNUMBER(SEARCH(prs!$A$30:$A$36,$P12))),0)),"""")"),"") | AA12: =IFERROR(__xludf.DUMMYFUNCTION("IFERROR($Z12/INDEX(prs!$D$30:$D$36,MATCH(TRUE,ARRAYFORMULA(ISNUMBER(SEARCH(prs!$A$30:$A$36,$W12))),0)),"""")"),"")
F13: =IFERROR(__xludf.DUMMYFUNCTION("IFERROR($E13/INDEX(prs!$D$30:$D$36,MATCH(TRUE,ARRAYFORMULA(ISNUMBER(SEARCH(prs!$A$30:$A$36,$B13))),0)),"""")"),"") | M13: =IFERROR(__xludf.DUMMYFUNCTION("IFERROR($L13/INDEX(prs!$D$30:$D$36,MATCH(TRUE,ARRAYFORMULA(ISNUMBER(SEARCH(prs!$A$30:$A$36,$I13))),0)),"""")"),"") | T13: =IFERROR(__xludf.DUMMYFUNCTION("IFERROR($S13/INDEX(prs!$D$30:$D$36,MATCH(TRUE,ARRAYFORMULA(ISNUMBER(SEARCH(prs!$A$30:$A$36,$P13))),0)),"""")"),"") | AA13: =IFERROR(__xludf.DUMMYFUNCTION("IFERROR($Z13/INDEX(prs!$D$30:$D$36,MATCH(TRUE,ARRAYFORMULA(ISNUMBER(SEARCH(prs!$A$30:$A$36,$W13))),0)),"""")"),"")
F14: =IFERROR(__xludf.DUMMYFUNCTION("IFERROR($E14/INDEX(prs!$D$30:$D$36,MATCH(TRUE,ARRAYFORMULA(ISNUMBER(SEARCH(prs!$A$30:$A$36,$B14))),0)),"""")"),"") | M14: =IFERROR(__xludf.DUMMYFUNCTION("IFERROR($L14/INDEX(prs!$D$30:$D$36,MATCH(TRUE,ARRAYFORMULA(ISNUMBER(SEARCH(prs!$A$30:$A$36,$I14))),0)),"""")"),"") | T14: =IFERROR(__xludf.DUMMYFUNCTION("IFERROR($S14/INDEX(prs!$D$30:$D$36,MATCH(TRUE,ARRAYFORMULA(ISNUMBER(SEARCH(prs!$A$30:$A$36,$P14))),0)),"""")"),"") | AA14: =IFERROR(__xludf.DUMMYFUNCTION("IFERROR($Z14/INDEX(prs!$D$30:$D$36,MATCH(TRUE,ARRAYFORMULA(ISNUMBER(SEARCH(prs!$A$30:$A$36,$W14))),0)),"""")"),"")
F15: =IFERROR(__xludf.DUMMYFUNCTION("IFERROR($E15/INDEX(prs!$D$30:$D$36,MATCH(TRUE,ARRAYFORMULA(ISNUMBER(SEARCH(prs!$A$30:$A$36,$B15))),0)),"""")"),"") | M15: =IFERROR(__xludf.DUMMYFUNCTION("IFERROR($L15/INDEX(prs!$D$30:$D$36,MATCH(TRUE,ARRAYFORMULA(ISNUMBER(SEARCH(prs!$A$30:$A$36,$I15))),0)),"""")"),"") | T15: =IFERROR(__xludf.DUMMYFUNCTION("IFERROR($S15/INDEX(prs!$D$30:$D$36,MATCH(TRUE,ARRAYFORMULA(ISNUMBER(SEARCH(prs!$A$30:$A$36,$P15))),0)),"""")"),"") | AA15: =IFERROR(__xludf.DUMMYFUNCTION("IFERROR($Z15/INDEX(prs!$D$30:$D$36,MATCH(TRUE,ARRAYFORMULA(ISNUMBER(SEARCH(prs!$A$30:$A$36,$W15))),0)),"""")"),"")
C16: SEMANA 01 | J16: SEMANA 02 | Q16: SEMANA 03 | X16: SEMANA 04
A18: TREINO 02
C19: SETS | D19: REPS | E19: KG | F19: %1RM | G19: OBS | J19: SETS | K19: REPS | L19: KG | M19: %1RM | N19: OBS | Q19: SETS | R19: REPS | S19: KG | T19: %1RM | U19: OBS | X19: SETS | Y19: REPS | Z19: KG | AA19: %1RM | AB19: OBS
B20: exercícios | F20: pse | I20: exercícios | M20: pse | P20: exercícios | T20: pse | W20: exercícios | AA20: pse
F21: =IFERROR(__xludf.DUMMYFUNCTION("IFERROR($E21/INDEX(prs!$D$30:$D$36,MATCH(TRUE,ARRAYFORMULA(ISNUMBER(SEARCH(prs!$A$30:$A$36,$B21))),0)),"""")"),"") | M21: =IFERROR(__xludf.DUMMYFUNCTION("IFERROR($L21/INDEX(prs!$D$30:$D$36,MATCH(TRUE,ARRAYFORMULA(ISNUMBER(SEARCH(prs!$A$30:$A$36,$I21))),0)),"""")"),"") | T21: =IFERROR(__xludf.DUMMYFUNCTION("IFERROR($S21/INDEX(prs!$D$30:$D$36,MATCH(TRUE,ARRAYFORMULA(ISNUMBER(SEARCH(prs!$A$30:$A$36,$P21))),0)),"""")"),"") | AA21: =IFERROR(__xludf.DUMMYFUNCTION("IFERROR($Z21/INDEX(prs!$D$30:$D$36,MATCH(TRUE,ARRAYFORMULA(ISNUMBER(SEARCH(prs!$A$30:$A$36,$W21))),0)),"""")"),"")
F22: =IFERROR(__xludf.DUMMYFUNCTION("IFERROR($E22/INDEX(prs!$D$30:$D$36,MATCH(TRUE,ARRAYFORMULA(ISNUMBER(SEARCH(prs!$A$30:$A$36,$B22))),0)),"""")"),"") | M22: =IFERROR(__xludf.DUMMYFUNCTION("IFERROR($L22/INDEX(prs!$D$30:$D$36,MATCH(TRUE,ARRAYFORMULA(ISNUMBER(SEARCH(prs!$A$30:$A$36,$I22))),0)),"""")"),"") | T22: =IFERROR(__xludf.DUMMYFUNCTION("IFERROR($S22/INDEX(prs!$D$30:$D$36,MATCH(TRUE,ARRAYFORMULA(ISNUMBER(SEARCH(prs!$A$30:$A$36,$P22))),0)),"""")"),"") | AA22: =IFERROR(__xludf.DUMMYFUNCTION("IFERROR($Z22/INDEX(prs!$D$30:$D$36,MATCH(TRUE,ARRAYFORMULA(ISNUMBER(SEARCH(prs!$A$30:$A$36,$W22))),0)),"""")"),"")
F23: =IFERROR(__xludf.DUMMYFUNCTION("IFERROR($E23/INDEX(prs!$D$30:$D$36,MATCH(TRUE,ARRAYFORMULA(ISNUMBER(SEARCH(prs!$A$30:$A$36,$B23))),0)),"""")"),"") | M23: =IFERROR(__xludf.DUMMYFUNCTION("IFERROR($L23/INDEX(prs!$D$30:$D$36,MATCH(TRUE,ARRAYFORMULA(ISNUMBER(SEARCH(prs!$A$30:$A$36,$I23))),0)),"""")"),"") | T23: =IFERROR(__xludf.DUMMYFUNCTION("IFERROR($S23/INDEX(prs!$D$30:$D$36,MATCH(TRUE,ARRAYFORMULA(ISNUMBER(SEARCH(prs!$A$30:$A$36,$P23))),0)),"""")"),"") | AA23: =IFERROR(__xludf.DUMMYFUNCTION("IFERROR($Z23/INDEX(prs!$D$30:$D$36,MATCH(TRUE,ARRAYFORMULA(ISNUMBER(SEARCH(prs!$A$30:$A$36,$W23))),0)),"""")"),"")
F24: =IFERROR(__xludf.DUMMYFUNCTION("IFERROR($E24/INDEX(prs!$D$30:$D$36,MATCH(TRUE,ARRAYFORMULA(ISNUMBER(SEARCH(prs!$A$30:$A$36,$B24))),0)),"""")"),"") | M24: =IFERROR(__xludf.DUMMYFUNCTION("IFERROR($L24/INDEX(prs!$D$30:$D$36,MATCH(TRUE,ARRAYFORMULA(ISNUMBER(SEARCH(prs!$A$30:$A$36,$I24))),0)),"""")"),"") | T24: =IFERROR(__xludf.DUMMYFUNCTION("IFERROR($S24/INDEX(prs!$D$30:$D$36,MATCH(TRUE,ARRAYFORMULA(ISNUMBER(SEARCH(prs!$A$30:$A$36,$P24))),0)),"""")"),"") | AA24: =IFERROR(__xludf.DUMMYFUNCTION("IFERROR($Z24/INDEX(prs!$D$30:$D$36,MATCH(TRUE,ARRAYFORMULA(ISNUMBER(SEARCH(prs!$A$30:$A$36,$W24))),0)),"""")"),"")
F25: =IFERROR(__xludf.DUMMYFUNCTION("IFERROR($E25/INDEX(prs!$D$30:$D$36,MATCH(TRUE,ARRAYFORMULA(ISNUMBER(SEARCH(prs!$A$30:$A$36,$B25))),0)),"""")"),"") | M25: =IFERROR(__xludf.DUMMYFUNCTION("IFERROR($L25/INDEX(prs!$D$30:$D$36,MATCH(TRUE,ARRAYFORMULA(ISNUMBER(SEARCH(prs!$A$30:$A$36,$I25))),0)),"""")"),"") | T25: =IFERROR(__xludf.DUMMYFUNCTION("IFERROR($S25/INDEX(prs!$D$30:$D$36,MATCH(TRUE,ARRAYFORMULA(ISNUMBER(SEARCH(prs!$A$30:$A$36,$P25))),0)),"""")"),"") | AA25: =IFERROR(__xludf.DUMMYFUNCTION("IFERROR($Z25/INDEX(prs!$D$30:$D$36,MATCH(TRUE,ARRAYFORMULA(ISNUMBER(SEARCH(prs!$A$30:$A$36,$W25))),0)),"""")"),"")
F26: =IFERROR(__xludf.DUMMYFUNCTION("IFERROR($E26/INDEX(prs!$D$30:$D$36,MATCH(TRUE,ARRAYFORMULA(ISNUMBER(SEARCH(prs!$A$30:$A$36,$B26))),0)),"""")"),"") | M26: =IFERROR(__xludf.DUMMYFUNCTION("IFERROR($L26/INDEX(prs!$D$30:$D$36,MATCH(TRUE,ARRAYFORMULA(ISNUMBER(SEARCH(prs!$A$30:$A$36,$I26))),0)),"""")"),"") | T26: =IFERROR(__xludf.DUMMYFUNCTION("IFERROR($S26/INDEX(prs!$D$30:$D$36,MATCH(TRUE,ARRAYFORMULA(ISNUMBER(SEARCH(prs!$A$30:$A$36,$P26))),0)),"""")"),"") | AA26: =IFERROR(__xludf.DUMMYFUNCTION("IFERROR($Z26/INDEX(prs!$D$30:$D$36,MATCH(TRUE,ARRAYFORMULA(ISNUMBER(SEARCH(prs!$A$30:$A$36,$W26))),0)),"""")"),"")
F27: =IFERROR(__xludf.DUMMYFUNCTION("IFERROR($E27/INDEX(prs!$D$30:$D$36,MATCH(TRUE,ARRAYFORMULA(ISNUMBER(SEARCH(prs!$A$30:$A$36,$B27))),0)),"""")"),"") | M27: =IFERROR(__xludf.DUMMYFUNCTION("IFERROR($L27/INDEX(prs!$D$30:$D$36,MATCH(TRUE,ARRAYFORMULA(ISNUMBER(SEARCH(prs!$A$30:$A$36,$I27))),0)),"""")"),"") | T27: =IFERROR(__xludf.DUMMYFUNCTION("IFERROR($S27/INDEX(prs!$D$30:$D$36,MATCH(TRUE,ARRAYFORMULA(ISNUMBER(SEARCH(prs!$A$30:$A$36,$P27))),0)),"""")"),"") | AA27: =IFERROR(__xludf.DUMMYFUNCTION("IFERROR($Z27/INDEX(prs!$D$30:$D$36,MATCH(TRUE,ARRAYFORMULA(ISNUMBER(SEARCH(prs!$A$30:$A$36,$W27))),0)),"""")"),"")
F28: =IFERROR(__xludf.DUMMYFUNCTION("IFERROR($E28/INDEX(prs!$D$30:$D$36,MATCH(TRUE,ARRAYFORMULA(ISNUMBER(SEARCH(prs!$A$30:$A$36,$B28))),0)),"""")"),"") | M28: =IFERROR(__xludf.DUMMYFUNCTION("IFERROR($L28/INDEX(prs!$D$30:$D$36,MATCH(TRUE,ARRAYFORMULA(ISNUMBER(SEARCH(prs!$A$30:$A$36,$I28))),0)),"""")"),"") | T28: =IFERROR(__xludf.DUMMYFUNCTION("IFERROR($S28/INDEX(prs!$D$30:$D$36,MATCH(TRUE,ARRAYFORMULA(ISNUMBER(SEARCH(prs!$A$30:$A$36,$P28))),0)),"""")"),"") | AA28: =IFERROR(__xludf.DUMMYFUNCTION("IFERROR($Z28/INDEX(prs!$D$30:$D$36,MATCH(TRUE,ARRAYFORMULA(ISNUMBER(SEARCH(prs!$A$30:$A$36,$W28))),0)),"""")"),"")
F29: =IFERROR(__xludf.DUMMYFUNCTION("IFERROR($E29/INDEX(prs!$D$30:$D$36,MATCH(TRUE,ARRAYFORMULA(ISNUMBER(SEARCH(prs!$A$30:$A$36,$B29))),0)),"""")"),"") | M29: =IFERROR(__xludf.DUMMYFUNCTION("IFERROR($L29/INDEX(prs!$D$30:$D$36,MATCH(TRUE,ARRAYFORMULA(ISNUMBER(SEARCH(prs!$A$30:$A$36,$I29))),0)),"""")"),"") | T29: =IFERROR(__xludf.DUMMYFUNCTION("IFERROR($S29/INDEX(prs!$D$30:$D$36,MATCH(TRUE,ARRAYFORMULA(ISNUMBER(SEARCH(prs!$A$30:$A$36,$P29))),0)),"""")"),"") | AA29: =IFERROR(__xludf.DUMMYFUNCTION("IFERROR($Z29/INDEX(prs!$D$30:$D$36,MATCH(TRUE,ARRAYFORMULA(ISNUMBER(SEARCH(prs!$A$30:$A$36,$W29))),0)),"""")"),"")
F30: =IFERROR(__xludf.DUMMYFUNCTION("IFERROR($E30/INDEX(prs!$D$30:$D$36,MATCH(TRUE,ARRAYFORMULA(ISNUMBER(SEARCH(prs!$A$30:$A$36,$B30))),0)),"""")"),"") | M30: =IFERROR(__xludf.DUMMYFUNCTION("IFERROR($L30/INDEX(prs!$D$30:$D$36,MATCH(TRUE,ARRAYFORMULA(ISNUMBER(SEARCH(prs!$A$30:$A$36,$I30))),0)),"""")"),"") | T30: =IFERROR(__xludf.DUMMYFUNCTION("IFERROR($S30/INDEX(prs!$D$30:$D$36,MATCH(TRUE,ARRAYFORMULA(ISNUMBER(SEARCH(prs!$A$30:$A$36,$P30))),0)),"""")"),"") | AA30: =IFERROR(__xludf.DUMMYFUNCTION("IFERROR($Z30/INDEX(prs!$D$30:$D$36,MATCH(TRUE,ARRAYFORMULA(ISNUMBER(SEARCH(prs!$A$30:$A$36,$W30))),0)),"""")"),"")
C31: SEMANA 01 | J31: SEMANA 02 | Q31: SEMANA 03 | X31: SEMANA 04
A33: TREINO 03
C34: SETS | D34: REPS | E34: KG | F34: %1RM | G34: OBS | J34: SETS | K34: REPS | L34: KG | M34: %1RM | N34: OBS | Q34: SETS | R34: REPS | S34: KG | T34: %1RM | U34: OBS | X34: SETS | Y34: REPS | Z34: KG | AA34: %1RM | AB34: OBS
B35: exercícios | F35: pse | I35: exercícios | M35: pse | P35: exercícios | T35: pse | W35: exercícios | AA35: pse
F36: =IFERROR(__xludf.DUMMYFUNCTION("IFERROR($E36/INDEX(prs!$D$30:$D$36,MATCH(TRUE,ARRAYFORMULA(ISNUMBER(SEARCH(prs!$A$30:$A$36,$B36))),0)),"""")"),"") | M36: =IFERROR(__xludf.DUMMYFUNCTION("IFERROR($L36/INDEX(prs!$D$30:$D$36,MATCH(TRUE,ARRAYFORMULA(ISNUMBER(SEARCH(prs!$A$30:$A$36,$I36))),0)),"""")"),"") | T36: =IFERROR(__xludf.DUMMYFUNCTION("IFERROR($S36/INDEX(prs!$D$30:$D$36,MATCH(TRUE,ARRAYFORMULA(ISNUMBER(SEARCH(prs!$A$30:$A$36,$P36))),0)),"""")"),"") | AA36: =IFERROR(__xludf.DUMMYFUNCTION("IFERROR($Z36/INDEX(prs!$D$30:$D$36,MATCH(TRUE,ARRAYFORMULA(ISNUMBER(SEARCH(prs!$A$30:$A$36,$W36))),0)),"""")"),"")
F37: =IFERROR(__xludf.DUMMYFUNCTION("IFERROR($E37/INDEX(prs!$D$30:$D$36,MATCH(TRUE,ARRAYFORMULA(ISNUMBER(SEARCH(prs!$A$30:$A$36,$B37))),0)),"""")"),"") | M37: =IFERROR(__xludf.DUMMYFUNCTION("IFERROR($L37/INDEX(prs!$D$30:$D$36,MATCH(TRUE,ARRAYFORMULA(ISNUMBER(SEARCH(prs!$A$30:$A$36,$I37))),0)),"""")"),"") | T37: =IFERROR(__xludf.DUMMYFUNCTION("IFERROR($S37/INDEX(prs!$D$30:$D$36,MATCH(TRUE,ARRAYFORMULA(ISNUMBER(SEARCH(prs!$A$30:$A$36,$P37))),0)),"""")"),"") | AA37: =IFERROR(__xludf.DUMMYFUNCTION("IFERROR($Z37/INDEX(prs!$D$30:$D$36,MATCH(TRUE,ARRAYFORMULA(ISNUMBER(SEARCH(prs!$A$30:$A$36,$W37))),0)),"""")"),"")
F38: =IFERROR(__xludf.DUMMYFUNCTION("IFERROR($E38/INDEX(prs!$D$30:$D$36,MATCH(TRUE,ARRAYFORMULA(ISNUMBER(SEARCH(prs!$A$30:$A$36,$B38))),0)),"""")"),"") | M38: =IFERROR(__xludf.DUMMYFUNCTION("IFERROR($L38/INDEX(prs!$D$30:$D$36,MATCH(TRUE,ARRAYFORMULA(ISNUMBER(SEARCH(prs!$A$30:$A$36,$I38))),0)),"""")"),"") | T38: =IFERROR(__xludf.DUMMYFUNCTION("IFERROR($S38/INDEX(prs!$D$30:$D$36,MATCH(TRUE,ARRAYFORMULA(ISNUMBER(SEARCH(prs!$A$30:$A$36,$P38))),0)),"""")"),"") | AA38: =IFERROR(__xludf.DUMMYFUNCTION("IFERROR($Z38/INDEX(prs!$D$30:$D$36,MATCH(TRUE,ARRAYFORMULA(ISNUMBER(SEARCH(prs!$A$30:$A$36,$W38))),0)),"""")"),"")
F39: =IFERROR(__xludf.DUMMYFUNCTION("IFERROR($E39/INDEX(prs!$D$30:$D$36,MATCH(TRUE,ARRAYFORMULA(ISNUMBER(SEARCH(prs!$A$30:$A$36,$B39))),0)),"""")"),"") | M39: =IFERROR(__xludf.DUMMYFUNCTION("IFERROR($L39/INDEX(prs!$D$30:$D$36,MATCH(TRUE,ARRAYFORMULA(ISNUMBER(SEARCH(prs!$A$30:$A$36,$I39))),0)),"""")"),"") | T39: =IFERROR(__xludf.DUMMYFUNCTION("IFERROR($S39/INDEX(prs!$D$30:$D$36,MATCH(TRUE,ARRAYFORMULA(ISNUMBER(SEARCH(prs!$A$30:$A$36,$P39))),0)),"""")"),"") | AA39: =IFERROR(__xludf.DUMMYFUNCTION("IFERROR($Z39/INDEX(prs!$D$30:$D$36,MATCH(TRUE,ARRAYFORMULA(ISNUMBER(SEARCH(prs!$A$30:$A$36,$W39))),0)),"""")"),"")
F40: =IFERROR(__xludf.DUMMYFUNCTION("IFERROR($E40/INDEX(prs!$D$30:$D$36,MATCH(TRUE,ARRAYFORMULA(ISNUMBER(SEARCH(prs!$A$30:$A$36,$B40))),0)),"""")"),"") | M40: =IFERROR(__xludf.DUMMYFUNCTION("IFERROR($L40/INDEX(prs!$D$30:$D$36,MATCH(TRUE,ARRAYFORMULA(ISNUMBER(SEARCH(prs!$A$30:$A$36,$I40))),0)),"""")"),"") | T40: =IFERROR(__xludf.DUMMYFUNCTION("IFERROR($S40/INDEX(prs!$D$30:$D$36,MATCH(TRUE,ARRAYFORMULA(ISNUMBER(SEARCH(prs!$A$30:$A$36,$P40))),0)),"""")"),"") | AA40: =IFERROR(__xludf.DUMMYFUNCTION("IFERROR($Z40/INDEX(prs!$D$30:$D$36,MATCH(TRUE,ARRAYFORMULA(ISNUMBER(SEARCH(prs!$A$30:$A$36,$W40))),0)),"""")"),"")
F41: =IFERROR(__xludf.DUMMYFUNCTION("IFERROR($E41/INDEX(prs!$D$30:$D$36,MATCH(TRUE,ARRAYFORMULA(ISNUMBER(SEARCH(prs!$A$30:$A$36,$B41))),0)),"""")"),"") | M41: =IFERROR(__xludf.DUMMYFUNCTION("IFERROR($L41/INDEX(prs!$D$30:$D$36,MATCH(TRUE,ARRAYFORMULA(ISNUMBER(SEARCH(prs!$A$30:$A$36,$I41))),0)),"""")"),"") | T41: =IFERROR(__xludf.DUMMYFUNCTION("IFERROR($S41/INDEX(prs!$D$30:$D$36,MATCH(TRUE,ARRAYFORMULA(ISNUMBER(SEARCH(prs!$A$30:$A$36,$P41))),0)),"""")"),"") | AA41: =IFERROR(__xludf.DUMMYFUNCTION("IFERROR($Z41/INDEX(prs!$D$30:$D$36,MATCH(TRUE,ARRAYFORMULA(ISNUMBER(SEARCH(prs!$A$30:$A$36,$W41))),0)),"""")"),"")
F42: =IFERROR(__xludf.DUMMYFUNCTION("IFERROR($E42/INDEX(prs!$D$30:$D$36,MATCH(TRUE,ARRAYFORMULA(ISNUMBER(SEARCH(prs!$A$30:$A$36,$B42))),0)),"""")"),"") | M42: =IFERROR(__xludf.DUMMYFUNCTION("IFERROR($L42/INDEX(prs!$D$30:$D$36,MATCH(TRUE,ARRAYFORMULA(ISNUMBER(SEARCH(prs!$A$30:$A$36,$I42))),0)),"""")"),"") | T42: =IFERROR(__xludf.DUMMYFUNCTION("IFERROR($S42/INDEX(prs!$D$30:$D$36,MATCH(TRUE,ARRAYFORMULA(ISNUMBER(SEARCH(prs!$A$30:$A$36,$P42))),0)),"""")"),"") | AA42: =IFERROR(__xludf.DUMMYFUNCTION("IFERROR($Z42/INDEX(prs!$D$30:$D$36,MATCH(TRUE,ARRAYFORMULA(ISNUMBER(SEARCH(prs!$A$30:$A$36,$W42))),0)),"""")"),"")
F43: =IFERROR(__xludf.DUMMYFUNCTION("IFERROR($E43/INDEX(prs!$D$30:$D$36,MATCH(TRUE,ARRAYFORMULA(ISNUMBER(SEARCH(prs!$A$30:$A$36,$B43))),0)),"""")"),"") | M43: =IFERROR(__xludf.DUMMYFUNCTION("IFERROR($L43/INDEX(prs!$D$30:$D$36,MATCH(TRUE,ARRAYFORMULA(ISNUMBER(SEARCH(prs!$A$30:$A$36,$I43))),0)),"""")"),"") | T43: =IFERROR(__xludf.DUMMYFUNCTION("IFERROR($S43/INDEX(prs!$D$30:$D$36,MATCH(TRUE,ARRAYFORMULA(ISNUMBER(SEARCH(prs!$A$30:$A$36,$P43))),0)),"""")"),"") | AA43: =IFERROR(__xludf.DUMMYFUNCTION("IFERROR($Z43/INDEX(prs!$D$30:$D$36,MATCH(TRUE,ARRAYFORMULA(ISNUMBER(SEARCH(prs!$A$30:$A$36,$W43))),0)),"""")"),"")
F44: =IFERROR(__xludf.DUMMYFUNCTION("IFERROR($E44/INDEX(prs!$D$30:$D$36,MATCH(TRUE,ARRAYFORMULA(ISNUMBER(SEARCH(prs!$A$30:$A$36,$B44))),0)),"""")"),"") | M44: =IFERROR(__xludf.DUMMYFUNCTION("IFERROR($L44/INDEX(prs!$D$30:$D$36,MATCH(TRUE,ARRAYFORMULA(ISNUMBER(SEARCH(prs!$A$30:$A$36,$I44))),0)),"""")"),"") | T44: =IFERROR(__xludf.DUMMYFUNCTION("IFERROR($S44/INDEX(prs!$D$30:$D$36,MATCH(TRUE,ARRAYFORMULA(ISNUMBER(SEARCH(prs!$A$30:$A$36,$P44))),0)),"""")"),"") | AA44: =IFERROR(__xludf.DUMMYFUNCTION("IFERROR($Z44/INDEX(prs!$D$30:$D$36,MATCH(TRUE,ARRAYFORMULA(ISNUMBER(SEARCH(prs!$A$30:$A$36,$W44))),0)),"""")"),"")
F45: =IFERROR(__xludf.DUMMYFUNCTION("IFERROR($E45/INDEX(prs!$D$30:$D$36,MATCH(TRUE,ARRAYFORMULA(ISNUMBER(SEARCH(prs!$A$30:$A$36,$B45))),0)),"""")"),"") | M45: =IFERROR(__xludf.DUMMYFUNCTION("IFERROR($L45/INDEX(prs!$D$30:$D$36,MATCH(TRUE,ARRAYFORMULA(ISNUMBER(SEARCH(prs!$A$30:$A$36,$I45))),0)),"""")"),"") | T45: =IFERROR(__xludf.DUMMYFUNCTION("IFERROR($S45/INDEX(prs!$D$30:$D$36,MATCH(TRUE,ARRAYFORMULA(ISNUMBER(SEARCH(prs!$A$30:$A$36,$P45))),0)),"""")"),"") | AA45: =IFERROR(__xludf.DUMMYFUNCTION("IFERROR($Z45/INDEX(prs!$D$30:$D$36,MATCH(TRUE,ARRAYFORMULA(ISNUMBER(SEARCH(prs!$A$30:$A$36,$W45))),0)),"""")"),"")
C46: SEMANA 01 | J46: SEMANA 02 | Q46: SEMANA 03 | X46: SEMANA 04

Sheet prs
A2: BLOCO | B2: bloco 01
A3: DATA | B3: =macro!B6
B5: REPS | C5: KG | D5: 1 | E5: 0.95 | F5: 0.9 | G5: 0.85 | H5: 0.8 | I5: 0.75 | J5: 0.7
A6: Agachamento | D6: =C6/(1.0278-(0.0278*B6)) | E6: =(D6*0.95) | F6: =(D6*0.9) | G6: =(D6*0.85) | H6: =(D6*0.8) | I6: =(D6*0.75) | J6: =(D6*0.7)
A7: Supino | D7: =C7/(1.0278-(0.0278*B7)) | E7: =(D7*0.95) | F7: =(D7*0.9) | G7: =(D7*0.85) | H7: =(D7*0.8) | I7: =(D7*0.75) | J7: =(D7*0.7)
A8: Terra | D8: =C8/(1.0278-(0.0278*B8)) | E8: =(D8*0.95) | F8: =(D8*0.9) | G8: =(D8*0.85) | H8: =(D8*0.8) | I8: =(D8*0.75) | J8: =(D8*0.7)
A9: Desenvolvimento | D9: =C9/(1.0278-(0.0278*B9)) | E9: =(D9*0.95) | F9: =(D9*0.9) | G9: =(D9*0.85) | H9: =(D9*0.8) | I9: =(D9*0.75) | J9: =(D9*0.7)
A10: Remada | D10: =C10/(1.0278-(0.0278*B10)) | E10: =(D10*0.95) | F10: =(D10*0.9) | G10: =(D10*0.85) | H10: =(D10*0.8) | I10: =(D10*0.75) | J10: =(D10*0.7)
A11: Arranco | D11: =C11/(1.0278-(0.0278*B11)) | E11: =(D11*0.95) | F11: =(D11*0.9) | G11: =(D11*0.85) | H11: =(D11*0.8) | I11: =(D11*0.75) | J11: =(D11*0.7)
A12: Arremesso | D12: =C12/(1.0278-(0.0278*B12)) | E12: =(D12*0.95) | F12: =(D12*0.9) | G12: =(D12*0.85) | H12: =(D12*0.8) | I12: =(D12*0.75) | J12: =(D12*0.7)
A14: BLOCO | B14: bloco 02
A15: DATA | B15: =B3+28
B17: REPS | C17: KG | D17: 1 | E17: 0.95 | F17: 0.9 | G17: 0.85 | H17: 0.8 | I17: 0.75 | J17: 0.7
A18: Agachamento | D18: =C18/(1.0278-(0.0278*B18)) | E18: =(D18*0.95) | F18: =(D18*0.9) | G18: =(D18*0.85) | H18: =(D18*0.8) | I18: =(D18*0.75) | J18: =(D18*0.7)
A19: Supino | D19: =C19/(1.0278-(0.0278*B19)) | E19: =(D19*0.95) | F19: =(D19*0.9) | G19: =(D19*0.85) | H19: =(D19*0.8) | I19: =(D19*0.75) | J19: =(D19*0.7)
A20: Terra | D20: =C20/(1.0278-(0.0278*B20)) | E20: =(D20*0.95) | F20: =(D20*0.9) | G20: =(D20*0.85) | H20: =(D20*0.8) | I20: =(D20*0.75) | J20: =(D20*0.7)
A21: Desenvolvimento | D21: =C21/(1.0278-(0.0278*B21)) | E21: =(D21*0.95) | F21: =(D21*0.9) | G21: =(D21*0.85) | H21: =(D21*0.8) | I21: =(D21*0.75) | J21: =(D21*0.7)
A22: Remada | D22: =C22/(1.0278-(0.0278*B22)) | E22: =(D22*0.95) | F22: =(D22*0.9) | G22: =(D22*0.85) | H22: =(D22*0.8) | I22: =(D22*0.75) | J22: =(D22*0.7)
A23: Arranco | D23: =C23/(1.0278-(0.0278*B23)) | E23: =(D23*0.95) | F23: =(D23*0.9) | G23: =(D23*0.85) | H23: =(D23*0.8) | I23: =(D23*0.75) | J23: =(D23*0.7)
A24: Arremesso | D24: =C24/(1.0278-(0.0278*B24)) | E24: =(D24*0.95) | F24: =(D24*0.9) | G24: =(D24*0.85) | H24: =(D24*0.8) | I24: =(D24*0.75) | J24: =(D24*0.7)
A26: BLOCO | B26: bloco 03
A27: DATA | B27: =B15+28
B29: REPS | C29: KG | D29: 1 | E29: 0.95 | F29: 0.9 | G29: 0.85 | H29: 0.8 | I29: 0.75 | J29: 0.7
A30: Agachamento | D30: =C30/(1.0278-(0.0278*B30)) | E30: =(D30*0.95) | F30: =(D30*0.9) | G30: =(D30*0.85) | H30: =(D30*0.8) | I30: =(D30*0.75) | J30: =(D30*0.7)
A31: Supino | D31: =C31/(1.0278-(0.0278*B31)) | E31: =(D31*0.95) | F31: =(D31*0.9) | G31: =(D31*0.85) | H31: =(D31*0.8) | I31: =(D31*0.75) | J31: =(D31*0.7)
A32: Terra | D32: =C32/(1.0278-(0.0278*B32)) | E32: =(D32*0.95) | F32: =(D32*0.9) | G32: =(D32*0.85) | H32: =(D32*0.8) | I32: =(D32*0.75) | J32: =(D32*0.7)
A33: Desenvolvimento | D33: =C33/(1.0278-(0.0278*B33)) | E33: =(D33*0.95) | F33: =(D33*0.9) | G33: =(D33*0.85) | H33: =(D33*0.8) | I33: =(D33*0.75) | J33: =(D33*0.7)
A34: Remada | D34: =C34/(1.0278-(0.0278*B34)) | E34: =(D34*0.95) | F34: =(D34*0.9) | G34: =(D34*0.85) | H34: =(D34*0.8) | I34: =(D34*0.75) | J34: =(D34*0.7)
A35: Arranco | D35: =C35/(1.0278-(0.0278*B35)) | E35: =(D35*0.95) | F35: =(D35*0.9) | G35: =(D35*0.85) | H35: =(D35*0.8) | I35: =(D35*0.75) | J35: =(D35*0.7)
A36: Arremesso | D36: =C36/(1.0278-(0.0278*B36)) | E36: =(D36*0.95) | F36: =(D36*0.9) | G36: =(D36*0.85) | H36: =(D36*0.8) | I36: =(D36*0.75) | J36: =(D36*0.7)

Sheet macro
B1: BLOCO 01 | F1: BLOCO 02 | J1: BLOCO 03
B2: S01 | C2: S02 | D2: S03 | E2: S04 | F2: S05 | G2: S06 | H2: S07 | I2: S08 | J2: S09 | K2: S10 | L2: S11 | M2: S12
A3: VTT | B3: =SUMPRODUCT('bloco 01'!C6:C15, 'bloco 01'!D6:D15, 'bloco 01'!E6:E15) + SUMPRODUCT('bloco 01'!C21:C30, 'bloco 01'!D21:D30, 'bloco 01'!E21:E30) + SUMPRODUCT('bloco 01'!C36:C45, 'bloco 01'!D36:D45, 'bloco 01'!E36:E45) | C3: =SUMPRODUCT('bloco 01'!J6:J15, 'bloco 01'!K6:K15, 'bloco 01'!L6:L15) + SUMPRODUCT('bloco 01'!J21:J30, 'bloco 01'!K21:K30, 'bloco 01'!L21:L30) + SUMPRODUCT('bloco 01'!J36:J45, 'bloco 01'!K36:K45, 'bloco 01'!L36:L45) | D3: =SUMPRODUCT('bloco 01'!Q6:Q15, 'bloco 01'!R6:R15, 'bloco 01'!S6:S15) + SUMPRODUCT('bloco 01'!Q21:Q30, 'bloco 01'!R21:R30, 'bloco 01'!S21:S30) + SUMPRODUCT('bloco 01'!Q36:Q45, 'bloco 01'!R36:R45, 'bloco 01'!S36:S45) | E3: =SUMPRODUCT('bloco 01'!X6:X15, 'bloco 01'!Y6:Y15, 'bloco 01'!Z6:Z15) + SUMPRODUCT('bloco 01'!X21:X30, 'bloco 01'!Y21:Y30, 'bloco 01'!Z21:Z30) + SUMPRODUCT('bloco 01'!X36:X45, 'bloco 01'!Y36:Y45, 'bloco 01'!Z36:Z45) | F3: =SUMPRODUCT('bloco 02'!C6:C15, 'bloco 02'!D6:D15, 'bloco 02'!E6:E15) + SUMPRODUCT('bloco 02'!C21:C30, 'bloco 02'!D21:D30, 'bloco 02'!E21:E30) + SUMPRODUCT('bloco 02'!C36:C45, 'bloco 02'!D36:D45, 'bloco 02'!E36:E45) | G3: =SUMPRODUCT('bloco 02'!J6:J15, 'bloco 02'!K6:K15, 'bloco 02'!L6:L15) + SUMPRODUCT('bloco 02'!J21:J30, 'bloco 02'!K21:K30, 'bloco 02'!L21:L30) + SUMPRODUCT('bloco 02'!J36:J45, 'bloco 02'!K36:K45, 'bloco 02'!L36:L45) | H3: =SUMPRODUCT('bloco 02'!Q6:Q15, 'bloco 02'!R6:R15, 'bloco 02'!S6:S15) + SUMPRODUCT('bloco 02'!Q21:Q30, 'bloco 02'!R21:R30, 'bloco 02'!S21:S30) + SUMPRODUCT('bloco 02'!Q36:Q45, 'bloco 02'!R36:R45, 'bloco 02'!S36:S45) | I3: =SUMPRODUCT('bloco 02'!X6:X15, 'bloco 02'!Y6:Y15, 'bloco 02'!Z6:Z15) + SUMPRODUCT('bloco 02'!X21:X30, 'bloco 02'!Y21:Y30, 'bloco 02'!Z21:Z30) + SUMPRODUCT('bloco 02'!X36:X45, 'bloco 02'!Y36:Y45, 'bloco 02'!Z36:Z45) | J3: =SUMPRODUCT('bloco 03'!C6:C15, 'bloco 03'!D6:D15, 'bloco 03'!E6:E15) + SUMPRODUCT('bloco 03'!C21:C30, 'bloco 03'!D21:D30, 'bloco 03'!E21:E30) + SUMPRODUCT('bloco 03'!C36:C45, 'bloco 03'!D36:D45, 'bloco 03'!E36:E45) | K3: =SUMPRODUCT('bloco 03'!J6:J15, 'bloco 03'!K6:K15, 'bloco 03'!L6:L15) + SUMPRODUCT('bloco 03'!J21:J30, 'bloco 03'!K21:K30, 'bloco 03'!L21:L30) + SUMPRODUCT('bloco 03'!J36:J45, 'bloco 03'!K36:K45, 'bloco 03'!L36:L45) | L3: =SUMPRODUCT('bloco 03'!Q6:Q15, 'bloco 03'!R6:R15, 'bloco 03'!S6:S15) + SUMPRODUCT('bloco 03'!Q21:Q30, 'bloco 03'!R21:R30, 'bloco 03'!S21:S30) + SUMPRODUCT('bloco 03'!Q36:Q45, 'bloco 03'!R36:R45, 'bloco 03'!S36:S45) | M3: =SUMPRODUCT('bloco 03'!X6:X15, 'bloco 03'!Y6:Y15, 'bloco 03'!Z6:Z15) + SUMPRODUCT('bloco 03'!X21:X30, 'bloco 03'!Y21:Y30, 'bloco 03'!Z21:Z30) + SUMPRODUCT('bloco 03'!X36:X45, 'bloco 03'!Y36:Y45, 'bloco 03'!Z36:Z45)
A4: VTR | B4: =SUMPRODUCT('bloco 01'!C6:C15, 'bloco 01'!D6:D15) + SUMPRODUCT('bloco 01'!C21:C30, 'bloco 01'!D21:D30) + SUMPRODUCT('bloco 01'!C36:C45, 'bloco 01'!D36:D45) | C4: =SUMPRODUCT('bloco 01'!J6:J15, 'bloco 01'!K6:K15) + SUMPRODUCT('bloco 01'!J21:J30, 'bloco 01'!K21:K30) + SUMPRODUCT('bloco 01'!J36:J45, 'bloco 01'!K36:K45) | D4: =SUMPRODUCT('bloco 01'!Q6:Q15, 'bloco 01'!R6:R15) + SUMPRODUCT('bloco 01'!Q21:Q30, 'bloco 01'!R21:R30) + SUMPRODUCT('bloco 01'!Q36:Q45, 'bloco 01'!R36:R45) | E4: =SUMPRODUCT('bloco 01'!X6:X15, 'bloco 01'!Y6:Y15) + SUMPRODUCT('bloco 01'!X21:X30, 'bloco 01'!Y21:Y30) + SUMPRODUCT('bloco 01'!X36:X45, 'bloco 01'!Y36:Y45) | F4: =SUMPRODUCT('bloco 02'!C6:C15, 'bloco 02'!D6:D15) + SUMPRODUCT('bloco 02'!C21:C30, 'bloco 02'!D21:D30) + SUMPRODUCT('bloco 02'!C36:C45, 'bloco 02'!D36:D45) | G4: =SUMPRODUCT('bloco 02'!J6:J15, 'bloco 02'!K6:K15) + SUMPRODUCT('bloco 02'!J21:J30, 'bloco 02'!K21:K30) + SUMPRODUCT('bloco 02'!J36:J45, 'bloco 02'!K36:K45) | H4: =SUMPRODUCT('bloco 02'!Q6:Q15, 'bloco 02'!R6:R15) + SUMPRODUCT('bloco 02'!Q21:Q30, 'bloco 02'!R21:R30) + SUMPRODUCT('bloco 02'!Q36:Q45, 'bloco 02'!R36:R45) | I4: =SUMPRODUCT('bloco 02'!X6:X15, 'bloco 02'!Y6:Y15) + SUMPRODUCT('bloco 02'!X21:X30, 'bloco 02'!Y21:Y30) + SUMPRODUCT('bloco 02'!X36:X45, 'bloco 02'!Y36:Y45) | J4: =SUMPRODUCT('bloco 03'!C6:C15, 'bloco 03'!D6:D15) + SUMPRODUCT('bloco 03'!C21:C30, 'bloco 03'!D21:D30) + SUMPRODUCT('bloco 03'!C36:C45, 'bloco 03'!D36:D45) | K4: =SUMPRODUCT('bloco 03'!J6:J15, 'bloco 03'!K6:K15) + SUMPRODUCT('bloco 03'!J21:J30, 'bloco 03'!K21:K30) + SUMPRODUCT('bloco 03'!J36:J45, 'bloco 03'!K36:K45) | L4: =SUMPRODUCT('bloco 03'!Q6:Q15, 'bloco 03'!R6:R15) + SUMPRODUCT('bloco 03'!Q21:Q30, 'bloco 03'!R21:R30) + SUMPRODUCT('bloco 03'!Q36:Q45, 'bloco 03'!R36:R45) | M4: =SUMPRODUCT('bloco 03'!X6:X15, 'bloco 03'!Y6:Y15) + SUMPRODUCT('bloco 03'!X21:X30, 'bloco 03'!Y21:Y30) + SUMPRODUCT('bloco 03'!X36:X45, 'bloco 03'!Y36:Y45)
A5: %1RM | B5: {=IFERROR(AVERAGEIF({'bloco 01'!F6:F15; 'bloco 01'!F21:F30; 'bloco 01'!F36:F45}, ">0"), "")} | C5: {=IFERROR(AVERAGEIF({'bloco 01'!M6:M15; 'bloco 01'!M21:M30; 'bloco 01'!M36:M45}, ">0"), "")} | D5: {=IFERROR(AVERAGEIF({'bloco 01'!T6:T15; 'bloco 01'!T21:T30; 'bloco 01'!T36:T45}, ">0"), "")} | E5: {=IFERROR(AVERAGEIF({'bloco 01'!AA6:AA15; 'bloco 01'!AA21:AA30; 'bloco 01'!AA36:AA45}, ">0"), "")} | F5: {=IFERROR(AVERAGEIF({'bloco 02'!F6:F15; 'bloco 02'!F21:F30; 'bloco 02'!F36:F45}, ">0"), "")} | G5: {=IFERROR(AVERAGEIF({'bloco 02'!M6:M15; 'bloco 02'!M21:M30; 'bloco 02'!M36:M45}, ">0"), "")} | H5: {=IFERROR(AVERAGEIF({'bloco 02'!T6:T15; 'bloco 02'!T21:T30; 'bloco 02'!T36:T45}, ">0"), "")} | I5: {=IFERROR(AVERAGEIF({'bloco 02'!AA6:AA15; 'bloco 02'!AA21:AA30; 'bloco 02'!AA36:AA45}, ">0"), "")} | J5: {=IFERROR(AVERAGEIF({'bloco 03'!F6:F15; 'bloco 03'!F21:F30; 'bloco 03'!F36:F45}, ">0"), "")} | K5: {=IFERROR(AVERAGEIF({'bloco 03'!M6:M15; 'bloco 03'!M21:M30; 'bloco 03'!M36:M45}, ">0"), "")} | L5: {=IFERROR(AVERAGEIF({'bloco 03'!T6:T15; 'bloco 03'!T21:T30; 'bloco 03'!T36:T45}, ">0"), "")} | M5: {=IFERROR(AVERAGEIF({'bloco 03'!AA6:AA15; 'bloco 03'!AA21:AA30; 'bloco 03'!AA36:AA45}, ">0"), "")}
A6: DATA | B6: 46246 | C6: =B6+7 | D6: =C6+7 | E6: =D6+7 | F6: =E6+7 | G6: =F6+7 | H6: =G6+7 | I6: =H6+7 | J6: =I6+7 | ... M6: =L6+7
A7: OBS
